txn_id,label,fraud_type,labelled_by,labelled_at_ict,confidence
TXN-2022230,legit,,analyst_B,2025-06-04 09:50:09,high
TXN-2008168,legit,,analyst_A,2025-06-04 13:28:31,high
TXN-2017550,legit,,analyst_A,2025-06-05 05:56:57,low
TXN-2024300,legit,,analyst_A,2025-06-05 20:07:00,high
TXN-2014228,legit,,analyst_B,2025-06-07 02:10:09,medium
TXN-2015530,legit,,analyst_A,2025-06-07 03:10:51,medium
TXN-2013700,legit,,analyst_B,2025-06-07 09:38:34,medium
TXN-2021321,legit,,analyst_B,2025-06-07 14:37:23,high
TXN-2020774,legit,,analyst_B,2025-06-07 18:46:43,medium
TXN-2012760,legit,,analyst_B,2025-06-07 23:06:18,medium
TXN-2008714,legit,,analyst_A,2025-06-08 01:20:23,medium
TXN-2018042,legit,,analyst_A,2025-06-08 16:45:55,low
TXN-2018625,legit,,analyst_B,2025-06-08 21:12:28,medium
TXN-2010015,legit,,analyst_A,2025-06-09 13:31:31,high
TXN-2011040,legit,,analyst_B,2025-06-09 17:28:42,low
TXN-2024417,legit,,analyst_A,2025-06-09 23:37:42,high
TXN-2007667,legit,,analyst_A,2025-06-10 00:09:47,low
TXN-2014087,legit,,analyst_B,2025-06-10 04:41:19,medium
TXN-2008829,legit,,analyst_A,2025-06-10 06:04:28,medium
TXN-2007465,legit,,analyst_A,2025-06-10 12:40:10,medium
TXN-2023075,legit,,analyst_B,2025-06-10 18:30:47,medium
TXN-2012161,legit,,analyst_B,2025-06-10 22:56:51,high
TXN-2017168,legit,,analyst_B,2025-06-10 23:00:53,medium
TXN-2002439,legit,,analyst_A,2025-06-10 23:22:37,medium
TXN-2011502,legit,,analyst_A,2025-06-11 00:53:52,low
TXN-2004690,legit,,analyst_B,2025-06-11 02:10:36,medium
TXN-2008813,legit,,analyst_B,2025-06-11 07:07:35,high
TXN-2023031,legit,,analyst_A,2025-06-11 08:56:06,medium
TXN-2006248,legit,,analyst_B,2025-06-11 13:46:48,high
TXN-2013083,legit,,analyst_A,2025-06-12 01:12:18,medium
TXN-2004019,legit,,analyst_A,2025-06-12 10:41:49,low
TXN-2012983,legit,,analyst_B,2025-06-12 14:30:38,high
TXN-2015268,legit,,analyst_A,2025-06-12 14:38:56,high
TXN-2015755,fraud,sim_swap,analyst_A,2025-06-12 23:43:48,medium
TXN-2004990,legit,,analyst_A,2025-06-13 02:24:39,high
TXN-2000295,legit,,analyst_B,2025-06-13 02:25:45,low
TXN-2010029,legit,,analyst_B,2025-06-13 02:33:06,low
TXN-2011516,legit,,analyst_B,2025-06-13 03:04:51,low
TXN-2022002,legit,,analyst_B,2025-06-13 04:04:13,low
TXN-2006850,legit,,analyst_A,2025-06-13 05:07:12,medium
TXN-2021261,legit,,analyst_B,2025-06-13 08:06:05,medium
TXN-2007226,legit,,analyst_A,2025-06-13 11:48:43,low
TXN-2001097,legit,,analyst_B,2025-06-13 20:35:41,low
TXN-2010119,legit,,analyst_A,2025-06-13 22:56:50,medium
TXN-2003512,legit,,analyst_B,2025-06-13 23:32:41,low
TXN-2004042,legit,,analyst_B,2025-06-14 00:16:23,medium
TXN-2004974,legit,,analyst_A,2025-06-14 00:18:01,low
TXN-2002554,legit,,analyst_A,2025-06-14 04:42:23,low
TXN-2000484,legit,,analyst_B,2025-06-14 04:51:39,high
TXN-2022662,legit,,analyst_B,2025-06-14 07:30:21,high
TXN-2002501,legit,,analyst_A,2025-06-14 07:46:54,medium
TXN-2010596,legit,,analyst_A,2025-06-14 08:43:00,high
TXN-2022812,legit,,analyst_A,2025-06-14 13:11:10,medium
TXN-2007360,legit,,analyst_B,2025-06-14 20:37:48,high
TXN-2009268,legit,,analyst_A,2025-06-14 23:02:57,medium
TXN-2010727,legit,,analyst_A,2025-06-14 23:56:50,medium
TXN-2005143,legit,,analyst_A,2025-06-15 03:40:44,low
TXN-2010596,legit,,analyst_B,2025-06-15 10:43:00,medium
TXN-2007080,legit,,analyst_A,2025-06-15 11:22:12,medium
TXN-2017688,legit,,analyst_B,2025-06-15 12:43:03,low
TXN-2004590,legit,,analyst_B,2025-06-15 14:18:52,high
TXN-2008536,legit,,analyst_B,2025-06-15 15:03:12,medium
TXN-2001451,legit,,analyst_B,2025-06-15 16:04:37,medium
TXN-2006527,legit,,analyst_B,2025-06-15 16:26:48,medium
TXN-2020069,legit,,analyst_A,2025-06-15 22:21:48,medium
TXN-2009417,legit,,analyst_A,2025-06-16 02:53:45,medium
TXN-2018547,legit,,analyst_B,2025-06-16 03:32:05,low
TXN-2018407,legit,,analyst_A,2025-06-16 03:45:43,medium
TXN-2005556,legit,,analyst_B,2025-06-16 07:04:57,high
TXN-2004687,legit,,analyst_A,2025-06-16 08:21:55,medium
TXN-2004283,legit,,analyst_B,2025-06-16 08:40:58,low
TXN-2007255,legit,,analyst_A,2025-06-16 09:00:00,high
TXN-2001708,legit,,analyst_A,2025-06-16 09:06:52,high
TXN-2014056,legit,,analyst_A,2025-06-17 01:27:54,medium
TXN-2022968,legit,,analyst_A,2025-06-17 14:22:10,low
TXN-2014424,legit,,analyst_B,2025-06-17 15:46:44,medium
TXN-2002566,legit,,analyst_B,2025-06-17 21:44:13,medium
TXN-2004772,legit,,analyst_A,2025-06-17 22:14:00,medium
TXN-2020197,legit,,analyst_A,2025-06-18 00:21:50,medium
TXN-2014929,legit,,analyst_B,2025-06-18 01:29:13,medium
TXN-2011490,legit,,analyst_A,2025-06-18 04:05:14,high
TXN-2006440,legit,,analyst_B,2025-06-18 05:54:54,medium
TXN-2000059,legit,,analyst_A,2025-06-18 07:20:37,high
TXN-2017070,legit,,analyst_A,2025-06-18 08:53:40,medium
TXN-2014302,legit,,analyst_B,2025-06-18 09:57:45,medium
TXN-2012826,legit,,analyst_A,2025-06-18 15:39:10,medium
TXN-2023805,legit,,analyst_B,2025-06-18 16:32:53,medium
TXN-2018477,legit,,analyst_B,2025-06-18 18:29:14,low
TXN-2023691,legit,,analyst_A,2025-06-18 19:54:30,medium
TXN-2004590,legit,,analyst_A,2025-06-18 21:18:52,medium
TXN-2013031,legit,,analyst_B,2025-06-18 22:24:51,medium
TXN-2018076,legit,,analyst_A,2025-06-19 03:57:33,low
TXN-2017180,legit,,analyst_A,2025-06-19 05:23:03,high
TXN-2010518,legit,,analyst_A,2025-06-19 10:06:46,high
TXN-2021426,legit,,analyst_B,2025-06-19 11:26:53,high
TXN-2006254,legit,,analyst_A,2025-06-19 12:38:59,high
TXN-2024517,legit,,analyst_B,2025-06-19 13:56:38,high
TXN-2002300,legit,,analyst_B,2025-06-19 16:54:13,high
TXN-2002376,legit,,analyst_A,2025-06-19 17:30:21,medium
TXN-2006089,legit,,analyst_A,2025-06-19 17:53:17,medium
TXN-2001143,legit,,analyst_A,2025-06-19 21:49:31,low
TXN-2023276,legit,,analyst_A,2025-06-19 22:21:07,low
TXN-2016294,legit,,analyst_B,2025-06-20 00:37:56,low
TXN-2003211,legit,,analyst_A,2025-06-20 00:38:06,high
TXN-2008391,legit,,analyst_A,2025-06-20 05:03:35,low
TXN-2019662,legit,,analyst_B,2025-06-20 07:23:32,high
TXN-2011974,legit,,analyst_B,2025-06-20 08:21:51,high
TXN-2004725,legit,,analyst_B,2025-06-20 10:04:41,high
TXN-2005896,legit,,analyst_A,2025-06-20 14:19:04,medium
TXN-2002313,legit,,analyst_B,2025-06-20 14:51:32,high
TXN-2007556,legit,,analyst_B,2025-06-20 18:37:02,high
TXN-2010800,legit,,analyst_B,2025-06-20 20:56:39,high
TXN-2012764,legit,,analyst_B,2025-06-20 21:06:53,low
TXN-2021137,legit,,analyst_A,2025-06-20 21:51:35,high
TXN-2022414,fraud,social_engineering,analyst_A,2025-06-20 23:13:54,low
TXN-2004321,legit,,analyst_A,2025-06-21 01:23:35,low
TXN-2009791,legit,,analyst_B,2025-06-21 01:53:42,high
TXN-2012869,legit,,analyst_A,2025-06-21 02:40:26,high
TXN-2018440,legit,,analyst_A,2025-06-21 06:01:41,high
TXN-2002129,legit,,analyst_A,2025-06-21 06:10:17,high
TXN-2021269,legit,,analyst_A,2025-06-21 09:02:33,low
TXN-2004305,legit,,analyst_A,2025-06-21 09:46:14,low
TXN-2019016,legit,,analyst_A,2025-06-21 11:42:12,medium
TXN-2011244,legit,,analyst_B,2025-06-21 12:51:16,low
TXN-2021228,legit,,analyst_B,2025-06-21 13:22:09,low
TXN-2000075,legit,,analyst_B,2025-06-21 13:26:59,medium
TXN-2014967,legit,,analyst_B,2025-06-22 00:27:20,medium
TXN-2005242,legit,,analyst_B,2025-06-22 00:55:44,high
TXN-2008243,legit,,analyst_A,2025-06-22 03:00:24,low
TXN-2003364,legit,,analyst_B,2025-06-22 03:27:43,low
TXN-2001717,legit,,analyst_B,2025-06-22 04:39:13,medium
TXN-2015103,legit,,analyst_A,2025-06-22 04:54:32,medium
TXN-2000693,legit,,analyst_A,2025-06-22 05:19:04,medium
TXN-2005352,legit,,analyst_A,2025-06-22 05:24:49,high
TXN-2016964,legit,,analyst_B,2025-06-22 06:49:38,high
TXN-2001111,legit,,analyst_B,2025-06-22 06:57:24,high
TXN-2023157,legit,,analyst_B,2025-06-22 07:29:38,high
TXN-2012324,legit,,analyst_B,2025-06-22 08:47:33,high
TXN-2022826,legit,,analyst_A,2025-06-22 12:47:18,medium
TXN-2006651,legit,,analyst_A,2025-06-22 14:37:04,low
TXN-2012471,legit,,analyst_A,2025-06-22 14:51:39,high
TXN-2024615,legit,,analyst_A,2025-06-22 15:44:44,high
TXN-2011119,legit,,analyst_A,2025-06-22 16:26:18,low
TXN-2000211,legit,,analyst_A,2025-06-22 16:46:22,high
TXN-2008698,legit,,analyst_B,2025-06-22 20:07:57,high
TXN-2024308,legit,,analyst_A,2025-06-22 22:29:17,medium
TXN-2013110,legit,,analyst_B,2025-06-23 03:22:29,high
TXN-2005493,legit,,analyst_B,2025-06-23 07:10:39,high
TXN-2023058,legit,,analyst_B,2025-06-23 09:22:49,medium
TXN-2004689,legit,,analyst_A,2025-06-23 10:57:18,medium
TXN-2024243,legit,,analyst_A,2025-06-23 15:58:56,medium
TXN-2010385,legit,,analyst_A,2025-06-23 17:32:53,high
TXN-2010950,legit,,analyst_A,2025-06-23 18:51:24,medium
TXN-2019289,legit,,analyst_A,2025-06-23 18:53:56,medium
TXN-2002150,legit,,analyst_A,2025-06-23 22:02:36,high
TXN-2015036,legit,,analyst_A,2025-06-23 22:46:16,medium
TXN-2014506,legit,,analyst_B,2025-06-23 23:27:46,low
TXN-2013426,legit,,analyst_A,2025-06-24 00:59:18,medium
TXN-2016764,legit,,analyst_B,2025-06-24 01:53:07,medium
TXN-2020159,legit,,analyst_B,2025-06-24 02:58:53,medium
TXN-2023835,legit,,analyst_B,2025-06-24 06:20:10,high
TXN-2013675,legit,,analyst_A,2025-06-24 09:17:41,high
TXN-2006942,legit,,analyst_A,2025-06-24 10:08:19,high
TXN-2020714,legit,,analyst_B,2025-06-24 12:37:34,medium
TXN-2021276,legit,,analyst_A,2025-06-24 14:02:10,low
TXN-2019351,legit,,analyst_B,2025-06-24 14:34:45,high
TXN-2018406,legit,,analyst_A,2025-06-24 16:06:10,medium
TXN-2004627,legit,,analyst_A,2025-06-24 17:47:18,low
TXN-2004436,legit,,analyst_A,2025-06-24 17:50:58,high
TXN-2023998,legit,,analyst_A,2025-06-24 17:52:35,low
TXN-2011662,legit,,analyst_A,2025-06-24 18:35:35,high
TXN-2007323,legit,,analyst_B,2025-06-24 23:04:14,medium
TXN-2024483,legit,,analyst_A,2025-06-25 01:22:48,high
TXN-2002406,legit,,analyst_B,2025-06-25 02:47:24,low
TXN-2010651,legit,,analyst_A,2025-06-25 03:26:42,medium
TXN-2004496,legit,,analyst_B,2025-06-25 06:13:13,medium
TXN-2011702,legit,,analyst_B,2025-06-25 07:38:17,medium
TXN-2009871,legit,,analyst_A,2025-06-25 08:58:37,medium
TXN-2019616,legit,,analyst_B,2025-06-25 10:09:45,high
TXN-2016438,legit,,analyst_A,2025-06-25 10:21:37,high
TXN-2024742,legit,,analyst_A,2025-06-25 10:36:00,medium
TXN-2019625,legit,,analyst_B,2025-06-25 10:57:10,low
TXN-2003766,legit,,analyst_B,2025-06-25 11:10:46,low
TXN-2010894,legit,,analyst_B,2025-06-25 11:31:33,medium
TXN-2008645,legit,,analyst_A,2025-06-25 11:55:22,low
TXN-2021528,legit,,analyst_B,2025-06-25 13:24:49,high
TXN-2016153,legit,,analyst_A,2025-06-25 14:41:16,high
TXN-2012548,legit,,analyst_A,2025-06-25 14:50:29,high
TXN-2001317,legit,,analyst_B,2025-06-25 15:53:12,medium
TXN-2021153,legit,,analyst_A,2025-06-25 16:15:28,medium
TXN-2010438,legit,,analyst_A,2025-06-25 18:44:25,low
TXN-2021766,legit,,analyst_A,2025-06-25 20:29:38,low
TXN-2016694,legit,,analyst_B,2025-06-25 21:58:05,low
TXN-2016813,legit,,analyst_A,2025-06-25 23:10:49,medium
TXN-2019419,fraud,merchant_collusion,analyst_B,2025-06-26 01:14:23,medium
TXN-2021616,legit,,analyst_A,2025-06-26 03:02:59,high
TXN-2011114,legit,,analyst_B,2025-06-26 03:15:15,high
TXN-2017321,legit,,analyst_B,2025-06-26 03:42:22,high
TXN-2015236,legit,,analyst_B,2025-06-26 05:25:22,medium
TXN-2002406,legit,,analyst_A,2025-06-26 05:47:24,high
TXN-2016988,legit,,analyst_B,2025-06-26 05:50:03,medium
TXN-2014399,legit,,analyst_A,2025-06-26 07:53:37,high
TXN-2021375,legit,,analyst_B,2025-06-26 08:27:42,high
TXN-2007400,legit,,analyst_A,2025-06-26 10:47:43,low
TXN-2018847,legit,,analyst_B,2025-06-26 12:32:08,medium
TXN-2016764,legit,,analyst_A,2025-06-26 12:53:07,high
TXN-2010048,legit,,analyst_A,2025-06-26 13:26:05,high
TXN-2007674,legit,,analyst_B,2025-06-26 14:03:28,low
TXN-2003974,legit,,analyst_A,2025-06-26 14:20:11,high
TXN-2007917,legit,,analyst_B,2025-06-26 14:57:17,medium
TXN-2017411,legit,,analyst_B,2025-06-26 17:23:10,medium
TXN-2002026,legit,,analyst_B,2025-06-26 18:49:51,high
TXN-2020727,legit,,analyst_A,2025-06-26 18:56:42,medium
TXN-2002554,legit,,analyst_B,2025-06-26 19:42:23,low
TXN-2023695,legit,,analyst_B,2025-06-26 22:45:11,high
TXN-2019354,legit,,analyst_A,2025-06-26 22:59:11,medium
TXN-2012437,legit,,analyst_B,2025-06-26 23:14:02,high
TXN-2008743,legit,,analyst_B,2025-06-27 02:29:57,low
TXN-2007288,legit,,analyst_B,2025-06-27 03:20:00,low
TXN-2017217,legit,,analyst_A,2025-06-27 03:28:10,high
TXN-2017855,legit,,analyst_B,2025-06-27 04:23:13,high
TXN-2010453,legit,,analyst_B,2025-06-27 07:46:51,high
TXN-2009806,legit,,analyst_B,2025-06-27 08:14:29,high
TXN-2005974,legit,,analyst_A,2025-06-27 14:27:14,medium
TXN-2024406,legit,,analyst_A,2025-06-27 14:40:59,medium
TXN-2011871,legit,,analyst_B,2025-06-27 15:11:49,high
TXN-2006927,legit,,analyst_A,2025-06-27 21:08:57,low
TXN-2024685,legit,,analyst_B,2025-06-27 21:42:21,low
TXN-2007186,legit,,analyst_A,2025-06-27 22:02:33,medium
TXN-2012811,legit,,analyst_B,2025-06-27 23:29:12,low
TXN-2020361,legit,,analyst_A,2025-06-28 01:25:18,high
TXN-2003889,legit,,analyst_A,2025-06-28 01:26:56,high
TXN-2009114,legit,,analyst_B,2025-06-28 02:03:30,medium
TXN-2004956,legit,,analyst_B,2025-06-28 12:57:53,high
TXN-2009508,legit,,analyst_A,2025-06-28 13:49:57,high
TXN-2017911,legit,,analyst_B,2025-06-28 22:07:44,low
TXN-2008946,legit,,analyst_B,2025-06-29 00:44:30,low
TXN-2003520,legit,,analyst_A,2025-06-29 00:58:13,high
TXN-2002313,legit,,analyst_A,2025-06-29 01:51:32,medium
TXN-2018551,legit,,analyst_B,2025-06-29 02:38:13,medium
TXN-2014303,legit,,analyst_B,2025-06-29 03:33:01,low
TXN-2010340,legit,,analyst_A,2025-06-29 04:05:46,low
TXN-2006825,legit,,analyst_B,2025-06-29 06:40:20,low
TXN-2006892,legit,,analyst_A,2025-06-29 08:34:32,low
TXN-2016357,legit,,analyst_B,2025-06-29 09:04:03,high
TXN-2022491,legit,,analyst_A,2025-06-29 11:53:02,high
TXN-2012618,legit,,analyst_B,2025-06-29 14:02:06,medium
TXN-2015151,legit,,analyst_B,2025-06-29 14:15:35,medium
TXN-2011494,legit,,analyst_B,2025-06-29 15:41:38,high
TXN-2016842,legit,,analyst_B,2025-06-29 17:08:09,medium
TXN-2004664,fraud,account_takeover,analyst_A,2025-06-29 17:31:45,low
TXN-2011807,legit,,analyst_A,2025-06-29 22:38:14,high
TXN-2021015,legit,,analyst_B,2025-06-30 00:22:15,medium
TXN-2001424,legit,,analyst_A,2025-06-30 00:49:20,low
TXN-2015538,legit,,analyst_A,2025-06-30 01:55:47,medium
TXN-2021908,legit,,analyst_A,2025-06-30 04:25:34,high
TXN-2001974,legit,,analyst_A,2025-06-30 05:21:46,low
TXN-2021834,legit,,analyst_A,2025-06-30 07:26:24,high
TXN-2020622,legit,,analyst_A,2025-06-30 08:00:55,low
TXN-2003594,legit,,analyst_B,2025-06-30 08:38:26,high
TXN-2014383,legit,,analyst_B,2025-06-30 08:44:33,high
TXN-2007786,legit,,analyst_A,2025-06-30 09:17:38,low
TXN-2020814,legit,,analyst_A,2025-06-30 09:49:26,high
TXN-2014523,legit,,analyst_B,2025-06-30 10:11:07,high
TXN-2016323,legit,,analyst_A,2025-06-30 11:06:28,low
TXN-2021976,legit,,analyst_A,2025-06-30 11:46:15,low
TXN-2012336,legit,,analyst_B,2025-06-30 11:54:10,low
TXN-2010520,legit,,analyst_A,2025-06-30 12:35:20,medium
TXN-2003716,legit,,analyst_A,2025-06-30 12:57:16,low
TXN-2013601,legit,,analyst_A,2025-06-30 15:17:42,high
TXN-2021716,legit,,analyst_A,2025-06-30 17:16:15,medium
TXN-2006285,legit,,analyst_B,2025-06-30 18:19:52,medium
TXN-2001432,legit,,analyst_A,2025-06-30 18:43:26,high
TXN-2011469,legit,,analyst_B,2025-06-30 20:37:23,medium
TXN-2016514,legit,,analyst_A,2025-06-30 21:01:45,medium
TXN-2019542,legit,,analyst_A,2025-06-30 21:42:43,medium
TXN-2023913,legit,,analyst_B,2025-07-01 00:07:56,medium
TXN-2017615,legit,,analyst_B,2025-07-01 00:19:53,medium
TXN-2007555,legit,,analyst_B,2025-07-01 01:21:17,low
TXN-2017240,legit,,analyst_A,2025-07-01 01:28:49,high
TXN-2014344,legit,,analyst_A,2025-07-01 01:33:34,high
TXN-2009681,legit,,analyst_B,2025-07-01 02:16:48,high
TXN-2006204,legit,,analyst_A,2025-07-01 03:47:53,high
TXN-2002183,legit,,analyst_A,2025-07-01 06:07:34,high
TXN-2023995,legit,,analyst_A,2025-07-01 07:02:06,high
TXN-2023758,legit,,analyst_A,2025-07-01 08:00:30,medium
TXN-2015440,legit,,analyst_B,2025-07-01 08:12:46,medium
TXN-2008198,legit,,analyst_A,2025-07-01 09:06:42,high
TXN-2018129,legit,,analyst_B,2025-07-01 10:04:58,medium
TXN-2006700,legit,,analyst_A,2025-07-01 10:09:51,low
TXN-2009008,legit,,analyst_A,2025-07-01 11:02:16,medium
TXN-2012900,legit,,analyst_A,2025-07-01 11:31:51,low
TXN-2019356,legit,,analyst_A,2025-07-01 12:10:11,medium
TXN-2018388,legit,,analyst_B,2025-07-01 12:20:23,medium
TXN-2020762,legit,,analyst_B,2025-07-01 12:23:53,medium
TXN-2007312,legit,,analyst_A,2025-07-01 16:08:53,high
TXN-2004470,legit,,analyst_A,2025-07-01 19:00:55,high
TXN-2014644,legit,,analyst_B,2025-07-01 19:07:38,high
TXN-2018903,legit,,analyst_A,2025-07-01 19:45:37,medium
TXN-2003185,legit,,analyst_A,2025-07-01 21:15:01,high
TXN-2012296,legit,,analyst_A,2025-07-01 21:59:10,low
TXN-2017448,legit,,analyst_B,2025-07-01 22:10:52,medium
TXN-2010583,legit,,analyst_A,2025-07-01 22:26:56,high
TXN-2000151,legit,,analyst_A,2025-07-01 23:17:32,medium
TXN-2006612,legit,,analyst_A,2025-07-01 23:46:19,medium
TXN-2003544,legit,,analyst_A,2025-07-02 01:24:47,medium
TXN-2018500,legit,,analyst_B,2025-07-02 06:09:11,low
TXN-2004253,legit,,analyst_B,2025-07-02 09:31:56,high
TXN-2024338,legit,,analyst_A,2025-07-02 10:46:30,medium
TXN-2005613,legit,,analyst_A,2025-07-02 12:11:40,high
TXN-2023404,legit,,analyst_A,2025-07-02 12:53:25,high
TXN-2008813,legit,,analyst_A,2025-07-02 13:07:35,medium
TXN-2019909,legit,,analyst_A,2025-07-02 13:07:42,high
TXN-2023567,legit,,analyst_A,2025-07-02 13:30:03,high
TXN-2018811,legit,,analyst_A,2025-07-02 14:51:30,low
TXN-2020876,legit,,analyst_A,2025-07-02 15:44:37,low
TXN-2011142,legit,,analyst_A,2025-07-02 16:25:38,medium
TXN-2004161,legit,,analyst_A,2025-07-02 16:41:59,medium
TXN-2011997,legit,,analyst_A,2025-07-02 16:47:04,medium
TXN-2005724,legit,,analyst_A,2025-07-02 18:42:03,high
TXN-2013659,legit,,analyst_A,2025-07-02 21:24:24,low
TXN-2013165,legit,,analyst_B,2025-07-02 22:46:03,medium
TXN-2013280,legit,,analyst_B,2025-07-02 22:54:45,high
TXN-2004672,legit,,analyst_B,2025-07-02 23:49:42,medium
TXN-2004965,legit,,analyst_B,2025-07-03 01:26:16,low
TXN-2012541,legit,,analyst_A,2025-07-03 02:42:34,high
TXN-2015613,legit,,analyst_A,2025-07-03 03:09:52,high
TXN-2022211,legit,,analyst_B,2025-07-03 03:31:28,high
TXN-2022536,legit,,analyst_B,2025-07-03 04:25:55,high
TXN-2008916,legit,,analyst_B,2025-07-03 06:59:32,medium
TXN-2011275,legit,,analyst_B,2025-07-03 07:40:42,high
TXN-2013427,legit,,analyst_B,2025-07-03 08:28:01,low
TXN-2017650,legit,,analyst_B,2025-07-03 10:34:23,medium
TXN-2016760,legit,,analyst_B,2025-07-03 11:38:52,medium
TXN-2024199,legit,,analyst_B,2025-07-03 11:57:32,high
TXN-2002040,legit,,analyst_A,2025-07-03 16:58:20,medium
TXN-2022968,legit,,analyst_B,2025-07-03 18:22:10,low
TXN-2004664,legit,,analyst_B,2025-07-03 18:31:45,high
TXN-2011681,legit,,analyst_A,2025-07-03 18:39:37,low
TXN-2001740,legit,,analyst_A,2025-07-03 19:04:50,medium
TXN-2017640,legit,,analyst_A,2025-07-03 21:24:54,high
TXN-2011895,legit,,analyst_B,2025-07-03 23:37:05,low
TXN-2016234,legit,,analyst_B,2025-07-04 00:13:33,low
TXN-2017700,legit,,analyst_B,2025-07-04 03:06:59,high
TXN-2010432,legit,,analyst_A,2025-07-04 04:00:59,high
TXN-2015463,legit,,analyst_B,2025-07-04 04:34:06,medium
TXN-2010098,legit,,analyst_A,2025-07-04 05:32:33,high
TXN-2019689,legit,,analyst_A,2025-07-04 05:35:51,low
TXN-2007540,legit,,analyst_B,2025-07-04 05:41:17,high
TXN-2000195,legit,,analyst_A,2025-07-04 08:31:17,medium
TXN-2018562,legit,,analyst_A,2025-07-04 08:38:26,high
TXN-2017016,legit,,analyst_A,2025-07-04 09:33:15,medium
TXN-2003646,legit,,analyst_B,2025-07-04 14:50:25,medium
TXN-2018874,legit,,analyst_B,2025-07-04 16:55:30,medium
TXN-2022495,legit,,analyst_B,2025-07-04 17:06:01,high
TXN-2020027,legit,,analyst_A,2025-07-04 17:47:18,low
TXN-2001614,legit,,analyst_A,2025-07-04 19:31:34,high
TXN-2003456,legit,,analyst_B,2025-07-04 20:00:27,high
TXN-2007584,legit,,analyst_B,2025-07-04 20:19:58,medium
TXN-2007795,legit,,analyst_B,2025-07-04 21:22:31,low
TXN-2006203,legit,,analyst_B,2025-07-04 21:43:22,low
TXN-2007511,legit,,analyst_B,2025-07-04 21:50:05,medium
TXN-2017617,legit,,analyst_B,2025-07-04 23:07:19,medium
TXN-2004938,legit,,analyst_A,2025-07-05 00:17:13,medium
TXN-2005649,legit,,analyst_B,2025-07-05 01:50:50,medium
TXN-2019102,legit,,analyst_B,2025-07-05 02:48:04,high
TXN-2021151,legit,,analyst_B,2025-07-05 02:57:04,high
TXN-2019672,legit,,analyst_A,2025-07-05 02:58:22,medium
TXN-2014260,legit,,analyst_A,2025-07-05 03:59:24,high
TXN-2021270,legit,,analyst_B,2025-07-05 05:46:41,medium
TXN-2006346,legit,,analyst_A,2025-07-05 06:58:00,high
TXN-2003720,legit,,analyst_B,2025-07-05 07:09:08,medium
TXN-2018933,legit,,analyst_A,2025-07-05 11:06:54,medium
TXN-2022917,legit,,analyst_B,2025-07-05 15:10:41,medium
TXN-2013315,legit,,analyst_B,2025-07-05 16:01:30,medium
TXN-2005360,legit,,analyst_B,2025-07-05 16:13:13,high
TXN-2018354,legit,,analyst_B,2025-07-05 16:44:57,medium
TXN-2004938,legit,,analyst_B,2025-07-05 17:17:13,medium
TXN-2019721,legit,,analyst_B,2025-07-05 17:40:36,medium
TXN-2018899,legit,,analyst_A,2025-07-05 17:49:30,high
TXN-2000110,legit,,analyst_A,2025-07-05 18:16:11,high
TXN-2008705,legit,,analyst_B,2025-07-05 18:56:31,low
TXN-2021189,legit,,analyst_B,2025-07-05 19:59:07,low
TXN-2015315,legit,,analyst_A,2025-07-05 20:55:11,low
TXN-2001354,legit,,analyst_A,2025-07-05 21:52:14,high
TXN-2000511,legit,,analyst_B,2025-07-06 00:03:35,low
TXN-2002940,legit,,analyst_A,2025-07-06 01:09:43,high
TXN-2024903,legit,,analyst_B,2025-07-06 01:44:39,medium
TXN-2006117,legit,,analyst_A,2025-07-06 02:20:05,low
TXN-2012093,legit,,analyst_B,2025-07-06 02:51:43,high
TXN-2022288,legit,,analyst_A,2025-07-06 02:57:06,medium
TXN-2008799,legit,,analyst_A,2025-07-06 03:07:38,low
TXN-2020222,legit,,analyst_B,2025-07-06 03:31:30,low
TXN-2020727,legit,,analyst_B,2025-07-06 03:56:42,medium
TXN-2019608,legit,,analyst_B,2025-07-06 04:32:14,medium
TXN-2000557,legit,,analyst_B,2025-07-06 04:37:02,medium
TXN-2015918,legit,,analyst_B,2025-07-06 04:39:00,high
TXN-2007883,legit,,analyst_B,2025-07-06 05:03:10,medium
TXN-2014008,legit,,analyst_B,2025-07-06 07:05:17,medium
TXN-2015131,legit,,analyst_A,2025-07-06 07:56:06,high
TXN-2024645,legit,,analyst_B,2025-07-06 08:03:42,medium
TXN-2021645,legit,,analyst_B,2025-07-06 10:16:35,high
TXN-2014950,legit,,analyst_B,2025-07-06 11:07:12,high
TXN-2018377,legit,,analyst_A,2025-07-06 12:11:02,high
TXN-2002113,legit,,analyst_B,2025-07-06 12:32:08,low
TXN-2004619,legit,,analyst_A,2025-07-06 12:52:09,low
TXN-2017448,legit,,analyst_A,2025-07-06 13:10:52,high
TXN-2002860,legit,,analyst_A,2025-07-06 13:49:34,medium
TXN-2013950,legit,,analyst_A,2025-07-06 14:40:24,medium
TXN-2000037,legit,,analyst_B,2025-07-06 16:14:31,high
TXN-2004412,legit,,analyst_A,2025-07-06 16:19:39,medium
TXN-2000854,legit,,analyst_A,2025-07-06 16:48:15,medium
TXN-2001222,legit,,analyst_A,2025-07-06 16:54:36,medium
TXN-2024408,legit,,analyst_B,2025-07-06 18:40:30,low
TXN-2018131,legit,,analyst_A,2025-07-06 19:42:18,high
TXN-2008849,legit,,analyst_B,2025-07-06 19:55:36,high
TXN-2024235,legit,,analyst_B,2025-07-06 23:14:21,medium
TXN-2007539,legit,,analyst_A,2025-07-07 00:07:12,medium
TXN-2014647,legit,,analyst_B,2025-07-07 02:06:39,high
TXN-2002165,legit,,analyst_A,2025-07-07 03:07:09,high
TXN-2009229,legit,,analyst_A,2025-07-07 05:23:29,high
TXN-2024874,legit,,analyst_A,2025-07-07 06:28:32,medium
TXN-2006136,legit,,analyst_B,2025-07-07 06:29:52,high
TXN-2001665,legit,,analyst_B,2025-07-07 07:21:09,high
TXN-2020077,legit,,analyst_A,2025-07-07 08:30:10,medium
TXN-2007719,legit,,analyst_A,2025-07-07 08:58:13,high
TXN-2024914,legit,,analyst_A,2025-07-07 10:22:50,high
TXN-2024062,legit,,analyst_B,2025-07-07 10:51:23,high
TXN-2000871,legit,,analyst_B,2025-07-07 11:21:55,high
TXN-2001763,legit,,analyst_A,2025-07-07 12:17:03,high
TXN-2004597,legit,,analyst_A,2025-07-07 12:55:20,low
TXN-2014149,legit,,analyst_B,2025-07-07 13:16:16,medium
TXN-2009778,legit,,analyst_A,2025-07-07 13:23:55,medium
TXN-2015996,legit,,analyst_B,2025-07-07 13:29:05,high
TXN-2017266,legit,,analyst_A,2025-07-07 14:09:19,medium
TXN-2000026,legit,,analyst_A,2025-07-07 16:05:23,medium
TXN-2002616,legit,,analyst_A,2025-07-07 21:06:40,medium
TXN-2016264,legit,,analyst_B,2025-07-07 22:51:53,medium
TXN-2024363,legit,,analyst_A,2025-07-07 23:06:20,high
TXN-2002507,legit,,analyst_B,2025-07-07 23:59:45,low
TXN-2002190,legit,,analyst_B,2025-07-08 01:46:44,low
TXN-2003758,legit,,analyst_B,2025-07-08 02:15:34,high
TXN-2013859,legit,,analyst_B,2025-07-08 02:33:06,high
TXN-2017978,legit,,analyst_A,2025-07-08 04:20:37,medium
TXN-2016294,legit,,analyst_A,2025-07-08 04:37:56,high
TXN-2000861,legit,,analyst_B,2025-07-08 05:05:44,medium
TXN-2005323,legit,,analyst_A,2025-07-08 06:01:43,medium
TXN-2018530,legit,,analyst_B,2025-07-08 06:01:59,high
TXN-2021761,legit,,analyst_B,2025-07-08 06:49:38,medium
TXN-2004030,legit,,analyst_A,2025-07-08 09:34:36,low
TXN-2004303,legit,,analyst_A,2025-07-08 09:57:18,high
TXN-2019562,legit,,analyst_B,2025-07-08 10:09:34,medium
TXN-2023878,legit,,analyst_A,2025-07-08 12:09:05,medium
TXN-2009790,legit,,analyst_B,2025-07-08 13:15:45,medium
TXN-2019360,legit,,analyst_A,2025-07-08 18:32:09,high
TXN-2009163,legit,,analyst_A,2025-07-08 22:33:24,low
TXN-2011935,legit,,analyst_B,2025-07-09 00:18:08,medium
TXN-2004757,legit,,analyst_B,2025-07-09 05:00:33,low
TXN-2023157,legit,,analyst_A,2025-07-09 06:29:38,medium
TXN-2011472,legit,,analyst_B,2025-07-09 06:53:37,medium
TXN-2017550,legit,,analyst_B,2025-07-09 07:56:57,medium
TXN-2016951,legit,,analyst_A,2025-07-09 08:18:25,high
TXN-2007434,legit,,analyst_B,2025-07-09 08:41:00,medium
TXN-2003080,legit,,analyst_B,2025-07-09 10:27:35,low
TXN-2018490,legit,,analyst_A,2025-07-09 10:47:59,medium
TXN-2010956,legit,,analyst_B,2025-07-09 10:57:33,medium
TXN-2010432,legit,,analyst_B,2025-07-09 11:00:59,high
TXN-2022209,legit,,analyst_B,2025-07-09 12:37:34,low
TXN-2021311,legit,,analyst_A,2025-07-09 12:55:28,medium
TXN-2022061,legit,,analyst_A,2025-07-09 12:58:35,high
TXN-2023814,legit,,analyst_B,2025-07-09 15:11:50,high
TXN-2019174,legit,,analyst_B,2025-07-09 15:54:05,medium
TXN-2014383,legit,,analyst_A,2025-07-09 16:44:33,low
TXN-2017183,legit,,analyst_B,2025-07-09 17:03:04,medium
TXN-2017812,legit,,analyst_B,2025-07-09 18:57:05,high
TXN-2002866,legit,,analyst_B,2025-07-09 19:12:41,high
TXN-2018765,legit,,analyst_A,2025-07-09 21:23:01,low
TXN-2011658,legit,,analyst_A,2025-07-09 21:42:03,low
TXN-2015918,legit,,analyst_A,2025-07-09 22:39:00,medium
TXN-2019270,legit,,analyst_A,2025-07-09 22:47:34,medium
TXN-2000141,fraud,social_engineering,analyst_A,2025-07-09 23:29:13,medium
TXN-2015765,legit,,analyst_A,2025-07-10 00:11:31,high
TXN-2024005,legit,,analyst_A,2025-07-10 03:06:49,medium
TXN-2013196,legit,,analyst_B,2025-07-10 03:21:48,high
TXN-2016107,legit,,analyst_A,2025-07-10 05:46:24,high
TXN-2018408,legit,,analyst_A,2025-07-10 06:39:58,low
TXN-2017327,legit,,analyst_A,2025-07-10 06:52:00,medium
TXN-2020677,legit,,analyst_A,2025-07-10 07:00:35,medium
TXN-2010218,legit,,analyst_B,2025-07-10 07:15:28,high
TXN-2003593,legit,,analyst_A,2025-07-10 07:18:22,high
TXN-2020219,legit,,analyst_B,2025-07-10 08:07:00,high
TXN-2008232,legit,,analyst_A,2025-07-10 08:53:30,low
TXN-2023138,legit,,analyst_B,2025-07-10 09:54:10,medium
TXN-2010623,legit,,analyst_A,2025-07-10 11:15:27,medium
TXN-2014640,legit,,analyst_B,2025-07-10 11:26:46,high
TXN-2008646,legit,,analyst_A,2025-07-10 12:57:03,high
TXN-2018028,legit,,analyst_B,2025-07-10 14:37:18,medium
TXN-2001059,legit,,analyst_B,2025-07-10 14:51:27,high
TXN-2012422,legit,,analyst_B,2025-07-10 15:33:36,low
TXN-2018013,legit,,analyst_A,2025-07-10 15:45:15,high
TXN-2017838,legit,,analyst_A,2025-07-10 15:51:24,medium
TXN-2016525,legit,,analyst_A,2025-07-10 16:07:20,high
TXN-2006346,legit,,analyst_B,2025-07-10 17:58:00,high
TXN-2001688,legit,,analyst_B,2025-07-10 18:33:24,high
TXN-2019477,legit,,analyst_B,2025-07-10 18:37:47,medium
TXN-2015036,legit,,analyst_B,2025-07-10 19:46:16,high
TXN-2003850,legit,,analyst_A,2025-07-11 02:08:08,medium
TXN-2010820,legit,,analyst_B,2025-07-11 03:40:41,medium
TXN-2009002,legit,,analyst_A,2025-07-11 05:15:11,high
TXN-2011072,legit,,analyst_B,2025-07-11 05:45:19,medium
TXN-2009059,legit,,analyst_A,2025-07-11 06:23:57,high
TXN-2022847,legit,,analyst_A,2025-07-11 06:50:07,low
TXN-2020504,legit,,analyst_B,2025-07-11 06:58:52,high
TXN-2005537,legit,,analyst_B,2025-07-11 09:48:55,high
TXN-2013024,legit,,analyst_A,2025-07-11 09:52:30,high
TXN-2010917,legit,,analyst_B,2025-07-11 10:05:20,low
TXN-2020476,legit,,analyst_A,2025-07-11 11:39:11,high
TXN-2017470,legit,,analyst_B,2025-07-11 12:13:23,high
TXN-2001337,legit,,analyst_B,2025-07-11 12:49:06,medium
TXN-2016249,legit,,analyst_A,2025-07-11 13:13:39,low
TXN-2009162,legit,,analyst_B,2025-07-11 16:28:45,high
TXN-2010559,legit,,analyst_A,2025-07-11 17:42:42,high
TXN-2021501,legit,,analyst_B,2025-07-11 18:09:03,medium
TXN-2024258,legit,,analyst_A,2025-07-11 18:47:42,high
TXN-2024052,legit,,analyst_B,2025-07-11 20:46:32,high
TXN-2016921,legit,,analyst_A,2025-07-11 20:52:37,medium
TXN-2012764,legit,,analyst_A,2025-07-11 21:06:53,high
TXN-2016424,legit,,analyst_B,2025-07-11 21:48:20,high
TXN-2018460,legit,,analyst_B,2025-07-11 22:11:22,medium
TXN-2007600,legit,,analyst_A,2025-07-12 00:34:48,medium
TXN-2017305,legit,,analyst_A,2025-07-12 00:47:15,high
TXN-2002612,legit,,analyst_A,2025-07-12 01:01:43,high
TXN-2003400,legit,,analyst_A,2025-07-12 01:43:38,medium
TXN-2010257,legit,,analyst_B,2025-07-12 02:50:58,high
TXN-2012428,legit,,analyst_A,2025-07-12 07:41:14,medium
TXN-2005872,legit,,analyst_A,2025-07-12 08:35:52,medium
TXN-2016717,legit,,analyst_A,2025-07-12 09:24:53,low
TXN-2024760,legit,,analyst_B,2025-07-12 12:08:42,high
TXN-2011066,legit,,analyst_A,2025-07-12 12:26:58,medium
TXN-2001555,legit,,analyst_B,2025-07-12 14:14:38,high
TXN-2003384,legit,,analyst_A,2025-07-12 14:23:40,medium
TXN-2011257,legit,,analyst_B,2025-07-12 15:16:00,high
TXN-2009467,legit,,analyst_B,2025-07-12 15:22:04,high
TXN-2017315,legit,,analyst_B,2025-07-12 15:27:50,low
TXN-2019238,legit,,analyst_B,2025-07-12 15:38:44,medium
TXN-2022751,legit,,analyst_A,2025-07-12 16:40:58,low
TXN-2010945,legit,,analyst_A,2025-07-12 17:45:45,high
TXN-2006470,legit,,analyst_A,2025-07-12 17:46:02,low
TXN-2004597,legit,,analyst_B,2025-07-12 17:55:20,high
TXN-2022256,legit,,analyst_B,2025-07-12 18:09:07,medium
TXN-2016361,legit,,analyst_B,2025-07-12 18:26:27,high
TXN-2016397,legit,,analyst_A,2025-07-12 19:57:58,high
TXN-2001689,legit,,analyst_B,2025-07-12 21:09:24,medium
TXN-2001672,legit,,analyst_A,2025-07-12 21:12:33,medium
TXN-2023465,legit,,analyst_B,2025-07-12 22:47:54,high
TXN-2000354,legit,,analyst_A,2025-07-12 23:43:37,high
TXN-2002830,legit,,analyst_B,2025-07-12 23:43:43,medium
TXN-2010610,legit,,analyst_B,2025-07-12 23:47:33,medium
TXN-2006686,legit,,analyst_B,2025-07-13 00:50:50,medium
TXN-2024572,legit,,analyst_A,2025-07-13 01:04:16,low
TXN-2012640,legit,,analyst_A,2025-07-13 01:49:29,medium
TXN-2016964,legit,,analyst_A,2025-07-13 01:49:38,low
TXN-2006654,legit,,analyst_A,2025-07-13 03:59:04,medium
TXN-2018895,legit,,analyst_B,2025-07-13 05:25:50,high
TXN-2000449,legit,,analyst_B,2025-07-13 05:29:06,medium
TXN-2017327,legit,,analyst_B,2025-07-13 07:52:00,high
TXN-2019239,legit,,analyst_A,2025-07-13 08:54:13,medium
TXN-2015829,legit,,analyst_A,2025-07-13 09:22:40,high
TXN-2008726,legit,,analyst_A,2025-07-13 09:31:27,high
TXN-2015948,legit,,analyst_B,2025-07-13 12:29:30,high
TXN-2004253,legit,,analyst_A,2025-07-13 12:31:56,medium
TXN-2020635,legit,,analyst_A,2025-07-13 13:21:38,high
TXN-2012051,legit,,analyst_A,2025-07-13 15:40:46,high
TXN-2012920,legit,,analyst_B,2025-07-13 16:56:56,high
TXN-2007331,legit,,analyst_A,2025-07-13 20:07:49,medium
TXN-2021813,legit,,analyst_B,2025-07-13 22:15:08,medium
TXN-2010772,legit,,analyst_B,2025-07-13 23:41:30,medium
TXN-2015158,legit,,analyst_B,2025-07-14 00:05:17,medium
TXN-2002031,legit,,analyst_A,2025-07-14 03:01:49,high
TXN-2011364,legit,,analyst_A,2025-07-14 04:16:39,high
TXN-2000187,legit,,analyst_A,2025-07-14 04:43:17,medium
TXN-2000147,legit,,analyst_A,2025-07-14 06:11:53,medium
TXN-2000111,legit,,analyst_A,2025-07-14 06:31:43,medium
TXN-2013950,legit,,analyst_B,2025-07-14 06:40:24,high
TXN-2001236,legit,,analyst_A,2025-07-14 07:37:22,high
TXN-2013419,legit,,analyst_A,2025-07-14 09:08:09,high
TXN-2007741,legit,,analyst_B,2025-07-14 09:49:02,medium
TXN-2018090,legit,,analyst_B,2025-07-14 10:32:43,high
TXN-2010642,legit,,analyst_B,2025-07-14 11:48:44,low
TXN-2008313,legit,,analyst_A,2025-07-14 12:19:28,medium
TXN-2004576,legit,,analyst_A,2025-07-14 13:30:32,high
TXN-2011794,legit,,analyst_A,2025-07-14 14:47:31,medium
TXN-2024478,legit,,analyst_A,2025-07-14 15:44:40,low
TXN-2011859,legit,,analyst_A,2025-07-14 16:07:36,high
TXN-2018972,legit,,analyst_A,2025-07-14 16:15:01,medium
TXN-2013345,legit,,analyst_B,2025-07-14 16:53:20,low
TXN-2015667,legit,,analyst_A,2025-07-14 17:52:31,high
TXN-2014327,legit,,analyst_A,2025-07-14 19:59:35,low
TXN-2023028,legit,,analyst_A,2025-07-14 20:02:47,medium
TXN-2001660,legit,,analyst_A,2025-07-14 21:18:08,high
TXN-2014823,legit,,analyst_B,2025-07-14 22:52:54,high
TXN-2003194,legit,,analyst_A,2025-07-14 23:01:13,medium
TXN-2005028,legit,,analyst_A,2025-07-14 23:25:00,medium
TXN-2018995,legit,,analyst_B,2025-07-14 23:58:09,medium
TXN-2014100,legit,,analyst_A,2025-07-15 01:15:52,high
TXN-2021886,legit,,analyst_A,2025-07-15 04:48:52,high
TXN-2013206,legit,,analyst_B,2025-07-15 07:20:51,medium
TXN-2019597,legit,,analyst_A,2025-07-15 07:44:44,low
TXN-2003240,legit,,analyst_A,2025-07-15 09:26:12,medium
TXN-2013970,legit,,analyst_B,2025-07-15 09:54:31,low
TXN-2011526,legit,,analyst_A,2025-07-15 10:05:07,medium
TXN-2016725,legit,,analyst_B,2025-07-15 10:09:45,high
TXN-2009847,legit,,analyst_B,2025-07-15 10:28:59,medium
TXN-2023782,legit,,analyst_A,2025-07-15 10:38:25,low
TXN-2009018,legit,,analyst_A,2025-07-15 11:21:35,medium
TXN-2022102,legit,,analyst_B,2025-07-15 11:24:13,medium
TXN-2024051,legit,,analyst_A,2025-07-15 11:41:55,low
TXN-2000075,legit,,analyst_A,2025-07-15 13:26:59,medium
TXN-2003359,legit,,analyst_A,2025-07-15 13:50:27,low
TXN-2008849,legit,,analyst_A,2025-07-15 13:55:36,high
TXN-2004439,legit,,analyst_B,2025-07-15 14:08:58,high
TXN-2021096,legit,,analyst_A,2025-07-15 14:09:04,high
TXN-2008399,legit,,analyst_A,2025-07-15 14:28:24,medium
TXN-2010174,legit,,analyst_B,2025-07-15 15:21:44,high
TXN-2015195,legit,,analyst_B,2025-07-15 18:34:13,medium
TXN-2019126,legit,,analyst_A,2025-07-15 19:58:46,medium
TXN-2016608,legit,,analyst_B,2025-07-15 20:51:45,high
TXN-2024872,legit,,analyst_B,2025-07-15 21:32:03,high
TXN-2005794,legit,,analyst_B,2025-07-15 22:54:58,high
TXN-2018770,legit,,analyst_A,2025-07-16 00:09:27,medium
TXN-2002631,legit,,analyst_B,2025-07-16 00:59:19,medium
TXN-2014835,legit,,analyst_B,2025-07-16 00:59:33,medium
TXN-2007840,legit,,analyst_B,2025-07-16 01:27:05,high
TXN-2017257,legit,,analyst_B,2025-07-16 01:36:45,medium
TXN-2018323,legit,,analyst_A,2025-07-16 04:14:42,medium
TXN-2010172,legit,,analyst_A,2025-07-16 04:43:13,low
TXN-2020676,legit,,analyst_A,2025-07-16 06:26:27,medium
TXN-2007916,legit,,analyst_A,2025-07-16 06:38:35,low
TXN-2013755,legit,,analyst_B,2025-07-16 07:00:02,low
TXN-2022628,legit,,analyst_B,2025-07-16 07:35:09,high
TXN-2001268,legit,,analyst_B,2025-07-16 08:38:06,medium
TXN-2001872,legit,,analyst_B,2025-07-16 09:22:55,high
TXN-2006547,legit,,analyst_B,2025-07-16 09:26:00,high
TXN-2004725,legit,,analyst_A,2025-07-16 11:04:41,medium
TXN-2022347,legit,,analyst_A,2025-07-16 12:36:26,medium
TXN-2005922,legit,,analyst_A,2025-07-16 13:10:20,medium
TXN-2005287,legit,,analyst_A,2025-07-16 14:28:08,high
TXN-2019776,legit,,analyst_A,2025-07-16 14:29:23,medium
TXN-2017709,legit,,analyst_A,2025-07-16 15:38:43,medium
TXN-2015366,legit,,analyst_A,2025-07-16 16:30:34,low
TXN-2021055,legit,,analyst_A,2025-07-16 16:44:05,medium
TXN-2016827,legit,,analyst_A,2025-07-16 17:07:45,high
TXN-2004613,legit,,analyst_B,2025-07-16 17:16:13,medium
TXN-2020155,legit,,analyst_B,2025-07-16 17:17:34,low
TXN-2000121,legit,,analyst_A,2025-07-16 17:17:42,high
TXN-2019757,legit,,analyst_A,2025-07-16 17:39:11,medium
TXN-2017857,legit,,analyst_A,2025-07-16 17:56:45,high
TXN-2020321,legit,,analyst_A,2025-07-16 18:46:47,low
TXN-2018836,legit,,analyst_B,2025-07-16 19:15:25,low
TXN-2023146,legit,,analyst_A,2025-07-16 19:24:52,medium
TXN-2021065,legit,,analyst_B,2025-07-16 19:51:38,medium
TXN-2024609,legit,,analyst_B,2025-07-16 21:07:51,medium
TXN-2019514,legit,,analyst_A,2025-07-16 22:58:54,high
TXN-2017537,legit,,analyst_A,2025-07-17 04:03:55,high
TXN-2002867,legit,,analyst_A,2025-07-17 04:08:26,medium
TXN-2019356,legit,,analyst_B,2025-07-17 04:10:11,medium
TXN-2002865,legit,,analyst_B,2025-07-17 04:39:05,high
TXN-2010763,legit,,analyst_A,2025-07-17 05:43:34,high
TXN-2006052,legit,,analyst_B,2025-07-17 05:57:36,medium
TXN-2004467,legit,,analyst_B,2025-07-17 07:14:28,high
TXN-2001337,legit,,analyst_A,2025-07-17 07:49:06,high
TXN-2021139,legit,,analyst_A,2025-07-17 08:35:59,high
TXN-2016423,legit,,analyst_A,2025-07-17 09:10:42,high
TXN-2012562,legit,,analyst_A,2025-07-17 10:25:31,medium
TXN-2021884,legit,,analyst_B,2025-07-17 12:37:43,high
TXN-2014197,legit,,analyst_B,2025-07-17 12:44:31,high
TXN-2015188,legit,,analyst_A,2025-07-17 13:52:33,medium
TXN-2010594,legit,,analyst_B,2025-07-17 14:07:29,high
TXN-2000273,legit,,analyst_A,2025-07-17 14:10:04,low
TXN-2020148,legit,,analyst_B,2025-07-17 17:50:24,low
TXN-2016894,legit,,analyst_B,2025-07-17 17:58:13,low
TXN-2009400,legit,,analyst_A,2025-07-17 18:43:59,high
TXN-2021220,legit,,analyst_A,2025-07-17 19:00:46,low
TXN-2006920,legit,,analyst_B,2025-07-17 20:41:41,high
TXN-2006188,legit,,analyst_A,2025-07-17 20:44:29,medium
TXN-2012897,legit,,analyst_B,2025-07-17 22:06:46,high
TXN-2004710,legit,,analyst_B,2025-07-17 22:30:53,medium
TXN-2015024,legit,,analyst_A,2025-07-17 23:02:05,high
TXN-2009663,legit,,analyst_B,2025-07-17 23:04:37,medium
TXN-2014847,legit,,analyst_A,2025-07-17 23:39:28,medium
TXN-2015421,legit,,analyst_A,2025-07-18 00:12:39,medium
TXN-2011057,legit,,analyst_A,2025-07-18 02:07:31,medium
TXN-2002731,legit,,analyst_B,2025-07-18 03:52:01,high
TXN-2015185,legit,,analyst_B,2025-07-18 04:15:35,medium
TXN-2015528,legit,,analyst_A,2025-07-18 04:25:42,high
TXN-2013751,legit,,analyst_A,2025-07-18 04:58:13,high
TXN-2011674,legit,,analyst_B,2025-07-18 05:02:20,medium
TXN-2010772,legit,,analyst_A,2025-07-18 05:41:30,low
TXN-2000405,legit,,analyst_B,2025-07-18 05:44:08,high
TXN-2000519,legit,,analyst_A,2025-07-18 06:53:21,low
TXN-2000090,legit,,analyst_A,2025-07-18 08:35:26,medium
TXN-2007660,legit,,analyst_B,2025-07-18 09:40:16,medium
TXN-2016185,legit,,analyst_B,2025-07-18 10:49:01,medium
TXN-2003935,legit,,analyst_A,2025-07-18 11:25:55,low
TXN-2020080,legit,,analyst_A,2025-07-18 13:16:41,high
TXN-2017205,legit,,analyst_A,2025-07-18 13:34:17,medium
TXN-2016903,legit,,analyst_A,2025-07-18 13:48:34,low
TXN-2013659,legit,,analyst_B,2025-07-18 16:24:24,high
TXN-2004657,legit,,analyst_A,2025-07-18 16:55:51,medium
TXN-2024443,legit,,analyst_B,2025-07-18 16:57:05,medium
TXN-2009718,legit,,analyst_B,2025-07-18 19:44:54,medium
TXN-2015818,legit,,analyst_A,2025-07-18 20:11:37,high
TXN-2017568,legit,,analyst_A,2025-07-18 21:34:43,high
TXN-2009019,legit,,analyst_B,2025-07-18 22:08:28,low
TXN-2013567,legit,,analyst_A,2025-07-18 23:01:35,high
TXN-2012861,legit,,analyst_A,2025-07-18 23:19:25,medium
TXN-2017407,legit,,analyst_B,2025-07-19 00:34:38,low
TXN-2001071,legit,,analyst_A,2025-07-19 01:38:18,medium
TXN-2011363,legit,,analyst_B,2025-07-19 03:08:29,high
TXN-2006952,legit,,analyst_B,2025-07-19 04:15:43,medium
TXN-2007484,legit,,analyst_B,2025-07-19 04:37:30,high
TXN-2006155,legit,,analyst_B,2025-07-19 05:32:16,medium
TXN-2022506,legit,,analyst_A,2025-07-19 07:20:40,high
TXN-2005353,legit,,analyst_B,2025-07-19 10:00:11,high
TXN-2001229,legit,,analyst_B,2025-07-19 10:13:25,high
TXN-2004097,legit,,analyst_A,2025-07-19 10:25:30,medium
TXN-2018145,legit,,analyst_B,2025-07-19 10:28:18,medium
TXN-2011249,legit,,analyst_B,2025-07-19 10:40:14,medium
TXN-2010441,legit,,analyst_A,2025-07-19 10:58:45,high
TXN-2021069,legit,,analyst_A,2025-07-19 11:06:13,high
TXN-2010018,legit,,analyst_B,2025-07-19 11:07:53,high
TXN-2022746,legit,,analyst_A,2025-07-19 11:30:21,medium
TXN-2013412,legit,,analyst_A,2025-07-19 11:59:01,medium
TXN-2023284,legit,,analyst_B,2025-07-19 11:59:23,low
TXN-2017783,legit,,analyst_A,2025-07-19 12:03:43,medium
TXN-2001027,legit,,analyst_A,2025-07-19 13:57:55,high
TXN-2013173,legit,,analyst_B,2025-07-19 15:27:01,medium
TXN-2009162,legit,,analyst_A,2025-07-19 16:28:45,high
TXN-2001483,legit,,analyst_A,2025-07-19 17:42:27,medium
TXN-2011599,legit,,analyst_A,2025-07-19 18:37:15,medium
TXN-2020733,legit,,analyst_A,2025-07-19 18:49:31,medium
TXN-2014175,legit,,analyst_A,2025-07-19 18:53:39,medium
TXN-2003851,legit,,analyst_B,2025-07-19 20:22:13,high
TXN-2014410,legit,,analyst_B,2025-07-19 20:36:09,medium
TXN-2001604,legit,,analyst_B,2025-07-19 23:30:44,low
TXN-2006395,legit,,analyst_B,2025-07-20 03:20:55,high
TXN-2021494,legit,,analyst_B,2025-07-20 04:25:29,high
TXN-2022903,legit,,analyst_A,2025-07-20 06:01:22,high
TXN-2002774,legit,,analyst_A,2025-07-20 10:38:50,medium
TXN-2018415,legit,,analyst_A,2025-07-20 10:54:33,high
TXN-2002602,legit,,analyst_A,2025-07-20 12:10:33,medium
TXN-2014005,legit,,analyst_A,2025-07-20 13:03:10,high
TXN-2013323,legit,,analyst_A,2025-07-20 13:07:59,medium
TXN-2021003,legit,,analyst_A,2025-07-20 14:17:04,low
TXN-2013846,legit,,analyst_B,2025-07-20 14:17:18,medium
TXN-2016034,legit,,analyst_B,2025-07-20 14:42:42,high
TXN-2020396,legit,,analyst_A,2025-07-20 16:30:28,medium
TXN-2010134,legit,,analyst_A,2025-07-20 16:57:22,high
TXN-2006428,legit,,analyst_A,2025-07-20 21:29:50,high
TXN-2001761,legit,,analyst_B,2025-07-20 21:37:23,medium
TXN-2002767,legit,,analyst_A,2025-07-20 22:02:50,high
TXN-2022475,legit,,analyst_B,2025-07-20 22:14:59,low
TXN-2016533,legit,,analyst_B,2025-07-21 00:18:27,medium
TXN-2000907,legit,,analyst_A,2025-07-21 00:41:36,medium
TXN-2015913,legit,,analyst_B,2025-07-21 01:34:29,high
TXN-2005460,legit,,analyst_B,2025-07-21 01:44:31,medium
TXN-2007559,legit,,analyst_A,2025-07-21 02:34:24,high
TXN-2016361,legit,,analyst_A,2025-07-21 03:26:27,high
TXN-2003186,legit,,analyst_B,2025-07-21 03:38:26,high
TXN-2003276,legit,,analyst_A,2025-07-21 04:51:06,medium
TXN-2008015,legit,,analyst_B,2025-07-21 04:55:15,medium
TXN-2015357,legit,,analyst_B,2025-07-21 05:25:18,medium
TXN-2019638,legit,,analyst_B,2025-07-21 05:44:39,medium
TXN-2009702,legit,,analyst_B,2025-07-21 06:10:45,medium
TXN-2009507,legit,,analyst_A,2025-07-21 07:10:39,high
TXN-2003075,legit,,analyst_A,2025-07-21 07:36:30,high
TXN-2011454,legit,,analyst_B,2025-07-21 09:00:22,medium
TXN-2004722,legit,,analyst_A,2025-07-21 09:12:05,low
TXN-2018430,legit,,analyst_B,2025-07-21 09:42:45,high
TXN-2016453,legit,,analyst_A,2025-07-21 11:37:50,medium
TXN-2014380,legit,,analyst_B,2025-07-21 12:40:03,high
TXN-2008324,legit,,analyst_B,2025-07-21 13:41:06,high
TXN-2005917,legit,,analyst_B,2025-07-21 14:10:07,low
TXN-2014482,legit,,analyst_A,2025-07-21 16:21:25,medium
TXN-2006233,legit,,analyst_B,2025-07-21 18:27:45,medium
TXN-2003067,legit,,analyst_A,2025-07-21 18:39:06,high
TXN-2023690,legit,,analyst_B,2025-07-21 20:25:45,high
TXN-2002138,legit,,analyst_A,2025-07-21 20:56:54,low
TXN-2006845,legit,,analyst_A,2025-07-22 01:17:45,medium
TXN-2000253,legit,,analyst_A,2025-07-22 01:30:50,high
TXN-2009926,legit,,analyst_B,2025-07-22 02:45:20,medium
TXN-2002672,legit,,analyst_B,2025-07-22 04:07:31,medium
TXN-2015050,legit,,analyst_B,2025-07-22 04:21:58,low
TXN-2000791,legit,,analyst_B,2025-07-22 04:44:21,high
TXN-2024032,legit,,analyst_A,2025-07-22 08:17:45,high
TXN-2014743,legit,,analyst_A,2025-07-22 08:19:02,low
TXN-2000862,legit,,analyst_B,2025-07-22 10:51:40,high
TXN-2014290,legit,,analyst_A,2025-07-22 12:00:45,medium
TXN-2022704,legit,,analyst_B,2025-07-22 13:52:25,high
TXN-2004613,legit,,analyst_A,2025-07-22 15:16:13,high
TXN-2013056,legit,,analyst_A,2025-07-22 15:34:54,medium
TXN-2008482,legit,,analyst_A,2025-07-22 17:23:11,medium
TXN-2019876,legit,,analyst_B,2025-07-22 19:03:41,high
TXN-2016922,legit,,analyst_B,2025-07-22 19:08:53,high
TXN-2012785,legit,,analyst_B,2025-07-22 19:49:03,medium
TXN-2016979,legit,,analyst_B,2025-07-22 20:15:37,low
TXN-2016730,legit,,analyst_B,2025-07-22 20:56:57,low
TXN-2018629,legit,,analyst_A,2025-07-22 22:17:34,medium
TXN-2005125,legit,,analyst_B,2025-07-22 22:33:08,high
TXN-2013652,legit,,analyst_B,2025-07-22 22:55:34,medium
TXN-2018063,legit,,analyst_A,2025-07-23 01:47:54,high
TXN-2016731,legit,,analyst_A,2025-07-23 06:53:08,high
TXN-2011172,legit,,analyst_B,2025-07-23 07:12:07,medium
TXN-2005712,legit,,analyst_B,2025-07-23 07:12:07,medium
TXN-2021374,legit,,analyst_B,2025-07-23 08:38:51,medium
TXN-2012521,legit,,analyst_A,2025-07-23 09:07:36,high
TXN-2009355,legit,,analyst_A,2025-07-23 09:25:58,medium
TXN-2019923,legit,,analyst_B,2025-07-23 09:42:22,medium
TXN-2001109,legit,,analyst_A,2025-07-23 11:55:55,medium
TXN-2021108,legit,,analyst_B,2025-07-23 12:06:08,high
TXN-2018618,legit,,analyst_B,2025-07-23 12:47:13,medium
TXN-2020685,legit,,analyst_A,2025-07-23 13:49:50,medium
TXN-2012106,legit,,analyst_A,2025-07-23 14:14:01,medium
TXN-2005977,legit,,analyst_A,2025-07-23 15:26:00,high
TXN-2003833,legit,,analyst_A,2025-07-23 16:03:53,medium
TXN-2019544,legit,,analyst_A,2025-07-23 16:50:04,high
TXN-2005359,legit,,analyst_A,2025-07-23 16:52:04,high
TXN-2020125,legit,,analyst_A,2025-07-23 16:55:01,low
TXN-2011758,legit,,analyst_B,2025-07-23 17:25:13,medium
TXN-2007034,legit,,analyst_B,2025-07-23 17:40:04,medium
TXN-2006701,legit,,analyst_B,2025-07-23 17:44:17,medium
TXN-2012668,legit,,analyst_B,2025-07-23 18:26:45,medium
TXN-2006166,legit,,analyst_A,2025-07-23 18:35:57,high
TXN-2004692,legit,,analyst_B,2025-07-23 21:08:32,high
TXN-2023265,legit,,analyst_A,2025-07-23 22:23:26,low
TXN-2020088,legit,,analyst_B,2025-07-23 23:18:43,high
TXN-2006543,legit,,analyst_A,2025-07-24 00:13:14,medium
TXN-2022526,legit,,analyst_B,2025-07-24 00:14:00,high
TXN-2009272,legit,,analyst_A,2025-07-24 01:02:40,high
TXN-2008535,legit,,analyst_B,2025-07-24 01:59:12,high
TXN-2016841,legit,,analyst_B,2025-07-24 02:14:28,medium
TXN-2017682,legit,,analyst_A,2025-07-24 05:23:32,low
TXN-2004417,legit,,analyst_B,2025-07-24 05:45:57,medium
TXN-2009698,legit,,analyst_B,2025-07-24 06:54:12,low
TXN-2021730,legit,,analyst_A,2025-07-24 07:39:24,medium
TXN-2019088,legit,,analyst_A,2025-07-24 08:54:11,high
TXN-2016286,legit,,analyst_B,2025-07-24 11:02:50,low
TXN-2008421,legit,,analyst_B,2025-07-24 11:54:33,high
TXN-2013268,legit,,analyst_A,2025-07-24 12:32:13,medium
TXN-2004390,legit,,analyst_B,2025-07-24 14:13:24,high
TXN-2017067,legit,,analyst_B,2025-07-24 14:49:19,high
TXN-2011465,legit,,analyst_B,2025-07-24 15:41:44,low
TXN-2008601,legit,,analyst_A,2025-07-24 15:52:08,high
TXN-2014986,legit,,analyst_B,2025-07-24 16:18:38,high
TXN-2000018,legit,,analyst_B,2025-07-24 16:24:57,high
TXN-2023549,legit,,analyst_B,2025-07-24 16:25:06,high
TXN-2011444,legit,,analyst_A,2025-07-24 16:49:54,low
TXN-2008454,legit,,analyst_B,2025-07-24 17:14:12,medium
TXN-2001322,legit,,analyst_B,2025-07-24 17:20:42,medium
TXN-2014343,legit,,analyst_B,2025-07-24 17:34:22,low
TXN-2018962,legit,,analyst_A,2025-07-24 17:34:54,high
TXN-2018469,legit,,analyst_A,2025-07-24 17:40:39,medium
TXN-2020791,legit,,analyst_B,2025-07-24 18:31:40,high
TXN-2018809,legit,,analyst_B,2025-07-24 19:17:18,medium
TXN-2013942,legit,,analyst_A,2025-07-24 19:47:40,medium
TXN-2023465,legit,,analyst_A,2025-07-24 21:47:54,high
TXN-2004196,legit,,analyst_A,2025-07-24 22:15:31,low
TXN-2018447,legit,,analyst_A,2025-07-24 23:56:01,medium
TXN-2002729,legit,,analyst_B,2025-07-25 01:09:21,high
TXN-2023230,legit,,analyst_A,2025-07-25 01:47:41,high
TXN-2012815,legit,,analyst_A,2025-07-25 02:38:17,low
TXN-2015324,legit,,analyst_A,2025-07-25 03:06:37,medium
TXN-2022551,legit,,analyst_A,2025-07-25 03:34:14,high
TXN-2015654,legit,,analyst_A,2025-07-25 05:51:27,high
TXN-2007517,legit,,analyst_A,2025-07-25 06:38:42,high
TXN-2000008,legit,,analyst_B,2025-07-25 07:02:13,medium
TXN-2015183,legit,,analyst_A,2025-07-25 07:02:56,high
TXN-2023776,legit,,analyst_A,2025-07-25 08:07:05,medium
TXN-2001599,legit,,analyst_A,2025-07-25 08:21:28,medium
TXN-2009798,legit,,analyst_B,2025-07-25 08:29:12,medium
TXN-2012500,legit,,analyst_A,2025-07-25 09:35:07,medium
TXN-2024482,legit,,analyst_A,2025-07-25 09:43:11,medium
TXN-2020918,legit,,analyst_A,2025-07-25 10:15:25,medium
TXN-2013820,legit,,analyst_B,2025-07-25 11:09:13,medium
TXN-2023708,legit,,analyst_B,2025-07-25 11:10:41,low
TXN-2007482,legit,,analyst_A,2025-07-25 11:34:17,low
TXN-2007832,legit,,analyst_A,2025-07-25 12:37:50,high
TXN-2019600,legit,,analyst_A,2025-07-25 14:02:16,high
TXN-2010362,legit,,analyst_A,2025-07-25 14:14:44,medium
TXN-2001320,legit,,analyst_B,2025-07-25 15:03:01,medium
TXN-2006351,legit,,analyst_B,2025-07-25 18:55:29,medium
TXN-2006185,legit,,analyst_A,2025-07-25 20:55:37,medium
TXN-2006896,legit,,analyst_B,2025-07-25 21:16:37,low
TXN-2014782,legit,,analyst_A,2025-07-25 21:37:28,low
TXN-2020444,legit,,analyst_B,2025-07-25 23:05:58,high
TXN-2004789,legit,,analyst_B,2025-07-26 02:31:49,high
TXN-2019904,legit,,analyst_B,2025-07-26 03:02:09,medium
TXN-2024425,legit,,analyst_A,2025-07-26 04:40:29,high
TXN-2021498,legit,,analyst_A,2025-07-26 05:47:52,high
TXN-2019689,fraud,account_takeover,analyst_B,2025-07-26 06:35:51,high
TXN-2021365,legit,,analyst_A,2025-07-26 07:24:34,medium
TXN-2011768,legit,,analyst_A,2025-07-26 07:40:12,medium
TXN-2019836,legit,,analyst_A,2025-07-26 08:26:21,medium
TXN-2019203,legit,,analyst_A,2025-07-26 08:34:53,medium
TXN-2010841,legit,,analyst_B,2025-07-26 08:37:53,high
TXN-2024664,legit,,analyst_B,2025-07-26 08:49:58,high
TXN-2001824,legit,,analyst_A,2025-07-26 09:08:01,medium
TXN-2005717,legit,,analyst_A,2025-07-26 10:00:06,low
TXN-2016668,legit,,analyst_A,2025-07-26 14:49:24,medium
TXN-2013576,legit,,analyst_B,2025-07-26 15:33:55,low
TXN-2024425,legit,,analyst_B,2025-07-26 16:40:29,low
TXN-2009146,legit,,analyst_B,2025-07-26 16:54:36,high
TXN-2013890,legit,,analyst_B,2025-07-26 17:41:07,medium
TXN-2023476,legit,,analyst_B,2025-07-26 18:10:45,medium
TXN-2023414,legit,,analyst_A,2025-07-26 18:24:05,high
TXN-2012113,legit,,analyst_B,2025-07-26 18:46:36,high
TXN-2008666,legit,,analyst_A,2025-07-26 19:09:39,low
TXN-2012902,legit,,analyst_A,2025-07-26 19:16:29,low
TXN-2012697,legit,,analyst_A,2025-07-26 19:54:55,medium
TXN-2024853,legit,,analyst_B,2025-07-26 20:05:56,low
TXN-2023705,legit,,analyst_A,2025-07-26 23:55:12,low
TXN-2009363,legit,,analyst_A,2025-07-27 00:33:13,high
TXN-2024962,legit,,analyst_A,2025-07-27 02:06:24,medium
TXN-2008869,legit,,analyst_A,2025-07-27 02:19:44,medium
TXN-2009165,legit,,analyst_A,2025-07-27 03:21:39,low
TXN-2003395,legit,,analyst_A,2025-07-27 03:52:40,medium
TXN-2016211,legit,,analyst_A,2025-07-27 03:52:59,high
TXN-2022461,legit,,analyst_B,2025-07-27 04:18:20,medium
TXN-2010681,legit,,analyst_A,2025-07-27 04:32:55,medium
TXN-2000665,legit,,analyst_B,2025-07-27 05:23:44,medium
TXN-2014411,legit,,analyst_B,2025-07-27 05:37:01,low
TXN-2008561,legit,,analyst_A,2025-07-27 08:22:31,low
TXN-2011357,legit,,analyst_A,2025-07-27 08:51:01,high
TXN-2001832,legit,,analyst_A,2025-07-27 09:07:25,high
TXN-2020646,legit,,analyst_A,2025-07-27 09:08:08,medium
TXN-2010771,legit,,analyst_A,2025-07-27 10:08:03,medium
TXN-2023363,legit,,analyst_B,2025-07-27 10:52:30,high
TXN-2003948,legit,,analyst_A,2025-07-27 13:05:06,medium
TXN-2006009,legit,,analyst_B,2025-07-27 13:24:06,low
TXN-2011699,legit,,analyst_B,2025-07-27 14:13:51,high
TXN-2004155,legit,,analyst_A,2025-07-27 14:54:51,high
TXN-2022595,legit,,analyst_B,2025-07-27 16:48:03,high
TXN-2024938,legit,,analyst_A,2025-07-27 16:57:59,low
TXN-2005135,legit,,analyst_A,2025-07-27 18:23:23,low
TXN-2014224,legit,,analyst_B,2025-07-27 19:00:12,medium
TXN-2007756,legit,,analyst_A,2025-07-27 19:51:33,high
TXN-2012894,legit,,analyst_B,2025-07-27 19:57:39,medium
TXN-2021745,legit,,analyst_A,2025-07-27 22:14:08,high
TXN-2014558,legit,,analyst_A,2025-07-28 00:24:22,high
TXN-2024837,legit,,analyst_A,2025-07-28 02:46:56,medium
TXN-2023522,legit,,analyst_A,2025-07-28 02:48:35,medium
TXN-2015849,legit,,analyst_A,2025-07-28 02:49:34,low
TXN-2003948,legit,,analyst_B,2025-07-28 03:05:06,high
TXN-2000913,legit,,analyst_A,2025-07-28 04:20:59,medium
TXN-2015358,legit,,analyst_A,2025-07-28 08:06:50,low
TXN-2014353,legit,,analyst_B,2025-07-28 08:18:39,low
TXN-2010558,legit,,analyst_A,2025-07-28 09:34:47,low
TXN-2012038,legit,,analyst_A,2025-07-28 09:38:20,medium
TXN-2024761,legit,,analyst_A,2025-07-28 10:17:18,high
TXN-2006789,legit,,analyst_A,2025-07-28 10:41:32,medium
TXN-2015633,legit,,analyst_A,2025-07-28 10:49:22,low
TXN-2001945,legit,,analyst_A,2025-07-28 10:51:58,high
TXN-2024437,legit,,analyst_A,2025-07-28 11:24:00,low
TXN-2006744,legit,,analyst_A,2025-07-28 12:49:57,medium
TXN-2014700,legit,,analyst_A,2025-07-28 12:54:53,high
TXN-2003265,legit,,analyst_A,2025-07-28 14:40:58,high
TXN-2022028,legit,,analyst_B,2025-07-28 15:55:37,medium
TXN-2003941,legit,,analyst_B,2025-07-28 16:25:47,low
TXN-2023545,legit,,analyst_B,2025-07-28 16:53:35,low
TXN-2006046,legit,,analyst_B,2025-07-28 19:10:06,medium
TXN-2005879,legit,,analyst_B,2025-07-28 19:38:53,high
TXN-2023483,legit,,analyst_A,2025-07-28 20:11:03,medium
TXN-2018610,legit,,analyst_B,2025-07-28 20:11:45,high
TXN-2015088,legit,,analyst_A,2025-07-28 20:24:41,high
TXN-2008313,legit,,analyst_B,2025-07-28 21:19:28,medium
TXN-2008622,legit,,analyst_A,2025-07-28 21:26:58,low
TXN-2009053,legit,,analyst_A,2025-07-28 22:01:14,medium
TXN-2021930,legit,,analyst_A,2025-07-29 00:47:27,high
TXN-2007644,legit,,analyst_B,2025-07-29 02:37:17,medium
TXN-2007586,legit,,analyst_B,2025-07-29 03:19:08,medium
TXN-2005728,legit,,analyst_A,2025-07-29 04:08:21,medium
TXN-2003883,legit,,analyst_A,2025-07-29 05:59:26,medium
TXN-2003846,legit,,analyst_A,2025-07-29 07:21:40,high
TXN-2008217,legit,,analyst_A,2025-07-29 07:30:12,high
TXN-2003475,legit,,analyst_B,2025-07-29 08:24:48,low
TXN-2008010,legit,,analyst_A,2025-07-29 08:31:38,high
TXN-2024959,legit,,analyst_B,2025-07-29 09:09:28,high
TXN-2009349,legit,,analyst_A,2025-07-29 10:07:16,high
TXN-2006974,legit,,analyst_B,2025-07-29 12:33:38,medium
TXN-2000743,legit,,analyst_A,2025-07-29 12:42:21,high
TXN-2010917,legit,,analyst_A,2025-07-29 13:05:20,medium
TXN-2011174,legit,,analyst_B,2025-07-29 14:58:53,medium
TXN-2021133,legit,,analyst_B,2025-07-29 15:31:13,high
TXN-2016105,legit,,analyst_B,2025-07-29 16:08:09,low
TXN-2018301,legit,,analyst_B,2025-07-29 17:27:26,high
TXN-2024292,legit,,analyst_A,2025-07-29 17:46:47,high
TXN-2017546,legit,,analyst_B,2025-07-29 18:05:22,medium
TXN-2022856,legit,,analyst_A,2025-07-29 19:28:47,low
TXN-2004160,legit,,analyst_B,2025-07-29 22:06:38,medium
TXN-2018430,legit,,analyst_A,2025-07-29 23:42:45,low
TXN-2008053,legit,,analyst_B,2025-07-30 01:44:38,high
TXN-2006732,legit,,analyst_B,2025-07-30 02:35:47,high
TXN-2003976,legit,,analyst_A,2025-07-30 03:45:14,low
TXN-2009639,legit,,analyst_A,2025-07-30 04:01:38,high
TXN-2021325,legit,,analyst_A,2025-07-30 04:36:49,high
TXN-2017551,legit,,analyst_A,2025-07-30 05:46:31,medium
TXN-2018324,legit,,analyst_A,2025-07-30 06:18:52,medium
TXN-2002503,legit,,analyst_A,2025-07-30 06:39:27,medium
TXN-2008351,legit,,analyst_B,2025-07-30 06:45:58,medium
TXN-2023969,legit,,analyst_B,2025-07-30 10:26:00,medium
TXN-2022055,legit,,analyst_A,2025-07-30 10:34:33,medium
TXN-2021239,legit,,analyst_A,2025-07-30 10:44:26,medium
TXN-2024075,legit,,analyst_A,2025-07-30 12:40:50,medium
TXN-2000091,legit,,analyst_A,2025-07-30 12:58:44,medium
TXN-2000006,legit,,analyst_A,2025-07-30 14:43:12,medium
TXN-2020264,legit,,analyst_B,2025-07-30 15:06:40,high
TXN-2005663,legit,,analyst_A,2025-07-30 15:40:03,medium
TXN-2018868,legit,,analyst_B,2025-07-30 15:45:15,low
TXN-2016511,legit,,analyst_B,2025-07-30 16:40:06,medium
TXN-2013487,legit,,analyst_A,2025-07-30 16:51:13,medium
TXN-2017237,legit,,analyst_A,2025-07-30 17:23:51,medium
TXN-2017137,legit,,analyst_A,2025-07-30 17:34:01,medium
TXN-2012269,legit,,analyst_B,2025-07-30 17:54:07,low
TXN-2009483,legit,,analyst_A,2025-07-30 18:01:16,medium
TXN-2006404,legit,,analyst_A,2025-07-30 18:21:08,high
TXN-2000414,legit,,analyst_A,2025-07-30 18:37:00,medium
TXN-2005134,legit,,analyst_B,2025-07-30 19:05:20,high
TXN-2006246,legit,,analyst_A,2025-07-30 19:26:16,medium
TXN-2011605,legit,,analyst_A,2025-07-30 19:35:25,high
TXN-2024071,legit,,analyst_A,2025-07-30 19:44:28,high
TXN-2023522,legit,,analyst_B,2025-07-30 19:48:35,low
TXN-2005923,legit,,analyst_A,2025-07-30 21:22:53,low
TXN-2019413,legit,,analyst_B,2025-07-30 21:32:12,high
TXN-2020125,legit,,analyst_B,2025-07-30 21:55:01,low
TXN-2014055,legit,,analyst_A,2025-07-30 22:12:08,low
TXN-2000495,legit,,analyst_A,2025-07-30 22:23:12,medium
TXN-2005833,legit,,analyst_B,2025-07-30 23:22:26,low
TXN-2007180,legit,,analyst_A,2025-07-31 00:41:42,high
TXN-2010145,legit,,analyst_B,2025-07-31 01:13:22,medium
TXN-2020239,legit,,analyst_A,2025-07-31 01:34:44,low
TXN-2005091,legit,,analyst_A,2025-07-31 01:50:50,high
TXN-2003726,legit,,analyst_B,2025-07-31 02:30:32,high
TXN-2005649,legit,,analyst_A,2025-07-31 02:50:50,medium
TXN-2013759,legit,,analyst_B,2025-07-31 02:55:13,low
TXN-2014875,legit,,analyst_B,2025-07-31 03:33:20,medium
TXN-2004054,legit,,analyst_B,2025-07-31 05:50:07,low
TXN-2004614,legit,,analyst_B,2025-07-31 07:39:38,medium
TXN-2023057,legit,,analyst_B,2025-07-31 07:48:50,high
TXN-2023968,legit,,analyst_A,2025-07-31 09:45:22,medium
TXN-2001056,legit,,analyst_A,2025-07-31 11:51:38,low
TXN-2021953,legit,,analyst_A,2025-07-31 14:01:21,medium
TXN-2013457,legit,,analyst_A,2025-07-31 14:06:50,high
TXN-2006210,legit,,analyst_A,2025-07-31 14:17:59,medium
TXN-2011536,legit,,analyst_B,2025-07-31 14:43:05,high
TXN-2017933,legit,,analyst_B,2025-07-31 16:08:38,medium
TXN-2018254,legit,,analyst_B,2025-07-31 18:48:47,low
TXN-2010703,legit,,analyst_A,2025-07-31 18:57:45,low
TXN-2020107,legit,,analyst_A,2025-07-31 20:10:14,medium
TXN-2011415,legit,,analyst_B,2025-07-31 21:33:41,high
TXN-2017968,legit,,analyst_A,2025-07-31 22:03:50,high
TXN-2014478,legit,,analyst_A,2025-07-31 22:36:18,high
TXN-2002052,legit,,analyst_A,2025-08-01 00:31:54,high
TXN-2024550,legit,,analyst_B,2025-08-01 03:15:04,low
TXN-2020641,legit,,analyst_B,2025-08-01 04:23:07,medium
TXN-2009803,legit,,analyst_A,2025-08-01 04:42:05,medium
TXN-2014210,legit,,analyst_A,2025-08-01 04:49:26,low
TXN-2002482,legit,,analyst_A,2025-08-01 06:08:03,high
TXN-2000578,legit,,analyst_A,2025-08-01 07:19:42,low
TXN-2004277,legit,,analyst_B,2025-08-01 07:46:37,high
TXN-2024364,legit,,analyst_A,2025-08-01 07:50:07,medium
TXN-2012872,legit,,analyst_A,2025-08-01 08:06:49,high
TXN-2008154,legit,,analyst_B,2025-08-01 08:08:50,medium
TXN-2004587,legit,,analyst_B,2025-08-01 09:15:27,low
TXN-2010169,legit,,analyst_B,2025-08-01 10:37:30,high
TXN-2019254,legit,,analyst_A,2025-08-01 10:45:12,high
TXN-2004421,legit,,analyst_A,2025-08-01 11:10:34,low
TXN-2009800,legit,,analyst_A,2025-08-01 13:13:37,medium
TXN-2022809,legit,,analyst_A,2025-08-01 13:35:48,medium
TXN-2018601,legit,,analyst_A,2025-08-01 13:45:35,high
TXN-2009820,legit,,analyst_A,2025-08-01 14:47:26,high
TXN-2023594,legit,,analyst_A,2025-08-01 15:00:08,medium
TXN-2019255,legit,,analyst_A,2025-08-01 15:52:11,low
TXN-2017194,legit,,analyst_A,2025-08-01 18:12:22,low
TXN-2024413,legit,,analyst_B,2025-08-01 18:49:05,medium
TXN-2021761,legit,,analyst_A,2025-08-01 19:49:38,high
TXN-2009845,legit,,analyst_A,2025-08-01 20:03:49,low
TXN-2017579,legit,,analyst_B,2025-08-01 20:10:52,high
TXN-2005558,legit,,analyst_A,2025-08-01 21:21:18,high
TXN-2010862,legit,,analyst_A,2025-08-01 21:44:42,high
TXN-2014016,legit,,analyst_B,2025-08-01 23:41:46,low
TXN-2007313,legit,,analyst_B,2025-08-01 23:52:29,medium
TXN-2022167,legit,,analyst_A,2025-08-02 00:22:30,medium
TXN-2023993,legit,,analyst_B,2025-08-02 00:29:36,high
TXN-2019939,legit,,analyst_A,2025-08-02 02:01:06,medium
TXN-2016734,legit,,analyst_A,2025-08-02 05:48:25,medium
TXN-2005955,legit,,analyst_A,2025-08-02 06:04:28,medium
TXN-2019983,legit,,analyst_B,2025-08-02 06:10:47,low
TXN-2010721,legit,,analyst_A,2025-08-02 09:45:55,medium
TXN-2021187,legit,,analyst_A,2025-08-02 10:04:10,medium
TXN-2009486,legit,,analyst_A,2025-08-02 12:07:43,high
TXN-2024609,legit,,analyst_A,2025-08-02 12:07:51,medium
TXN-2006907,legit,,analyst_A,2025-08-02 17:24:13,medium
TXN-2004172,legit,,analyst_A,2025-08-02 17:42:45,medium
TXN-2008386,legit,,analyst_B,2025-08-02 18:51:26,medium
TXN-2024281,legit,,analyst_A,2025-08-02 18:54:03,medium
TXN-2012254,legit,,analyst_A,2025-08-02 18:56:06,medium
TXN-2022947,legit,,analyst_A,2025-08-02 18:56:27,medium
TXN-2001694,legit,,analyst_A,2025-08-02 19:57:36,low
TXN-2013326,legit,,analyst_A,2025-08-02 21:12:01,high
TXN-2008793,legit,,analyst_A,2025-08-02 21:16:51,medium
TXN-2009946,legit,,analyst_B,2025-08-02 22:15:22,high
TXN-2016212,legit,,analyst_A,2025-08-02 23:03:52,low
TXN-2011054,legit,,analyst_A,2025-08-03 01:00:01,high
TXN-2016100,legit,,analyst_A,2025-08-03 01:48:37,high
TXN-2013512,legit,,analyst_B,2025-08-03 01:52:57,medium
TXN-2003756,legit,,analyst_A,2025-08-03 01:56:33,medium
TXN-2017883,legit,,analyst_B,2025-08-03 04:23:54,medium
TXN-2010064,legit,,analyst_B,2025-08-03 04:26:10,medium
TXN-2008299,legit,,analyst_B,2025-08-03 05:02:23,high
TXN-2017209,legit,,analyst_A,2025-08-03 05:06:42,medium
TXN-2022382,legit,,analyst_A,2025-08-03 05:12:29,medium
TXN-2022556,legit,,analyst_A,2025-08-03 05:40:12,high
TXN-2013534,legit,,analyst_A,2025-08-03 08:40:07,high
TXN-2013505,legit,,analyst_A,2025-08-03 09:13:51,low
TXN-2002544,legit,,analyst_B,2025-08-03 09:49:26,medium
TXN-2002488,legit,,analyst_A,2025-08-03 10:24:50,low
TXN-2022434,legit,,analyst_B,2025-08-03 10:34:44,medium
TXN-2003874,legit,,analyst_A,2025-08-03 11:38:09,high
TXN-2017008,legit,,analyst_A,2025-08-03 12:55:25,high
TXN-2022029,legit,,analyst_B,2025-08-03 15:09:08,low
TXN-2001833,legit,,analyst_A,2025-08-03 16:23:22,medium
TXN-2014405,legit,,analyst_A,2025-08-03 16:26:08,medium
TXN-2016498,legit,,analyst_B,2025-08-03 16:43:28,high
TXN-2024842,legit,,analyst_A,2025-08-03 17:01:04,low
TXN-2002654,legit,,analyst_A,2025-08-03 18:12:26,high
TXN-2011032,legit,,analyst_B,2025-08-03 18:44:38,medium
TXN-2023792,legit,,analyst_B,2025-08-03 18:53:08,high
TXN-2000439,legit,,analyst_A,2025-08-03 20:08:50,low
TXN-2020797,legit,,analyst_A,2025-08-03 20:11:27,medium
TXN-2010801,legit,,analyst_B,2025-08-03 20:27:04,high
TXN-2019114,legit,,analyst_A,2025-08-03 21:29:59,medium
TXN-2019413,legit,,analyst_A,2025-08-03 22:32:12,low
TXN-2017478,legit,,analyst_A,2025-08-03 23:27:59,low
TXN-2013283,legit,,analyst_A,2025-08-04 00:18:00,medium
TXN-2008905,legit,,analyst_A,2025-08-04 00:58:22,high
TXN-2014005,legit,,analyst_B,2025-08-04 02:03:10,high
TXN-2010958,legit,,analyst_B,2025-08-04 02:21:54,low
TXN-2006208,legit,,analyst_B,2025-08-04 03:39:11,high
TXN-2010599,legit,,analyst_B,2025-08-04 04:30:09,medium
TXN-2021719,legit,,analyst_B,2025-08-04 04:59:31,medium
TXN-2020980,legit,,analyst_B,2025-08-04 05:41:24,medium
TXN-2016381,legit,,analyst_B,2025-08-04 06:04:43,high
TXN-2011337,legit,,analyst_B,2025-08-04 06:21:35,low
TXN-2017530,legit,,analyst_B,2025-08-04 07:06:26,low
TXN-2023177,legit,,analyst_B,2025-08-04 07:12:09,high
TXN-2022168,legit,,analyst_A,2025-08-04 07:36:57,high
TXN-2016846,legit,,analyst_B,2025-08-04 07:47:46,medium
TXN-2018332,legit,,analyst_A,2025-08-04 07:56:38,low
TXN-2002883,legit,,analyst_B,2025-08-04 07:59:39,high
TXN-2003839,legit,,analyst_A,2025-08-04 08:09:06,medium
TXN-2008034,legit,,analyst_A,2025-08-04 08:33:29,low
TXN-2017762,legit,,analyst_A,2025-08-04 08:44:19,medium
TXN-2005619,legit,,analyst_B,2025-08-04 08:49:27,high
TXN-2001134,legit,,analyst_A,2025-08-04 09:02:06,medium
TXN-2000972,legit,,analyst_B,2025-08-04 10:02:02,high
TXN-2000047,legit,,analyst_A,2025-08-04 10:20:26,medium
TXN-2001919,legit,,analyst_A,2025-08-04 10:26:48,medium
TXN-2015738,legit,,analyst_B,2025-08-04 10:47:19,low
TXN-2008947,legit,,analyst_A,2025-08-04 11:51:46,high
TXN-2006314,legit,,analyst_A,2025-08-04 12:26:44,low
TXN-2002305,legit,,analyst_A,2025-08-04 12:47:17,high
TXN-2019114,legit,,analyst_B,2025-08-04 14:29:59,high
TXN-2016249,legit,,analyst_B,2025-08-04 15:13:39,high
TXN-2017652,legit,,analyst_B,2025-08-04 15:25:22,medium
TXN-2001037,legit,,analyst_B,2025-08-04 15:33:22,medium
TXN-2019558,legit,,analyst_A,2025-08-04 15:42:34,medium
TXN-2011412,legit,,analyst_A,2025-08-04 16:05:13,low
TXN-2005936,legit,,analyst_B,2025-08-04 18:31:35,high
TXN-2021911,legit,,analyst_A,2025-08-04 20:08:41,low
TXN-2012922,legit,,analyst_A,2025-08-04 22:36:46,medium
TXN-2008039,legit,,analyst_B,2025-08-05 01:01:29,medium
TXN-2022747,legit,,analyst_B,2025-08-05 01:14:11,medium
TXN-2009932,legit,,analyst_B,2025-08-05 01:32:43,high
TXN-2010019,legit,,analyst_A,2025-08-05 01:57:33,low
TXN-2006212,legit,,analyst_A,2025-08-05 02:58:08,high
TXN-2008372,legit,,analyst_A,2025-08-05 04:44:14,low
TXN-2022660,legit,,analyst_A,2025-08-05 05:09:31,low
TXN-2004281,legit,,analyst_A,2025-08-05 05:17:02,medium
TXN-2013753,legit,,analyst_B,2025-08-05 05:33:08,low
TXN-2015643,legit,,analyst_B,2025-08-05 06:39:27,medium
TXN-2002009,legit,,analyst_A,2025-08-05 07:24:12,high
TXN-2004475,legit,,analyst_B,2025-08-05 08:05:51,high
TXN-2003827,legit,,analyst_A,2025-08-05 08:51:36,medium
TXN-2023641,legit,,analyst_A,2025-08-05 08:54:40,medium
TXN-2004086,legit,,analyst_A,2025-08-05 09:06:35,high
TXN-2024780,legit,,analyst_A,2025-08-05 10:33:47,high
TXN-2008710,legit,,analyst_B,2025-08-05 10:37:05,low
TXN-2015848,legit,,analyst_A,2025-08-05 11:12:09,low
TXN-2002898,legit,,analyst_A,2025-08-05 12:05:09,low
TXN-2004811,fraud,account_takeover,analyst_A,2025-08-05 12:10:08,high
TXN-2022129,legit,,analyst_B,2025-08-05 12:41:38,high
TXN-2003737,legit,,analyst_A,2025-08-05 13:55:12,high
TXN-2023379,legit,,analyst_A,2025-08-05 14:10:04,low
TXN-2005709,legit,,analyst_B,2025-08-05 14:19:12,high
TXN-2016658,legit,,analyst_A,2025-08-05 15:04:38,medium
TXN-2007034,legit,,analyst_A,2025-08-05 15:40:04,medium
TXN-2005523,legit,,analyst_A,2025-08-05 19:13:08,medium
TXN-2002604,legit,,analyst_A,2025-08-05 19:38:44,high
TXN-2015847,legit,,analyst_A,2025-08-05 19:43:31,high
TXN-2015161,legit,,analyst_A,2025-08-05 20:27:49,medium
TXN-2022273,legit,,analyst_A,2025-08-05 20:56:55,high
TXN-2008632,legit,,analyst_A,2025-08-05 21:41:50,high
TXN-2017190,legit,,analyst_A,2025-08-05 22:37:06,medium
TXN-2021686,legit,,analyst_A,2025-08-06 02:36:07,medium
TXN-2002326,legit,,analyst_B,2025-08-06 02:46:35,medium
TXN-2021072,legit,,analyst_A,2025-08-06 04:55:08,medium
TXN-2009243,legit,,analyst_B,2025-08-06 05:04:31,high
TXN-2003369,legit,,analyst_B,2025-08-06 05:18:17,medium
TXN-2004694,legit,,analyst_B,2025-08-06 05:38:28,low
TXN-2024874,legit,,analyst_B,2025-08-06 06:28:32,high
TXN-2019949,legit,,analyst_B,2025-08-06 06:57:26,medium
TXN-2015661,legit,,analyst_A,2025-08-06 07:19:25,high
TXN-2013163,legit,,analyst_A,2025-08-06 09:57:38,low
TXN-2000864,legit,,analyst_B,2025-08-06 10:38:16,high
TXN-2003732,legit,,analyst_B,2025-08-06 10:40:18,medium
TXN-2020032,legit,,analyst_B,2025-08-06 11:28:29,medium
TXN-2016626,legit,,analyst_B,2025-08-06 11:58:33,high
TXN-2005712,legit,,analyst_A,2025-08-06 12:12:07,medium
TXN-2010506,legit,,analyst_B,2025-08-06 12:22:28,low
TXN-2011735,legit,,analyst_A,2025-08-06 12:53:50,low
TXN-2000687,legit,,analyst_A,2025-08-06 13:03:22,high
TXN-2003798,legit,,analyst_A,2025-08-06 13:56:18,low
TXN-2021692,legit,,analyst_B,2025-08-06 14:22:12,medium
TXN-2006994,legit,,analyst_A,2025-08-06 17:20:58,high
TXN-2004950,legit,,analyst_B,2025-08-06 18:02:05,high
TXN-2011399,legit,,analyst_A,2025-08-06 20:01:14,medium
TXN-2019984,legit,,analyst_A,2025-08-06 21:15:01,high
TXN-2012986,legit,,analyst_A,2025-08-06 21:42:58,high
TXN-2013871,legit,,analyst_A,2025-08-06 22:25:02,medium
TXN-2019178,legit,,analyst_B,2025-08-06 22:25:15,medium
TXN-2001360,legit,,analyst_B,2025-08-07 01:09:57,medium
TXN-2005731,legit,,analyst_A,2025-08-07 02:53:51,medium
TXN-2021365,legit,,analyst_B,2025-08-07 04:24:34,medium
TXN-2024633,legit,,analyst_A,2025-08-07 05:44:41,medium
TXN-2021498,legit,,analyst_B,2025-08-07 05:47:52,high
TXN-2011187,legit,,analyst_B,2025-08-07 08:11:17,medium
TXN-2003517,legit,,analyst_A,2025-08-07 08:31:02,high
TXN-2005022,legit,,analyst_A,2025-08-07 09:24:00,low
TXN-2015244,legit,,analyst_B,2025-08-07 10:57:02,medium
TXN-2005065,legit,,analyst_A,2025-08-07 11:29:44,high
TXN-2010376,legit,,analyst_A,2025-08-07 12:12:03,medium
TXN-2007836,legit,,analyst_A,2025-08-07 12:17:22,high
TXN-2020643,legit,,analyst_B,2025-08-07 13:40:51,high
TXN-2007174,legit,,analyst_A,2025-08-07 13:57:58,low
TXN-2013244,legit,,analyst_B,2025-08-07 14:07:02,high
TXN-2014032,legit,,analyst_B,2025-08-07 14:42:47,medium
TXN-2016939,legit,,analyst_A,2025-08-07 16:23:35,medium
TXN-2001684,legit,,analyst_A,2025-08-07 17:08:28,medium
TXN-2001901,legit,,analyst_A,2025-08-07 17:17:50,medium
TXN-2020356,legit,,analyst_A,2025-08-07 18:12:57,medium
TXN-2013582,legit,,analyst_B,2025-08-07 18:15:18,high
TXN-2012301,legit,,analyst_A,2025-08-07 20:23:58,high
TXN-2001250,legit,,analyst_A,2025-08-07 21:14:48,medium
TXN-2014639,legit,,analyst_A,2025-08-07 21:52:41,high
TXN-2013255,legit,,analyst_B,2025-08-07 22:43:41,medium
TXN-2024841,legit,,analyst_A,2025-08-08 03:31:30,high
TXN-2007819,legit,,analyst_B,2025-08-08 04:17:23,medium
TXN-2018967,legit,,analyst_A,2025-08-08 05:49:06,low
TXN-2007578,legit,,analyst_B,2025-08-08 08:11:47,medium
TXN-2007882,legit,,analyst_B,2025-08-08 08:35:45,low
TXN-2023880,legit,,analyst_A,2025-08-08 09:53:26,medium
TXN-2000653,legit,,analyst_B,2025-08-08 10:25:18,high
TXN-2004059,legit,,analyst_B,2025-08-08 12:18:46,high
TXN-2005603,legit,,analyst_B,2025-08-08 13:21:30,high
TXN-2000222,legit,,analyst_A,2025-08-08 13:34:08,low
TXN-2008565,legit,,analyst_A,2025-08-08 13:42:43,high
TXN-2002927,legit,,analyst_A,2025-08-08 14:40:00,medium
TXN-2024311,legit,,analyst_B,2025-08-08 16:15:52,low
TXN-2017577,legit,,analyst_A,2025-08-08 19:39:34,low
TXN-2020225,legit,,analyst_B,2025-08-08 20:13:54,medium
TXN-2015904,legit,,analyst_A,2025-08-08 20:33:14,high
TXN-2018997,legit,,analyst_B,2025-08-08 21:07:46,low
TXN-2016143,legit,,analyst_A,2025-08-08 22:36:42,medium
TXN-2005609,legit,,analyst_B,2025-08-08 23:05:17,high
TXN-2001278,legit,,analyst_B,2025-08-08 23:14:50,low
TXN-2021282,legit,,analyst_B,2025-08-08 23:52:55,high
TXN-2018969,legit,,analyst_A,2025-08-09 02:08:31,low
TXN-2001730,legit,,analyst_A,2025-08-09 02:18:11,medium
TXN-2005384,legit,,analyst_A,2025-08-09 02:26:23,high
TXN-2006109,legit,,analyst_A,2025-08-09 02:58:05,medium
TXN-2017530,legit,,analyst_A,2025-08-09 03:06:26,medium
TXN-2015664,legit,,analyst_A,2025-08-09 03:24:11,medium
TXN-2011440,legit,,analyst_B,2025-08-09 04:16:13,high
TXN-2018987,legit,,analyst_B,2025-08-09 05:44:24,medium
TXN-2015654,legit,,analyst_B,2025-08-09 07:51:27,low
TXN-2022735,legit,,analyst_A,2025-08-09 08:03:13,high
TXN-2002089,legit,,analyst_B,2025-08-09 08:51:55,high
TXN-2008657,legit,,analyst_A,2025-08-09 09:27:44,medium
TXN-2007433,legit,,analyst_A,2025-08-09 10:52:08,high
TXN-2018883,legit,,analyst_B,2025-08-09 13:53:42,high
TXN-2013038,legit,,analyst_B,2025-08-09 15:49:28,high
TXN-2016953,legit,,analyst_B,2025-08-09 16:16:19,high
TXN-2002776,legit,,analyst_A,2025-08-09 16:18:16,high
TXN-2006378,legit,,analyst_A,2025-08-09 18:25:33,high
TXN-2003300,legit,,analyst_B,2025-08-09 18:29:57,medium
TXN-2006893,legit,,analyst_B,2025-08-09 21:03:57,medium
TXN-2012306,legit,,analyst_B,2025-08-09 21:30:55,medium
TXN-2015244,legit,,analyst_A,2025-08-09 21:57:02,medium
TXN-2017637,legit,,analyst_B,2025-08-09 23:45:58,low
TXN-2016081,legit,,analyst_A,2025-08-10 02:07:42,low
TXN-2009357,legit,,analyst_B,2025-08-10 03:20:52,low
TXN-2014724,legit,,analyst_A,2025-08-10 03:46:23,medium
TXN-2017009,legit,,analyst_A,2025-08-10 04:53:08,medium
TXN-2021492,legit,,analyst_A,2025-08-10 04:53:11,low
TXN-2019741,legit,,analyst_B,2025-08-10 05:00:23,medium
TXN-2024642,legit,,analyst_A,2025-08-10 05:16:13,high
TXN-2020340,legit,,analyst_A,2025-08-10 05:19:07,high
TXN-2016782,legit,,analyst_B,2025-08-10 05:49:14,medium
TXN-2021287,legit,,analyst_A,2025-08-10 06:52:03,high
TXN-2010797,legit,,analyst_A,2025-08-10 07:20:17,medium
TXN-2001777,legit,,analyst_B,2025-08-10 09:30:09,low
TXN-2018023,legit,,analyst_A,2025-08-10 09:34:27,low
TXN-2000894,legit,,analyst_A,2025-08-10 09:49:07,medium
TXN-2000934,legit,,analyst_B,2025-08-10 09:59:46,high
TXN-2004038,legit,,analyst_A,2025-08-10 10:08:18,high
TXN-2020218,legit,,analyst_A,2025-08-10 10:28:22,medium
TXN-2003284,legit,,analyst_B,2025-08-10 12:22:24,medium
TXN-2005849,legit,,analyst_A,2025-08-10 12:47:57,high
TXN-2011645,legit,,analyst_B,2025-08-10 13:07:39,high
TXN-2014872,legit,,analyst_A,2025-08-10 14:34:31,high
TXN-2013078,legit,,analyst_B,2025-08-10 14:54:21,low
TXN-2021016,legit,,analyst_A,2025-08-10 14:56:14,medium
TXN-2018137,legit,,analyst_B,2025-08-10 15:33:46,medium
TXN-2007473,legit,,analyst_A,2025-08-10 15:58:37,high
TXN-2017436,legit,,analyst_B,2025-08-10 17:56:12,high
TXN-2017137,legit,,analyst_B,2025-08-10 18:34:01,low
TXN-2009021,legit,,analyst_A,2025-08-10 18:37:33,low
TXN-2005607,legit,,analyst_A,2025-08-10 18:39:48,low
TXN-2021125,legit,,analyst_A,2025-08-10 18:52:00,high
TXN-2021282,legit,,analyst_A,2025-08-10 18:52:55,medium
TXN-2005006,legit,,analyst_A,2025-08-10 19:43:24,medium
TXN-2020071,legit,,analyst_B,2025-08-10 22:01:33,high
TXN-2010822,legit,,analyst_A,2025-08-11 00:13:43,high
TXN-2022745,legit,,analyst_A,2025-08-11 01:37:59,high
TXN-2019248,legit,,analyst_B,2025-08-11 01:43:40,low
TXN-2015698,legit,,analyst_A,2025-08-11 01:43:47,low
TXN-2020655,legit,,analyst_B,2025-08-11 03:17:58,medium
TXN-2003909,legit,,analyst_A,2025-08-11 03:43:45,medium
TXN-2005849,legit,,analyst_B,2025-08-11 03:47:57,medium
TXN-2024157,legit,,analyst_A,2025-08-11 04:42:11,high
TXN-2001574,legit,,analyst_A,2025-08-11 06:13:38,high
TXN-2017072,legit,,analyst_B,2025-08-11 06:20:25,medium
TXN-2008657,legit,,analyst_B,2025-08-11 06:27:44,low
TXN-2006671,legit,,analyst_B,2025-08-11 06:47:36,medium
TXN-2014857,legit,,analyst_B,2025-08-11 07:54:31,low
TXN-2000373,legit,,analyst_B,2025-08-11 08:45:20,high
TXN-2001904,legit,,analyst_B,2025-08-11 08:50:19,high
TXN-2024488,legit,,analyst_A,2025-08-11 10:55:04,high
TXN-2015299,legit,,analyst_B,2025-08-11 10:59:37,high
TXN-2001986,legit,,analyst_B,2025-08-11 12:07:20,low
TXN-2023811,legit,,analyst_A,2025-08-11 12:29:24,low
TXN-2003371,legit,,analyst_B,2025-08-11 13:39:40,medium
TXN-2005205,legit,,analyst_A,2025-08-11 13:56:24,medium
TXN-2013379,legit,,analyst_B,2025-08-11 14:05:48,medium
TXN-2004840,legit,,analyst_B,2025-08-11 14:06:12,medium
TXN-2006056,legit,,analyst_A,2025-08-11 14:06:55,low
TXN-2015915,legit,,analyst_B,2025-08-11 14:12:47,low
TXN-2010085,legit,,analyst_A,2025-08-11 14:28:32,high
TXN-2013309,legit,,analyst_A,2025-08-11 15:10:18,high
TXN-2012467,legit,,analyst_A,2025-08-11 15:12:29,medium
TXN-2013588,legit,,analyst_B,2025-08-11 15:46:05,high
TXN-2023459,legit,,analyst_A,2025-08-11 16:02:11,low
TXN-2014646,legit,,analyst_A,2025-08-11 16:45:14,high
TXN-2020240,legit,,analyst_B,2025-08-11 17:00:17,medium
TXN-2019445,legit,,analyst_B,2025-08-11 17:25:45,medium
TXN-2005741,legit,,analyst_B,2025-08-11 18:13:22,high
TXN-2002858,legit,,analyst_A,2025-08-11 18:25:46,medium
TXN-2008444,legit,,analyst_A,2025-08-11 19:36:27,high
TXN-2013126,legit,,analyst_A,2025-08-11 20:17:12,low
TXN-2007914,legit,,analyst_B,2025-08-11 21:28:06,medium
TXN-2018783,legit,,analyst_B,2025-08-11 22:17:17,low
TXN-2023616,legit,,analyst_A,2025-08-11 22:28:24,medium
TXN-2003741,legit,,analyst_A,2025-08-11 23:10:17,low
TXN-2023017,legit,,analyst_B,2025-08-11 23:50:11,high
TXN-2002664,legit,,analyst_A,2025-08-12 00:33:32,low
TXN-2022544,legit,,analyst_B,2025-08-12 02:30:42,high
TXN-2018836,legit,,analyst_A,2025-08-12 03:15:25,medium
TXN-2015082,legit,,analyst_A,2025-08-12 05:57:26,low
TXN-2007649,legit,,analyst_A,2025-08-12 06:22:33,medium
TXN-2010415,legit,,analyst_B,2025-08-12 06:34:52,medium
TXN-2016861,legit,,analyst_B,2025-08-12 07:06:37,low
TXN-2007095,legit,,analyst_A,2025-08-12 07:31:58,medium
TXN-2015927,legit,,analyst_A,2025-08-12 09:19:02,high
TXN-2011365,legit,,analyst_A,2025-08-12 09:39:05,high
TXN-2017515,legit,,analyst_A,2025-08-12 11:45:34,high
TXN-2011868,legit,,analyst_B,2025-08-12 12:40:32,medium
TXN-2000190,legit,,analyst_A,2025-08-12 14:15:57,high
TXN-2008070,legit,,analyst_B,2025-08-12 14:17:37,medium
TXN-2020045,legit,,analyst_A,2025-08-12 14:35:19,low
TXN-2007959,legit,,analyst_B,2025-08-12 14:45:18,high
TXN-2018392,legit,,analyst_A,2025-08-12 15:58:03,high
TXN-2023186,legit,,analyst_B,2025-08-12 20:07:51,high
TXN-2002401,legit,,analyst_B,2025-08-12 20:25:33,high
TXN-2022197,legit,,analyst_B,2025-08-12 21:15:57,medium
TXN-2008620,legit,,analyst_A,2025-08-12 21:33:18,low
TXN-2014074,legit,,analyst_B,2025-08-12 23:28:27,high
TXN-2013340,legit,,analyst_B,2025-08-12 23:36:18,medium
TXN-2021958,legit,,analyst_B,2025-08-12 23:42:54,high
TXN-2018875,legit,,analyst_B,2025-08-13 00:08:49,low
TXN-2010567,legit,,analyst_A,2025-08-13 00:22:20,high
TXN-2001634,legit,,analyst_B,2025-08-13 00:44:53,high
TXN-2011983,legit,,analyst_B,2025-08-13 01:06:30,medium
TXN-2004123,legit,,analyst_A,2025-08-13 01:15:21,high
TXN-2016978,legit,,analyst_B,2025-08-13 01:21:25,high
TXN-2017012,legit,,analyst_B,2025-08-13 01:22:14,low
TXN-2013894,legit,,analyst_A,2025-08-13 01:30:55,high
TXN-2020138,legit,,analyst_B,2025-08-13 02:12:31,medium
TXN-2004885,legit,,analyst_A,2025-08-13 02:12:52,high
TXN-2003846,legit,,analyst_B,2025-08-13 02:21:40,medium
TXN-2000389,legit,,analyst_A,2025-08-13 02:50:48,high
TXN-2004111,legit,,analyst_B,2025-08-13 04:01:19,medium
TXN-2005821,legit,,analyst_B,2025-08-13 04:38:30,medium
TXN-2017642,legit,,analyst_B,2025-08-13 04:43:28,medium
TXN-2016332,legit,,analyst_A,2025-08-13 06:35:32,medium
TXN-2004594,legit,,analyst_A,2025-08-13 07:25:31,medium
TXN-2016096,legit,,analyst_A,2025-08-13 07:44:08,medium
TXN-2008335,legit,,analyst_B,2025-08-13 08:48:49,medium
TXN-2018161,legit,,analyst_B,2025-08-13 09:03:27,high
TXN-2008261,legit,,analyst_A,2025-08-13 10:18:00,high
TXN-2008669,legit,,analyst_A,2025-08-13 10:45:06,high
TXN-2021132,legit,,analyst_B,2025-08-13 11:17:22,medium
TXN-2008598,legit,,analyst_B,2025-08-13 12:02:41,high
TXN-2006854,legit,,analyst_A,2025-08-13 13:04:01,medium
TXN-2019314,legit,,analyst_B,2025-08-13 14:01:04,high
TXN-2021825,legit,,analyst_A,2025-08-13 15:17:30,high
TXN-2007818,legit,,analyst_A,2025-08-13 17:07:42,high
TXN-2000932,legit,,analyst_A,2025-08-13 17:33:04,medium
TXN-2009945,legit,,analyst_B,2025-08-13 21:17:06,high
TXN-2009382,legit,,analyst_A,2025-08-13 23:21:56,high
TXN-2008045,legit,,analyst_B,2025-08-14 00:01:17,high
TXN-2007837,legit,,analyst_B,2025-08-14 00:30:30,medium
TXN-2019105,legit,,analyst_B,2025-08-14 01:13:29,high
TXN-2023523,legit,,analyst_A,2025-08-14 02:25:39,low
TXN-2008945,legit,,analyst_A,2025-08-14 02:54:28,low
TXN-2003496,legit,,analyst_A,2025-08-14 04:35:30,high
TXN-2008528,legit,,analyst_A,2025-08-14 04:43:00,high
TXN-2020794,legit,,analyst_B,2025-08-14 05:15:13,high
TXN-2011217,legit,,analyst_B,2025-08-14 07:51:38,high
TXN-2015769,legit,,analyst_B,2025-08-14 09:21:44,high
TXN-2024147,legit,,analyst_B,2025-08-14 11:12:29,high
TXN-2000054,legit,,analyst_A,2025-08-14 11:58:56,high
TXN-2018855,legit,,analyst_B,2025-08-14 12:05:33,high
TXN-2016807,legit,,analyst_B,2025-08-14 12:26:40,medium
TXN-2022255,legit,,analyst_A,2025-08-14 14:47:02,high
TXN-2007363,legit,,analyst_B,2025-08-14 14:54:05,medium
TXN-2011427,legit,,analyst_B,2025-08-14 15:04:12,medium
TXN-2022107,legit,,analyst_A,2025-08-14 15:20:00,high
TXN-2000221,legit,,analyst_A,2025-08-14 17:13:01,low
TXN-2017841,legit,,analyst_B,2025-08-14 17:18:34,high
TXN-2000456,legit,,analyst_B,2025-08-14 17:40:14,medium
TXN-2012790,legit,,analyst_A,2025-08-14 18:36:11,low
TXN-2016332,fraud,merchant_collusion,analyst_B,2025-08-14 19:35:32,high
TXN-2014162,legit,,analyst_B,2025-08-14 20:22:21,high
TXN-2010359,legit,,analyst_B,2025-08-14 22:28:57,medium
TXN-2024864,legit,,analyst_B,2025-08-14 22:30:16,low
TXN-2010913,legit,,analyst_A,2025-08-14 22:51:13,medium
TXN-2017734,legit,,analyst_B,2025-08-14 23:17:39,medium
TXN-2002419,legit,,analyst_A,2025-08-14 23:31:36,medium
TXN-2000596,legit,,analyst_B,2025-08-15 00:29:40,high
TXN-2012313,legit,,analyst_B,2025-08-15 00:41:29,medium
TXN-2012017,legit,,analyst_A,2025-08-15 01:15:07,medium
TXN-2023594,legit,,analyst_B,2025-08-15 02:00:08,high
TXN-2018841,legit,,analyst_A,2025-08-15 02:04:40,medium
TXN-2003978,legit,,analyst_B,2025-08-15 02:27:38,low
TXN-2022533,legit,,analyst_B,2025-08-15 03:28:05,high
TXN-2004128,legit,,analyst_A,2025-08-15 06:56:47,medium
TXN-2002110,legit,,analyst_B,2025-08-15 07:00:39,medium
TXN-2017899,legit,,analyst_A,2025-08-15 07:12:07,low
TXN-2009805,legit,,analyst_A,2025-08-15 08:03:36,high
TXN-2000082,legit,,analyst_A,2025-08-15 08:55:21,low
TXN-2013879,legit,,analyst_B,2025-08-15 09:38:57,medium
TXN-2013453,legit,,analyst_A,2025-08-15 10:38:23,high
TXN-2003283,legit,,analyst_B,2025-08-15 10:53:35,high
TXN-2009629,legit,,analyst_B,2025-08-15 11:36:01,high
TXN-2010355,legit,,analyst_B,2025-08-15 13:08:08,low
TXN-2003811,legit,,analyst_B,2025-08-15 13:36:08,medium
TXN-2011028,legit,,analyst_A,2025-08-15 13:43:09,high
TXN-2020308,legit,,analyst_B,2025-08-15 14:19:36,low
TXN-2015641,legit,,analyst_A,2025-08-15 15:03:09,medium
TXN-2022035,legit,,analyst_B,2025-08-15 17:39:18,high
TXN-2003812,legit,,analyst_A,2025-08-15 18:34:36,high
TXN-2000548,legit,,analyst_A,2025-08-15 19:29:16,medium
TXN-2012941,legit,,analyst_B,2025-08-15 19:47:48,high
TXN-2023466,legit,,analyst_A,2025-08-15 20:02:27,low
TXN-2006708,legit,,analyst_B,2025-08-15 20:50:47,medium
TXN-2013780,legit,,analyst_A,2025-08-15 22:03:48,medium
TXN-2021492,legit,,analyst_B,2025-08-15 22:53:11,high
TXN-2009190,legit,,analyst_B,2025-08-16 00:07:55,medium
TXN-2016004,legit,,analyst_B,2025-08-16 01:06:41,medium
TXN-2002738,legit,,analyst_B,2025-08-16 01:46:29,low
TXN-2023326,legit,,analyst_B,2025-08-16 02:07:52,low
TXN-2009301,legit,,analyst_B,2025-08-16 02:13:03,low
TXN-2022571,legit,,analyst_B,2025-08-16 03:38:06,low
TXN-2000384,legit,,analyst_B,2025-08-16 04:01:11,medium
TXN-2007735,legit,,analyst_B,2025-08-16 05:10:19,medium
TXN-2001936,legit,,analyst_A,2025-08-16 05:52:15,high
TXN-2017663,legit,,analyst_B,2025-08-16 06:59:27,medium
TXN-2018590,legit,,analyst_A,2025-08-16 07:28:43,medium
TXN-2005871,legit,,analyst_B,2025-08-16 09:26:35,high
TXN-2014162,legit,,analyst_A,2025-08-16 10:22:21,medium
TXN-2011734,legit,,analyst_A,2025-08-16 11:38:52,high
TXN-2013250,legit,,analyst_B,2025-08-16 11:42:22,medium
TXN-2017046,legit,,analyst_A,2025-08-16 11:51:22,medium
TXN-2019236,legit,,analyst_B,2025-08-16 14:51:12,high
TXN-2010551,legit,,analyst_A,2025-08-16 14:55:10,high
TXN-2016292,legit,,analyst_B,2025-08-16 15:03:05,high
TXN-2016671,legit,,analyst_B,2025-08-16 15:04:10,high
TXN-2012017,legit,,analyst_B,2025-08-16 15:15:07,medium
TXN-2000606,legit,,analyst_B,2025-08-16 15:31:36,medium
TXN-2013650,legit,,analyst_B,2025-08-16 15:55:41,high
TXN-2016070,legit,,analyst_A,2025-08-16 18:46:52,high
TXN-2002075,legit,,analyst_B,2025-08-16 20:34:03,medium
TXN-2004515,legit,,analyst_B,2025-08-16 23:02:22,high
TXN-2022410,legit,,analyst_B,2025-08-17 01:14:34,high
TXN-2010512,legit,,analyst_B,2025-08-17 01:33:16,high
TXN-2006657,legit,,analyst_A,2025-08-17 04:15:49,medium
TXN-2017319,legit,,analyst_A,2025-08-17 06:04:54,medium
TXN-2020759,legit,,analyst_B,2025-08-17 06:32:04,high
TXN-2013786,legit,,analyst_A,2025-08-17 10:25:21,medium
TXN-2013232,legit,,analyst_B,2025-08-17 11:19:03,high
TXN-2014604,legit,,analyst_A,2025-08-17 12:50:41,medium
TXN-2015105,legit,,analyst_A,2025-08-17 13:45:28,high
TXN-2024722,legit,,analyst_A,2025-08-17 13:45:41,high
TXN-2012991,legit,,analyst_A,2025-08-17 14:24:23,medium
TXN-2012123,legit,,analyst_A,2025-08-17 15:08:44,medium
TXN-2019521,legit,,analyst_B,2025-08-17 15:55:15,high
TXN-2002915,legit,,analyst_B,2025-08-17 16:28:03,high
TXN-2021485,legit,,analyst_A,2025-08-17 19:14:43,medium
TXN-2022314,legit,,analyst_A,2025-08-17 19:15:04,low
TXN-2024555,legit,,analyst_B,2025-08-17 21:16:08,medium
TXN-2004831,legit,,analyst_A,2025-08-17 23:01:51,medium
TXN-2006930,legit,,analyst_B,2025-08-17 23:49:19,high
TXN-2020594,legit,,analyst_A,2025-08-18 00:09:06,medium
TXN-2017311,legit,,analyst_A,2025-08-18 00:19:43,low
TXN-2000639,legit,,analyst_A,2025-08-18 00:25:10,medium
TXN-2017109,legit,,analyst_A,2025-08-18 04:04:51,low
TXN-2012247,legit,,analyst_B,2025-08-18 04:42:18,medium
TXN-2017053,legit,,analyst_B,2025-08-18 08:40:26,low
TXN-2000386,legit,,analyst_A,2025-08-18 10:22:06,low
TXN-2016986,fraud,merchant_collusion,analyst_B,2025-08-18 10:35:52,medium
TXN-2004183,legit,,analyst_A,2025-08-18 10:47:30,medium
TXN-2024938,legit,,analyst_B,2025-08-18 10:57:59,medium
TXN-2020466,legit,,analyst_A,2025-08-18 11:04:10,medium
TXN-2018360,legit,,analyst_B,2025-08-18 12:31:07,high
TXN-2024921,legit,,analyst_A,2025-08-18 13:27:47,medium
TXN-2007381,legit,,analyst_A,2025-08-18 15:06:40,medium
TXN-2004307,legit,,analyst_B,2025-08-18 15:25:59,high
TXN-2010198,legit,,analyst_B,2025-08-18 18:31:37,high
TXN-2010944,legit,,analyst_B,2025-08-18 19:05:08,medium
TXN-2008025,legit,,analyst_A,2025-08-18 19:37:39,high
TXN-2022302,legit,,analyst_B,2025-08-18 19:42:00,medium
TXN-2001745,legit,,analyst_B,2025-08-18 20:00:47,high
TXN-2013361,legit,,analyst_B,2025-08-18 22:12:43,high
TXN-2017014,legit,,analyst_A,2025-08-18 22:31:19,high
TXN-2024910,legit,,analyst_A,2025-08-18 22:31:57,high
TXN-2013065,legit,,analyst_B,2025-08-18 23:05:45,high
TXN-2004045,legit,,analyst_A,2025-08-18 23:19:52,medium
TXN-2007811,legit,,analyst_B,2025-08-19 00:15:32,low
TXN-2023010,legit,,analyst_A,2025-08-19 00:21:51,medium
TXN-2018159,legit,,analyst_A,2025-08-19 01:55:52,medium
TXN-2008667,legit,,analyst_A,2025-08-19 02:47:58,medium
TXN-2003053,legit,,analyst_A,2025-08-19 03:56:57,medium
TXN-2012677,legit,,analyst_B,2025-08-19 06:24:21,medium
TXN-2009675,legit,,analyst_B,2025-08-19 06:40:08,high
TXN-2001180,legit,,analyst_A,2025-08-19 07:22:20,low
TXN-2021779,legit,,analyst_A,2025-08-19 07:47:48,medium
TXN-2020915,legit,,analyst_A,2025-08-19 07:51:43,medium
TXN-2001063,legit,,analyst_A,2025-08-19 08:03:25,medium
TXN-2006806,legit,,analyst_A,2025-08-19 08:27:44,medium
TXN-2023955,legit,,analyst_A,2025-08-19 10:52:33,low
TXN-2019809,legit,,analyst_B,2025-08-19 11:05:16,medium
TXN-2014175,legit,,analyst_B,2025-08-19 11:53:39,low
TXN-2014052,legit,,analyst_A,2025-08-19 12:20:07,low
TXN-2020090,legit,,analyst_B,2025-08-19 13:05:19,high
TXN-2024678,legit,,analyst_A,2025-08-19 16:06:01,medium
TXN-2021174,legit,,analyst_A,2025-08-19 16:52:10,medium
TXN-2024978,legit,,analyst_B,2025-08-19 16:59:51,medium
TXN-2015119,legit,,analyst_A,2025-08-19 20:00:23,high
TXN-2009209,legit,,analyst_B,2025-08-19 20:10:35,medium
TXN-2000178,legit,,analyst_A,2025-08-19 21:17:35,high
TXN-2011313,legit,,analyst_B,2025-08-19 21:55:05,medium
TXN-2011497,legit,,analyst_A,2025-08-19 22:00:49,medium
TXN-2015887,legit,,analyst_B,2025-08-19 22:31:48,low
TXN-2004756,legit,,analyst_A,2025-08-19 22:59:29,medium
TXN-2016167,legit,,analyst_A,2025-08-19 23:26:12,medium
TXN-2024654,legit,,analyst_A,2025-08-20 00:41:40,medium
TXN-2008963,legit,,analyst_B,2025-08-20 01:40:30,high
TXN-2014685,legit,,analyst_A,2025-08-20 02:50:51,low
TXN-2024873,legit,,analyst_B,2025-08-20 02:52:30,low
TXN-2012956,legit,,analyst_A,2025-08-20 05:13:03,high
TXN-2005077,legit,,analyst_A,2025-08-20 06:08:15,medium
TXN-2006607,legit,,analyst_B,2025-08-20 06:30:00,high
TXN-2017956,legit,,analyst_A,2025-08-20 07:22:49,medium
TXN-2013855,legit,,analyst_A,2025-08-20 08:06:27,medium
TXN-2018297,legit,,analyst_A,2025-08-20 08:41:18,medium
TXN-2011103,legit,,analyst_A,2025-08-20 09:57:28,medium
TXN-2001229,legit,,analyst_A,2025-08-20 10:13:25,high
TXN-2018015,legit,,analyst_B,2025-08-20 10:15:48,medium
TXN-2011260,legit,,analyst_B,2025-08-20 10:42:59,low
TXN-2008639,legit,,analyst_A,2025-08-20 11:20:20,medium
TXN-2006968,legit,,analyst_B,2025-08-20 11:24:56,high
TXN-2017522,legit,,analyst_A,2025-08-20 13:26:15,high
TXN-2011276,legit,,analyst_A,2025-08-20 16:55:55,high
TXN-2000072,legit,,analyst_A,2025-08-20 17:06:39,high
TXN-2018834,legit,,analyst_B,2025-08-20 17:52:01,low
TXN-2006460,legit,,analyst_A,2025-08-20 17:55:26,low
TXN-2009821,legit,,analyst_A,2025-08-20 18:40:30,medium
TXN-2015413,legit,,analyst_B,2025-08-20 19:20:14,high
TXN-2011653,legit,,analyst_B,2025-08-20 22:15:29,high
TXN-2013741,legit,,analyst_A,2025-08-20 23:15:18,medium
TXN-2006971,legit,,analyst_B,2025-08-21 00:21:12,high
TXN-2020465,legit,,analyst_B,2025-08-21 01:08:25,medium
TXN-2022860,legit,,analyst_B,2025-08-21 01:10:53,high
TXN-2017171,legit,,analyst_B,2025-08-21 01:29:39,medium
TXN-2007121,legit,,analyst_A,2025-08-21 01:58:45,high
TXN-2020068,legit,,analyst_A,2025-08-21 02:07:43,medium
TXN-2020840,legit,,analyst_A,2025-08-21 02:19:41,high
TXN-2012166,legit,,analyst_B,2025-08-21 02:22:45,medium
TXN-2013838,legit,,analyst_A,2025-08-21 05:36:23,low
TXN-2008235,legit,,analyst_A,2025-08-21 05:37:24,high
TXN-2020679,legit,,analyst_A,2025-08-21 05:38:44,medium
TXN-2023543,legit,,analyst_A,2025-08-21 05:42:04,high
TXN-2001360,legit,,analyst_A,2025-08-21 07:09:57,low
TXN-2005966,legit,,analyst_A,2025-08-21 07:10:25,medium
TXN-2010512,legit,,analyst_A,2025-08-21 07:33:16,high
TXN-2020862,legit,,analyst_B,2025-08-21 07:35:14,high
TXN-2004697,legit,,analyst_A,2025-08-21 07:35:39,medium
TXN-2007844,legit,,analyst_A,2025-08-21 08:21:23,medium
TXN-2011737,legit,,analyst_B,2025-08-21 10:08:25,medium
TXN-2013062,legit,,analyst_A,2025-08-21 10:38:43,high
TXN-2005799,legit,,analyst_A,2025-08-21 10:54:52,medium
TXN-2014448,legit,,analyst_A,2025-08-21 13:06:25,medium
TXN-2022273,legit,,analyst_B,2025-08-21 15:56:55,medium
TXN-2014055,legit,,analyst_B,2025-08-21 17:12:08,high
TXN-2021182,legit,,analyst_B,2025-08-21 17:34:01,medium
TXN-2018512,legit,,analyst_A,2025-08-21 19:52:17,high
TXN-2008016,legit,,analyst_A,2025-08-21 20:22:01,medium
TXN-2020745,legit,,analyst_A,2025-08-21 20:34:35,high
TXN-2018655,legit,,analyst_A,2025-08-21 23:25:52,medium
TXN-2005866,legit,,analyst_A,2025-08-22 02:18:57,high
TXN-2009999,legit,,analyst_A,2025-08-22 03:21:54,medium
TXN-2023078,legit,,analyst_A,2025-08-22 03:23:51,medium
TXN-2024623,legit,,analyst_A,2025-08-22 04:12:06,medium
TXN-2024223,legit,,analyst_A,2025-08-22 05:11:34,high
TXN-2019438,legit,,analyst_A,2025-08-22 08:02:20,medium
TXN-2004399,legit,,analyst_A,2025-08-22 08:38:23,low
TXN-2014760,legit,,analyst_B,2025-08-22 09:07:53,medium
TXN-2015068,legit,,analyst_A,2025-08-22 09:24:07,medium
TXN-2002980,legit,,analyst_A,2025-08-22 10:43:10,high
TXN-2007342,legit,,analyst_B,2025-08-22 11:32:37,high
TXN-2022272,legit,,analyst_A,2025-08-22 11:40:48,high
TXN-2019671,legit,,analyst_A,2025-08-22 12:48:59,medium
TXN-2013330,legit,,analyst_A,2025-08-22 12:49:01,low
TXN-2022214,legit,,analyst_A,2025-08-22 17:08:06,medium
TXN-2016616,legit,,analyst_A,2025-08-22 17:09:29,high
TXN-2021799,legit,,analyst_A,2025-08-22 19:31:48,high
TXN-2010654,legit,,analyst_A,2025-08-22 20:13:26,high
TXN-2014277,legit,,analyst_A,2025-08-22 22:07:53,low
TXN-2023955,legit,,analyst_B,2025-08-22 23:52:33,high
TXN-2001819,legit,,analyst_B,2025-08-23 01:32:41,high
TXN-2013990,fraud,sim_swap,analyst_B,2025-08-23 01:50:18,high
TXN-2024600,legit,,analyst_B,2025-08-23 03:37:56,low
TXN-2018324,legit,,analyst_B,2025-08-23 07:18:52,low
TXN-2002049,legit,,analyst_A,2025-08-23 09:05:33,medium
TXN-2007886,legit,,analyst_A,2025-08-23 10:57:42,high
TXN-2013772,legit,,analyst_A,2025-08-23 12:18:18,low
TXN-2018969,legit,,analyst_B,2025-08-23 14:08:31,high
TXN-2014068,legit,,analyst_A,2025-08-23 14:20:04,medium
TXN-2009060,legit,,analyst_A,2025-08-23 14:59:03,low
TXN-2008046,legit,,analyst_B,2025-08-23 16:46:20,high
TXN-2014550,legit,,analyst_B,2025-08-23 17:03:00,medium
TXN-2021801,legit,,analyst_B,2025-08-23 17:19:43,high
TXN-2013827,legit,,analyst_A,2025-08-23 17:22:59,medium
TXN-2024627,legit,,analyst_A,2025-08-23 17:26:35,high
TXN-2003940,legit,,analyst_A,2025-08-23 17:50:02,high
TXN-2011074,legit,,analyst_B,2025-08-23 18:12:55,high
TXN-2024516,legit,,analyst_A,2025-08-23 20:35:08,medium
TXN-2004812,legit,,analyst_B,2025-08-23 22:16:05,high
TXN-2010560,legit,,analyst_A,2025-08-23 22:31:49,high
TXN-2009376,legit,,analyst_A,2025-08-23 23:06:34,medium
TXN-2004011,legit,,analyst_A,2025-08-23 23:49:21,high
TXN-2012090,legit,,analyst_B,2025-08-23 23:58:35,medium
TXN-2007833,legit,,analyst_B,2025-08-24 00:12:05,high
TXN-2013651,legit,,analyst_A,2025-08-24 01:17:19,high
TXN-2012624,legit,,analyst_B,2025-08-24 01:58:17,high
TXN-2018583,legit,,analyst_A,2025-08-24 03:09:11,medium
TXN-2003822,legit,,analyst_A,2025-08-24 03:22:53,medium
TXN-2013692,legit,,analyst_A,2025-08-24 04:10:16,high
TXN-2004421,legit,,analyst_B,2025-08-24 05:10:34,high
TXN-2003246,legit,,analyst_A,2025-08-24 05:43:12,high
TXN-2004639,legit,,analyst_B,2025-08-24 08:11:01,medium
TXN-2003166,legit,,analyst_A,2025-08-24 10:12:47,medium
TXN-2022328,legit,,analyst_A,2025-08-24 10:56:50,medium
TXN-2000894,legit,,analyst_B,2025-08-24 11:49:07,high
TXN-2017540,legit,,analyst_A,2025-08-24 14:21:02,medium
TXN-2007387,legit,,analyst_A,2025-08-24 15:05:41,high
TXN-2010731,legit,,analyst_A,2025-08-24 16:08:16,high
TXN-2015663,legit,,analyst_A,2025-08-24 17:47:38,medium
TXN-2006715,legit,,analyst_A,2025-08-24 18:43:32,high
TXN-2011451,legit,,analyst_A,2025-08-24 19:58:08,medium
TXN-2020019,legit,,analyst_B,2025-08-24 20:20:32,high
TXN-2023885,legit,,analyst_B,2025-08-24 20:53:44,high
TXN-2003933,legit,,analyst_A,2025-08-24 21:18:42,high
TXN-2002241,legit,,analyst_A,2025-08-24 23:06:11,high
TXN-2006325,legit,,analyst_B,2025-08-24 23:22:00,high
TXN-2015074,legit,,analyst_B,2025-08-24 23:50:35,medium
TXN-2008153,legit,,analyst_B,2025-08-25 01:52:30,medium
TXN-2001803,legit,,analyst_B,2025-08-25 02:23:31,medium
TXN-2022127,legit,,analyst_A,2025-08-25 02:55:59,high
TXN-2000361,legit,,analyst_A,2025-08-25 03:19:28,medium
TXN-2012991,legit,,analyst_B,2025-08-25 03:24:23,low
TXN-2017916,legit,,analyst_A,2025-08-25 04:51:35,high
TXN-2016350,legit,,analyst_B,2025-08-25 05:15:36,low
TXN-2007837,legit,,analyst_A,2025-08-25 05:30:30,medium
TXN-2015549,legit,,analyst_A,2025-08-25 05:47:11,high
TXN-2011083,legit,,analyst_A,2025-08-25 05:55:23,high
TXN-2010649,legit,,analyst_B,2025-08-25 07:02:05,low
TXN-2001312,legit,,analyst_A,2025-08-25 08:11:00,high
TXN-2019677,legit,,analyst_A,2025-08-25 08:47:33,medium
TXN-2011531,legit,,analyst_B,2025-08-25 10:02:35,low
TXN-2008128,legit,,analyst_B,2025-08-25 10:15:29,medium
TXN-2018695,legit,,analyst_A,2025-08-25 10:20:22,medium
TXN-2017278,legit,,analyst_A,2025-08-25 12:14:25,medium
TXN-2015320,legit,,analyst_A,2025-08-25 14:42:35,low
TXN-2015207,legit,,analyst_A,2025-08-25 19:53:22,high
TXN-2017622,legit,,analyst_A,2025-08-25 19:55:51,high
TXN-2023648,legit,,analyst_A,2025-08-25 22:13:34,high
TXN-2018384,legit,,analyst_A,2025-08-25 22:19:05,medium
TXN-2011206,legit,,analyst_B,2025-08-25 22:21:38,high
TXN-2007156,legit,,analyst_B,2025-08-25 23:49:51,high
TXN-2010025,legit,,analyst_A,2025-08-25 23:56:37,high
TXN-2017666,legit,,analyst_A,2025-08-26 00:21:42,medium
TXN-2008208,legit,,analyst_B,2025-08-26 00:55:17,high
TXN-2012744,legit,,analyst_A,2025-08-26 01:20:42,low
TXN-2020608,legit,,analyst_B,2025-08-26 01:43:14,low
TXN-2000698,legit,,analyst_A,2025-08-26 01:56:21,high
TXN-2007488,legit,,analyst_B,2025-08-26 02:02:41,medium
TXN-2011655,legit,,analyst_A,2025-08-26 04:21:21,high
TXN-2004833,legit,,analyst_A,2025-08-26 05:46:42,medium
TXN-2016930,legit,,analyst_B,2025-08-26 07:33:37,medium
TXN-2012791,legit,,analyst_A,2025-08-26 08:53:02,low
TXN-2012191,legit,,analyst_B,2025-08-26 09:13:04,medium
TXN-2023639,legit,,analyst_A,2025-08-26 10:40:54,low
TXN-2011927,legit,,analyst_B,2025-08-26 11:32:44,medium
TXN-2013762,legit,,analyst_A,2025-08-26 12:32:47,high
TXN-2000323,legit,,analyst_A,2025-08-26 14:58:18,high
TXN-2004647,legit,,analyst_B,2025-08-26 16:12:01,high
TXN-2012163,legit,,analyst_B,2025-08-26 16:18:29,medium
TXN-2008586,legit,,analyst_A,2025-08-26 18:56:44,high
TXN-2012676,legit,,analyst_B,2025-08-26 20:57:05,low
TXN-2000626,legit,,analyst_B,2025-08-26 20:59:58,high
TXN-2009800,legit,,analyst_B,2025-08-26 21:13:37,medium
TXN-2000140,legit,,analyst_A,2025-08-26 21:50:06,low
TXN-2023485,legit,,analyst_A,2025-08-26 21:50:28,medium
TXN-2017584,legit,,analyst_B,2025-08-26 22:55:03,high
TXN-2004738,legit,,analyst_A,2025-08-26 23:54:35,medium
TXN-2011729,legit,,analyst_B,2025-08-27 04:36:45,medium
TXN-2006313,legit,,analyst_B,2025-08-27 04:58:31,high
TXN-2006169,legit,,analyst_A,2025-08-27 05:12:14,medium
TXN-2022666,legit,,analyst_A,2025-08-27 06:09:17,low
TXN-2010813,legit,,analyst_B,2025-08-27 09:43:50,high
TXN-2021052,legit,,analyst_B,2025-08-27 10:56:18,low
TXN-2018428,legit,,analyst_A,2025-08-27 11:11:09,high
TXN-2003667,legit,,analyst_A,2025-08-27 11:13:27,high
TXN-2013131,legit,,analyst_A,2025-08-27 14:49:52,medium
TXN-2002633,legit,,analyst_B,2025-08-27 14:56:03,medium
TXN-2011879,legit,,analyst_B,2025-08-27 14:56:08,medium
TXN-2004285,legit,,analyst_A,2025-08-27 15:27:30,high
TXN-2008776,legit,,analyst_B,2025-08-27 15:54:48,high
TXN-2013231,legit,,analyst_A,2025-08-27 15:55:04,medium
TXN-2008968,legit,,analyst_A,2025-08-27 16:47:09,low
TXN-2017023,legit,,analyst_A,2025-08-27 17:19:01,high
TXN-2018092,legit,,analyst_A,2025-08-27 17:32:59,medium
TXN-2015817,legit,,analyst_A,2025-08-27 19:05:13,low
TXN-2012704,legit,,analyst_A,2025-08-27 19:18:50,medium
TXN-2004235,legit,,analyst_A,2025-08-27 22:29:34,low
TXN-2019561,legit,,analyst_A,2025-08-27 23:15:44,medium
TXN-2003502,legit,,analyst_B,2025-08-28 00:12:27,medium
TXN-2006673,legit,,analyst_B,2025-08-28 04:02:35,high
TXN-2016986,legit,,analyst_A,2025-08-28 04:35:52,medium
TXN-2014275,legit,,analyst_A,2025-08-28 04:46:42,medium
TXN-2009572,legit,,analyst_A,2025-08-28 05:17:00,low
TXN-2007483,legit,,analyst_B,2025-08-28 05:17:22,medium
TXN-2008785,legit,,analyst_A,2025-08-28 05:26:01,high
TXN-2023861,legit,,analyst_A,2025-08-28 05:33:42,medium
TXN-2019930,legit,,analyst_B,2025-08-28 05:59:26,high
TXN-2015553,legit,,analyst_B,2025-08-28 08:11:42,high
TXN-2024270,legit,,analyst_A,2025-08-28 09:38:55,medium
TXN-2012349,legit,,analyst_A,2025-08-28 10:52:41,high
TXN-2007993,legit,,analyst_B,2025-08-28 11:32:21,medium
TXN-2005257,legit,,analyst_B,2025-08-28 12:11:32,high
TXN-2010862,legit,,analyst_B,2025-08-28 14:44:42,high
TXN-2020415,legit,,analyst_B,2025-08-28 15:51:15,medium
TXN-2018097,legit,,analyst_A,2025-08-28 18:42:03,low
TXN-2020275,legit,,analyst_A,2025-08-28 19:50:32,low
TXN-2014498,legit,,analyst_B,2025-08-28 20:06:30,high
TXN-2009289,legit,,analyst_A,2025-08-28 20:48:29,high
TXN-2022699,legit,,analyst_B,2025-08-28 20:48:35,high
TXN-2003449,legit,,analyst_B,2025-08-28 23:08:16,medium
TXN-2004245,legit,,analyst_A,2025-08-28 23:47:06,high
TXN-2015583,legit,,analyst_A,2025-08-29 00:25:35,medium
TXN-2022672,legit,,analyst_A,2025-08-29 01:50:59,high
TXN-2003574,legit,,analyst_A,2025-08-29 03:05:26,medium
TXN-2004414,legit,,analyst_B,2025-08-29 03:09:15,medium
TXN-2002244,legit,,analyst_A,2025-08-29 04:07:43,high
TXN-2008945,legit,,analyst_B,2025-08-29 04:54:28,high
TXN-2002206,legit,,analyst_A,2025-08-29 07:56:36,high
TXN-2000076,legit,,analyst_A,2025-08-29 08:27:50,medium
TXN-2009570,legit,,analyst_A,2025-08-29 09:00:21,medium
TXN-2002567,legit,,analyst_A,2025-08-29 09:11:36,medium
TXN-2008149,legit,,analyst_A,2025-08-29 10:23:13,medium
TXN-2021302,legit,,analyst_A,2025-08-29 10:25:42,high
TXN-2013485,legit,,analyst_A,2025-08-29 10:32:40,medium
TXN-2009105,legit,,analyst_B,2025-08-29 12:49:13,low
TXN-2007680,legit,,analyst_A,2025-08-29 14:19:42,medium
TXN-2022303,legit,,analyst_B,2025-08-29 15:40:56,low
TXN-2013396,legit,,analyst_B,2025-08-29 17:02:37,high
TXN-2016366,legit,,analyst_A,2025-08-29 18:39:54,medium
TXN-2015467,legit,,analyst_A,2025-08-29 20:37:46,medium
TXN-2003559,legit,,analyst_A,2025-08-29 20:44:38,low
TXN-2022443,legit,,analyst_A,2025-08-29 21:12:49,low
TXN-2015178,legit,,analyst_A,2025-08-29 21:40:23,high
TXN-2016733,legit,,analyst_A,2025-08-29 21:44:54,medium
TXN-2005616,legit,,analyst_B,2025-08-29 21:50:27,medium
TXN-2000056,legit,,analyst_B,2025-08-29 22:47:49,low
TXN-2013923,legit,,analyst_A,2025-08-29 22:59:21,high
TXN-2008368,legit,,analyst_A,2025-08-29 23:01:50,low
TXN-2003027,legit,,analyst_A,2025-08-29 23:16:56,medium
TXN-2021560,legit,,analyst_A,2025-08-29 23:26:27,medium
TXN-2018204,legit,,analyst_B,2025-08-30 00:56:41,high
TXN-2005398,legit,,analyst_B,2025-08-30 01:00:56,high
TXN-2003204,legit,,analyst_A,2025-08-30 01:27:09,high
TXN-2011759,legit,,analyst_A,2025-08-30 01:56:15,low
TXN-2022142,legit,,analyst_A,2025-08-30 02:19:23,medium
TXN-2016883,legit,,analyst_A,2025-08-30 02:44:37,high
TXN-2002988,legit,,analyst_A,2025-08-30 02:55:24,low
TXN-2002628,legit,,analyst_A,2025-08-30 03:00:35,low
TXN-2016289,legit,,analyst_A,2025-08-30 03:14:29,medium
TXN-2008042,legit,,analyst_A,2025-08-30 05:24:33,high
TXN-2023325,legit,,analyst_A,2025-08-30 06:36:30,medium
TXN-2015375,legit,,analyst_B,2025-08-30 07:54:38,high
TXN-2011473,legit,,analyst_B,2025-08-30 08:33:49,low
TXN-2017692,legit,,analyst_B,2025-08-30 08:35:29,high
TXN-2024127,legit,,analyst_B,2025-08-30 09:09:37,medium
TXN-2008302,legit,,analyst_B,2025-08-30 09:29:44,high
TXN-2022714,legit,,analyst_A,2025-08-30 09:48:36,low
TXN-2015015,legit,,analyst_A,2025-08-30 10:14:59,medium
TXN-2019069,legit,,analyst_A,2025-08-30 11:58:39,low
TXN-2003930,legit,,analyst_B,2025-08-30 12:57:11,high
TXN-2017915,legit,,analyst_B,2025-08-30 13:14:00,medium
TXN-2020728,legit,,analyst_B,2025-08-30 13:15:43,high
TXN-2010313,legit,,analyst_A,2025-08-30 14:21:14,high
TXN-2011530,legit,,analyst_A,2025-08-30 15:37:41,high
TXN-2005609,legit,,analyst_A,2025-08-30 17:05:17,high
TXN-2003124,legit,,analyst_A,2025-08-30 17:45:34,high
TXN-2021892,legit,,analyst_A,2025-08-30 17:50:33,high
TXN-2009477,legit,,analyst_A,2025-08-30 18:33:23,low
TXN-2008468,legit,,analyst_B,2025-08-30 18:56:12,medium
TXN-2022391,legit,,analyst_B,2025-08-30 19:04:46,high
TXN-2013168,legit,,analyst_A,2025-08-30 19:42:45,medium
TXN-2003048,legit,,analyst_A,2025-08-30 19:46:15,medium
TXN-2022877,legit,,analyst_B,2025-08-30 21:47:45,high
TXN-2020117,legit,,analyst_B,2025-08-30 23:08:27,high
TXN-2007491,legit,,analyst_B,2025-08-30 23:32:47,medium
TXN-2004408,legit,,analyst_B,2025-08-31 00:25:37,medium
TXN-2019352,legit,,analyst_B,2025-08-31 00:46:19,low
TXN-2012575,legit,,analyst_B,2025-08-31 00:50:49,medium
TXN-2001937,legit,,analyst_A,2025-08-31 01:10:39,medium
TXN-2017166,legit,,analyst_B,2025-08-31 02:32:25,medium
TXN-2020707,legit,,analyst_B,2025-08-31 05:23:51,high
TXN-2023435,legit,,analyst_A,2025-08-31 05:50:26,medium
TXN-2020205,legit,,analyst_B,2025-08-31 06:06:54,high
TXN-2001180,legit,,analyst_B,2025-08-31 07:22:20,medium
TXN-2016647,legit,,analyst_A,2025-08-31 08:26:17,medium
TXN-2004726,legit,,analyst_B,2025-08-31 08:38:50,low
TXN-2005565,legit,,analyst_A,2025-08-31 10:35:23,high
TXN-2012842,legit,,analyst_A,2025-08-31 10:41:17,medium
TXN-2006187,legit,,analyst_A,2025-08-31 10:59:48,medium
TXN-2006523,legit,,analyst_B,2025-08-31 11:10:40,high
TXN-2018513,legit,,analyst_B,2025-08-31 11:51:49,high
TXN-2018437,legit,,analyst_B,2025-08-31 12:37:27,medium
TXN-2020680,legit,,analyst_B,2025-08-31 12:43:51,medium
TXN-2022108,legit,,analyst_B,2025-08-31 16:11:25,low
TXN-2004104,legit,,analyst_B,2025-08-31 16:51:18,low
TXN-2012025,legit,,analyst_A,2025-08-31 17:08:19,high
TXN-2017467,legit,,analyst_B,2025-08-31 17:55:12,medium
TXN-2004831,legit,,analyst_B,2025-08-31 18:01:51,high
TXN-2023926,legit,,analyst_A,2025-08-31 18:23:26,medium
TXN-2014319,legit,,analyst_A,2025-08-31 19:54:14,low
TXN-2019032,legit,,analyst_B,2025-08-31 20:36:21,medium
TXN-2022935,legit,,analyst_A,2025-08-31 20:38:47,high
TXN-2022119,legit,,analyst_A,2025-08-31 22:02:25,low
TXN-2005216,legit,,analyst_A,2025-08-31 22:55:42,low
TXN-2013761,legit,,analyst_A,2025-08-31 23:34:32,high
TXN-2024662,legit,,analyst_A,2025-09-01 02:07:40,high
TXN-2022887,legit,,analyst_B,2025-09-01 03:28:53,high
TXN-2015848,legit,,analyst_B,2025-09-01 05:12:09,medium
TXN-2010703,legit,,analyst_B,2025-09-01 05:57:45,medium
TXN-2013218,legit,,analyst_A,2025-09-01 06:27:32,high
TXN-2023733,legit,,analyst_B,2025-09-01 12:54:09,medium
TXN-2020816,legit,,analyst_B,2025-09-01 13:17:34,high
TXN-2005104,legit,,analyst_B,2025-09-01 13:31:17,low
TXN-2022356,legit,,analyst_A,2025-09-01 14:21:39,high
TXN-2001094,legit,,analyst_B,2025-09-01 15:01:09,high
TXN-2009947,legit,,analyst_A,2025-09-01 16:20:06,high
TXN-2004440,legit,,analyst_A,2025-09-01 17:26:42,medium
TXN-2023638,legit,,analyst_A,2025-09-01 18:03:42,high
TXN-2022541,legit,,analyst_A,2025-09-01 18:04:16,medium
TXN-2016977,legit,,analyst_B,2025-09-01 18:45:07,high
TXN-2008037,legit,,analyst_B,2025-09-01 18:53:11,high
TXN-2024121,legit,,analyst_B,2025-09-01 19:22:00,high
TXN-2007387,legit,,analyst_B,2025-09-01 21:05:41,low
TXN-2017124,legit,,analyst_A,2025-09-01 21:14:12,high
TXN-2010190,legit,,analyst_B,2025-09-01 21:22:02,high
TXN-2007102,legit,,analyst_A,2025-09-01 23:02:06,high
TXN-2016642,legit,,analyst_A,2025-09-02 00:46:09,high
TXN-2009097,legit,,analyst_A,2025-09-02 01:13:14,medium
TXN-2020551,legit,,analyst_A,2025-09-02 01:45:18,medium
TXN-2024316,legit,,analyst_A,2025-09-02 02:56:55,low
TXN-2001262,legit,,analyst_B,2025-09-02 03:27:15,high
TXN-2003866,legit,,analyst_B,2025-09-02 03:59:25,medium
TXN-2014997,legit,,analyst_A,2025-09-02 07:18:25,medium
TXN-2007631,legit,,analyst_A,2025-09-02 07:25:00,medium
TXN-2007544,legit,,analyst_B,2025-09-02 08:01:19,high
TXN-2002177,legit,,analyst_B,2025-09-02 09:25:21,high
TXN-2012638,legit,,analyst_B,2025-09-02 09:54:21,high
TXN-2011430,legit,,analyst_A,2025-09-02 10:31:36,high
TXN-2019469,legit,,analyst_A,2025-09-02 10:40:42,medium
TXN-2020226,legit,,analyst_B,2025-09-02 10:47:52,high
TXN-2016204,legit,,analyst_B,2025-09-02 10:54:50,medium
TXN-2024973,legit,,analyst_A,2025-09-02 11:16:48,medium
TXN-2003590,legit,,analyst_A,2025-09-02 11:22:13,high
TXN-2010133,legit,,analyst_A,2025-09-02 12:40:27,high
TXN-2000285,legit,,analyst_B,2025-09-02 14:28:31,medium
TXN-2008484,legit,,analyst_B,2025-09-02 15:04:06,high
TXN-2011053,legit,,analyst_B,2025-09-02 17:03:02,medium
TXN-2002700,legit,,analyst_A,2025-09-02 17:30:10,medium
TXN-2006114,legit,,analyst_A,2025-09-02 17:40:05,high
TXN-2003012,legit,,analyst_B,2025-09-02 18:55:32,medium
TXN-2015541,legit,,analyst_A,2025-09-02 20:05:50,medium
TXN-2023625,legit,,analyst_B,2025-09-02 21:07:09,medium
TXN-2002918,legit,,analyst_B,2025-09-02 21:39:58,low
TXN-2001855,legit,,analyst_A,2025-09-02 22:28:45,low
TXN-2005688,legit,,analyst_A,2025-09-02 23:08:56,high
TXN-2022052,legit,,analyst_A,2025-09-03 00:09:55,medium
TXN-2015702,legit,,analyst_A,2025-09-03 00:32:54,high
TXN-2018254,legit,,analyst_A,2025-09-03 00:48:47,high
TXN-2010774,legit,,analyst_A,2025-09-03 05:26:58,medium
TXN-2001223,legit,,analyst_A,2025-09-03 06:22:08,high
TXN-2015200,legit,,analyst_B,2025-09-03 06:50:30,low
TXN-2002808,legit,,analyst_A,2025-09-03 07:00:37,high
TXN-2004479,legit,,analyst_B,2025-09-03 07:10:21,high
TXN-2002840,legit,,analyst_B,2025-09-03 08:06:38,medium
TXN-2018348,legit,,analyst_A,2025-09-03 10:07:34,low
TXN-2005176,legit,,analyst_B,2025-09-03 10:14:32,low
TXN-2011297,legit,,analyst_A,2025-09-03 10:49:10,high
TXN-2006354,legit,,analyst_A,2025-09-03 11:22:28,medium
TXN-2000146,legit,,analyst_B,2025-09-03 11:42:12,high
TXN-2015719,legit,,analyst_B,2025-09-03 12:26:14,low
TXN-2023808,legit,,analyst_A,2025-09-03 12:32:07,high
TXN-2010548,legit,,analyst_A,2025-09-03 12:55:28,high
TXN-2010622,legit,,analyst_A,2025-09-03 13:40:23,medium
TXN-2006733,legit,,analyst_B,2025-09-03 13:41:31,medium
TXN-2003698,legit,,analyst_A,2025-09-03 14:20:18,medium
TXN-2020630,legit,,analyst_B,2025-09-03 15:04:57,low
TXN-2021799,legit,,analyst_B,2025-09-03 16:31:48,medium
TXN-2008236,legit,,analyst_A,2025-09-03 16:37:39,medium
TXN-2015537,legit,,analyst_B,2025-09-03 17:53:09,medium
TXN-2001472,legit,,analyst_A,2025-09-03 20:52:13,medium
TXN-2007713,legit,,analyst_A,2025-09-03 20:59:14,high
TXN-2003858,legit,,analyst_A,2025-09-03 22:11:48,high
TXN-2002079,legit,,analyst_A,2025-09-03 22:53:44,medium
TXN-2012409,legit,,analyst_B,2025-09-03 23:23:14,high
TXN-2014704,legit,,analyst_A,2025-09-04 00:09:15,high
TXN-2001856,legit,,analyst_B,2025-09-04 01:04:17,low
TXN-2007884,legit,,analyst_A,2025-09-04 01:06:03,medium
TXN-2005283,legit,,analyst_B,2025-09-04 01:58:09,high
TXN-2022645,legit,,analyst_B,2025-09-04 04:12:22,medium
TXN-2001252,legit,,analyst_A,2025-09-04 05:35:14,high
TXN-2020136,legit,,analyst_B,2025-09-04 05:37:38,medium
TXN-2012398,legit,,analyst_B,2025-09-04 07:53:51,medium
TXN-2023012,legit,,analyst_A,2025-09-04 08:23:48,high
TXN-2018595,legit,,analyst_A,2025-09-04 08:34:53,high
TXN-2019162,legit,,analyst_B,2025-09-04 08:49:34,medium
TXN-2001068,legit,,analyst_A,2025-09-04 08:55:52,high
TXN-2004495,legit,,analyst_B,2025-09-04 10:58:52,low
TXN-2019778,legit,,analyst_B,2025-09-04 11:28:55,medium
TXN-2005542,legit,,analyst_B,2025-09-04 12:19:30,low
TXN-2021093,legit,,analyst_B,2025-09-04 12:58:43,high
TXN-2008903,legit,,analyst_A,2025-09-04 13:33:36,low
TXN-2012187,legit,,analyst_A,2025-09-04 13:42:51,low
TXN-2006757,legit,,analyst_A,2025-09-04 16:17:51,high
TXN-2003183,legit,,analyst_A,2025-09-04 19:23:02,medium
TXN-2020045,legit,,analyst_B,2025-09-04 21:35:19,low
TXN-2004755,legit,,analyst_B,2025-09-04 22:38:03,high
TXN-2020917,legit,,analyst_B,2025-09-05 00:33:22,low
TXN-2016721,legit,,analyst_B,2025-09-05 00:35:16,medium
TXN-2003262,legit,,analyst_B,2025-09-05 01:08:43,high
TXN-2015398,legit,,analyst_A,2025-09-05 05:24:36,medium
TXN-2001544,legit,,analyst_B,2025-09-05 05:36:46,medium
TXN-2011809,legit,,analyst_A,2025-09-05 05:51:51,high
TXN-2006711,legit,,analyst_A,2025-09-05 07:30:20,high
TXN-2007013,legit,,analyst_B,2025-09-05 07:36:05,medium
TXN-2023825,legit,,analyst_B,2025-09-05 08:00:23,low
TXN-2005422,legit,,analyst_B,2025-09-05 08:01:42,medium
TXN-2023015,legit,,analyst_A,2025-09-05 09:54:41,high
TXN-2022858,legit,,analyst_A,2025-09-05 11:17:34,medium
TXN-2019990,legit,,analyst_A,2025-09-05 12:02:44,medium
TXN-2007606,legit,,analyst_A,2025-09-05 13:01:33,high
TXN-2021633,legit,,analyst_A,2025-09-05 13:16:13,medium
TXN-2022956,legit,,analyst_A,2025-09-05 14:07:28,high
TXN-2012619,legit,,analyst_B,2025-09-05 14:58:45,medium
TXN-2014559,legit,,analyst_A,2025-09-05 16:54:33,medium
TXN-2017201,legit,,analyst_B,2025-09-05 17:08:56,high
TXN-2010118,legit,,analyst_A,2025-09-05 18:17:12,high
TXN-2016414,legit,,analyst_B,2025-09-05 18:58:55,medium
TXN-2006755,legit,,analyst_A,2025-09-05 19:26:26,low
TXN-2001728,legit,,analyst_A,2025-09-05 19:46:49,high
TXN-2022150,legit,,analyst_A,2025-09-05 19:53:56,medium
TXN-2012079,legit,,analyst_B,2025-09-05 20:41:19,high
TXN-2015003,legit,,analyst_A,2025-09-05 20:55:37,high
TXN-2006296,legit,,analyst_A,2025-09-05 21:12:39,medium
TXN-2020006,legit,,analyst_A,2025-09-05 21:43:17,high
TXN-2013924,legit,,analyst_A,2025-09-05 21:44:44,high
TXN-2007217,legit,,analyst_A,2025-09-05 22:37:02,high
TXN-2014768,legit,,analyst_B,2025-09-05 22:43:12,high
TXN-2021601,legit,,analyst_B,2025-09-05 22:54:44,medium
TXN-2001578,legit,,analyst_A,2025-09-06 01:13:46,high
TXN-2003020,legit,,analyst_B,2025-09-06 01:25:57,medium
TXN-2016772,legit,,analyst_B,2025-09-06 02:14:20,low
TXN-2020462,legit,,analyst_A,2025-09-06 02:43:35,high
TXN-2000415,legit,,analyst_A,2025-09-06 03:05:14,medium
TXN-2012288,legit,,analyst_A,2025-09-06 04:07:08,high
TXN-2001434,legit,,analyst_A,2025-09-06 04:10:41,low
TXN-2020874,legit,,analyst_A,2025-09-06 04:39:41,high
TXN-2009917,legit,,analyst_A,2025-09-06 05:24:07,medium
TXN-2017521,legit,,analyst_A,2025-09-06 08:38:22,medium
TXN-2018459,legit,,analyst_A,2025-09-06 08:43:44,medium
TXN-2000140,legit,,analyst_B,2025-09-06 09:50:06,high
TXN-2014168,legit,,analyst_A,2025-09-06 12:56:12,low
TXN-2023719,legit,,analyst_B,2025-09-06 13:44:30,medium
TXN-2018813,legit,,analyst_A,2025-09-06 15:44:25,low
TXN-2001523,legit,,analyst_A,2025-09-06 16:47:45,high
TXN-2004110,legit,,analyst_A,2025-09-06 16:50:06,high
TXN-2016849,legit,,analyst_A,2025-09-06 17:51:23,medium
TXN-2013910,legit,,analyst_B,2025-09-06 21:25:26,high
TXN-2005007,legit,,analyst_A,2025-09-06 21:57:15,high
TXN-2019527,legit,,analyst_B,2025-09-06 22:00:58,high
TXN-2024956,legit,,analyst_A,2025-09-07 00:20:26,high
TXN-2007365,legit,,analyst_A,2025-09-07 00:38:11,high
TXN-2006304,legit,,analyst_B,2025-09-07 02:09:36,medium
TXN-2013806,legit,,analyst_A,2025-09-07 03:44:06,medium
TXN-2019475,legit,,analyst_A,2025-09-07 03:48:15,medium
TXN-2022973,legit,,analyst_A,2025-09-07 04:11:35,low
TXN-2012921,legit,,analyst_A,2025-09-07 04:30:30,medium
TXN-2018155,legit,,analyst_A,2025-09-07 06:41:20,high
TXN-2010076,legit,,analyst_B,2025-09-07 07:27:30,high
TXN-2005147,legit,,analyst_A,2025-09-07 09:46:45,medium
TXN-2002922,legit,,analyst_A,2025-09-07 10:40:48,low
TXN-2023617,legit,,analyst_B,2025-09-07 10:55:12,medium
TXN-2017056,legit,,analyst_B,2025-09-07 11:17:41,medium
TXN-2000436,legit,,analyst_A,2025-09-07 12:33:29,low
TXN-2022359,legit,,analyst_A,2025-09-07 12:59:47,high
TXN-2008471,legit,,analyst_A,2025-09-07 14:40:37,low
TXN-2015340,legit,,analyst_B,2025-09-07 15:20:48,high
TXN-2008486,legit,,analyst_B,2025-09-07 16:09:50,high
TXN-2016617,legit,,analyst_B,2025-09-07 16:17:55,high
TXN-2009329,legit,,analyst_B,2025-09-07 16:43:08,high
TXN-2000857,legit,,analyst_A,2025-09-07 17:13:32,low
TXN-2020536,legit,,analyst_A,2025-09-07 19:33:11,low
TXN-2020079,legit,,analyst_A,2025-09-07 19:47:42,medium
TXN-2018663,legit,,analyst_B,2025-09-07 20:58:53,medium
TXN-2003788,legit,,analyst_A,2025-09-07 21:25:00,medium
TXN-2009437,legit,,analyst_A,2025-09-07 21:27:41,low
TXN-2005593,legit,,analyst_A,2025-09-07 23:05:48,high
TXN-2020271,legit,,analyst_A,2025-09-07 23:15:53,medium
TXN-2000142,legit,,analyst_A,2025-09-08 01:26:08,medium
TXN-2006978,legit,,analyst_B,2025-09-08 01:27:13,high
TXN-2009658,legit,,analyst_A,2025-09-08 01:27:16,high
TXN-2014502,legit,,analyst_A,2025-09-08 02:26:17,medium
TXN-2002328,legit,,analyst_A,2025-09-08 04:17:14,low
TXN-2003645,legit,,analyst_B,2025-09-08 05:12:59,medium
TXN-2006446,legit,,analyst_B,2025-09-08 05:43:14,high
TXN-2011219,legit,,analyst_B,2025-09-08 07:51:25,medium
TXN-2024763,legit,,analyst_A,2025-09-08 09:56:09,medium
TXN-2002929,legit,,analyst_B,2025-09-08 09:57:22,high
TXN-2010600,legit,,analyst_B,2025-09-08 10:02:21,low
TXN-2018599,legit,,analyst_B,2025-09-08 11:32:28,medium
TXN-2009206,legit,,analyst_B,2025-09-08 12:33:52,medium
TXN-2012958,legit,,analyst_A,2025-09-08 13:01:47,high
TXN-2016335,legit,,analyst_A,2025-09-08 13:01:49,low
TXN-2000617,legit,,analyst_A,2025-09-08 13:22:22,low
TXN-2001831,legit,,analyst_A,2025-09-08 14:21:45,low
TXN-2022498,legit,,analyst_A,2025-09-08 14:58:46,high
TXN-2010546,legit,,analyst_A,2025-09-08 15:43:54,low
TXN-2013933,legit,,analyst_A,2025-09-08 16:04:51,medium
TXN-2008486,legit,,analyst_A,2025-09-08 16:09:50,high
TXN-2006460,legit,,analyst_B,2025-09-08 17:55:26,low
TXN-2024491,legit,,analyst_A,2025-09-08 19:38:49,high
TXN-2012341,legit,,analyst_A,2025-09-08 20:27:08,medium
TXN-2014943,legit,,analyst_A,2025-09-08 20:53:11,medium
TXN-2007166,legit,,analyst_A,2025-09-08 20:55:22,low
TXN-2003947,legit,,analyst_B,2025-09-08 21:23:44,medium
TXN-2007158,legit,,analyst_A,2025-09-08 21:41:48,high
TXN-2022723,legit,,analyst_A,2025-09-08 23:27:45,medium
TXN-2018612,legit,,analyst_A,2025-09-08 23:29:10,high
TXN-2002717,legit,,analyst_A,2025-09-09 00:01:28,medium
TXN-2023785,legit,,analyst_B,2025-09-09 00:12:59,high
TXN-2015057,legit,,analyst_A,2025-09-09 00:44:11,medium
TXN-2014333,legit,,analyst_B,2025-09-09 00:47:19,medium
TXN-2006532,legit,,analyst_A,2025-09-09 01:41:31,medium
TXN-2023839,legit,,analyst_A,2025-09-09 02:02:11,high
TXN-2012149,legit,,analyst_A,2025-09-09 02:11:35,medium
TXN-2006524,legit,,analyst_A,2025-09-09 02:56:56,high
TXN-2012561,legit,,analyst_A,2025-09-09 03:20:50,high
TXN-2021568,legit,,analyst_A,2025-09-09 03:58:40,medium
TXN-2018904,legit,,analyst_A,2025-09-09 04:43:47,medium
TXN-2024521,legit,,analyst_A,2025-09-09 04:45:57,high
TXN-2001903,legit,,analyst_A,2025-09-09 07:06:00,high
TXN-2007627,legit,,analyst_B,2025-09-09 07:12:29,high
TXN-2014277,legit,,analyst_B,2025-09-09 08:07:53,medium
TXN-2019765,legit,,analyst_A,2025-09-09 09:11:00,high
TXN-2023413,legit,,analyst_A,2025-09-09 09:35:07,high
TXN-2007032,legit,,analyst_A,2025-09-09 10:23:47,medium
TXN-2005771,legit,,analyst_A,2025-09-09 10:50:26,high
TXN-2009895,legit,,analyst_A,2025-09-09 11:52:57,medium
TXN-2001857,legit,,analyst_B,2025-09-09 12:51:47,low
TXN-2002655,legit,,analyst_B,2025-09-09 13:42:01,low
TXN-2001457,legit,,analyst_B,2025-09-09 13:50:25,high
TXN-2000608,legit,,analyst_B,2025-09-09 14:35:15,low
TXN-2008817,legit,,analyst_B,2025-09-09 16:09:59,medium
TXN-2015441,legit,,analyst_A,2025-09-09 16:30:54,medium
TXN-2000525,legit,,analyst_B,2025-09-09 16:54:08,high
TXN-2003039,legit,,analyst_B,2025-09-09 17:18:44,medium
TXN-2007744,legit,,analyst_A,2025-09-09 17:48:55,medium
TXN-2023510,legit,,analyst_A,2025-09-09 17:54:08,low
TXN-2006054,legit,,analyst_B,2025-09-09 18:02:34,medium
TXN-2016184,legit,,analyst_B,2025-09-09 18:38:38,high
TXN-2003567,legit,,analyst_A,2025-09-09 20:19:09,medium
TXN-2019294,legit,,analyst_B,2025-09-09 20:27:50,high
TXN-2007680,fraud,stolen_credential,analyst_B,2025-09-09 21:19:42,low
TXN-2012209,fraud,account_takeover,analyst_A,2025-09-10 01:27:41,medium
TXN-2024710,legit,,analyst_A,2025-09-10 01:33:44,medium
TXN-2024274,legit,,analyst_B,2025-09-10 02:02:11,high
TXN-2023069,legit,,analyst_A,2025-09-10 05:01:12,medium
TXN-2004375,legit,,analyst_B,2025-09-10 05:03:52,high
TXN-2003690,legit,,analyst_A,2025-09-10 05:19:35,medium
TXN-2023094,legit,,analyst_A,2025-09-10 07:58:01,high
TXN-2016293,legit,,analyst_B,2025-09-10 09:09:25,low
TXN-2019556,legit,,analyst_A,2025-09-10 09:20:05,high
TXN-2019252,legit,,analyst_B,2025-09-10 09:37:40,high
TXN-2004226,legit,,analyst_A,2025-09-10 10:03:34,high
TXN-2008874,legit,,analyst_B,2025-09-10 11:02:25,medium
TXN-2008507,legit,,analyst_B,2025-09-10 11:29:41,low
TXN-2023859,legit,,analyst_A,2025-09-10 11:31:26,medium
TXN-2020821,legit,,analyst_A,2025-09-10 11:59:20,medium
TXN-2003867,legit,,analyst_A,2025-09-10 15:43:37,medium
TXN-2004906,legit,,analyst_B,2025-09-10 17:22:51,medium
TXN-2017945,legit,,analyst_A,2025-09-10 17:58:57,medium
TXN-2006461,legit,,analyst_B,2025-09-10 18:08:31,medium
TXN-2006473,legit,,analyst_B,2025-09-10 18:27:04,medium
TXN-2000944,legit,,analyst_A,2025-09-10 19:37:05,high
TXN-2004959,legit,,analyst_B,2025-09-10 20:32:48,high
TXN-2003296,legit,,analyst_B,2025-09-10 20:59:05,low
TXN-2008430,legit,,analyst_A,2025-09-10 21:28:49,high
TXN-2016443,legit,,analyst_A,2025-09-10 23:19:06,high
TXN-2016176,legit,,analyst_B,2025-09-11 02:15:02,high
TXN-2013113,legit,,analyst_B,2025-09-11 02:26:18,low
TXN-2014607,legit,,analyst_B,2025-09-11 02:41:50,high
TXN-2012404,legit,,analyst_A,2025-09-11 02:44:50,medium
TXN-2013684,legit,,analyst_A,2025-09-11 02:51:44,high
TXN-2014179,legit,,analyst_B,2025-09-11 03:56:20,medium
TXN-2000316,legit,,analyst_A,2025-09-11 03:56:52,high
TXN-2009481,legit,,analyst_B,2025-09-11 04:05:59,medium
TXN-2001442,legit,,analyst_B,2025-09-11 04:19:15,medium
TXN-2020654,legit,,analyst_B,2025-09-11 04:35:17,medium
TXN-2007158,legit,,analyst_B,2025-09-11 04:41:48,medium
TXN-2020424,legit,,analyst_A,2025-09-11 05:38:32,medium
TXN-2001916,legit,,analyst_B,2025-09-11 07:37:35,high
TXN-2011817,legit,,analyst_A,2025-09-11 07:57:20,medium
TXN-2015445,legit,,analyst_A,2025-09-11 08:58:10,low
TXN-2010141,legit,,analyst_B,2025-09-11 09:01:13,high
TXN-2005071,legit,,analyst_A,2025-09-11 10:08:43,high
TXN-2003794,legit,,analyst_A,2025-09-11 10:08:46,medium
TXN-2019636,legit,,analyst_A,2025-09-11 10:22:45,high
TXN-2011422,legit,,analyst_B,2025-09-11 12:12:57,high
TXN-2012854,legit,,analyst_A,2025-09-11 13:23:10,medium
TXN-2017758,legit,,analyst_B,2025-09-11 13:23:24,medium
TXN-2012694,legit,,analyst_A,2025-09-11 13:45:26,low
TXN-2000200,legit,,analyst_A,2025-09-11 14:17:49,high
TXN-2001366,legit,,analyst_B,2025-09-11 15:12:50,high
TXN-2017052,legit,,analyst_A,2025-09-11 15:55:34,high
TXN-2010281,legit,,analyst_A,2025-09-11 16:17:26,medium
TXN-2003600,legit,,analyst_A,2025-09-11 16:36:22,low
TXN-2006420,legit,,analyst_B,2025-09-11 18:10:10,high
TXN-2001153,legit,,analyst_B,2025-09-11 19:49:13,low
TXN-2010538,legit,,analyst_A,2025-09-11 20:35:56,medium
TXN-2007070,legit,,analyst_A,2025-09-11 21:51:54,medium
TXN-2007351,legit,,analyst_B,2025-09-11 22:13:51,medium
TXN-2007662,legit,,analyst_B,2025-09-11 22:51:54,medium
TXN-2022920,legit,,analyst_A,2025-09-12 00:00:10,high
TXN-2000841,legit,,analyst_B,2025-09-12 04:16:28,medium
TXN-2015748,legit,,analyst_B,2025-09-12 05:27:16,high
TXN-2011798,legit,,analyst_B,2025-09-12 05:54:03,medium
TXN-2008044,legit,,analyst_A,2025-09-12 06:38:07,medium
TXN-2003731,legit,,analyst_B,2025-09-12 07:06:23,medium
TXN-2003738,legit,,analyst_A,2025-09-12 08:13:15,high
TXN-2009851,legit,,analyst_B,2025-09-12 09:09:50,medium
TXN-2023399,legit,,analyst_B,2025-09-12 10:21:00,low
TXN-2014238,legit,,analyst_A,2025-09-12 11:11:08,medium
TXN-2003317,legit,,analyst_A,2025-09-12 11:30:00,medium
TXN-2016867,legit,,analyst_A,2025-09-12 11:35:05,high
TXN-2010882,legit,,analyst_A,2025-09-12 12:49:03,medium
TXN-2015214,legit,,analyst_B,2025-09-12 13:17:32,high
TXN-2011124,legit,,analyst_B,2025-09-12 13:49:05,low
TXN-2018896,legit,,analyst_A,2025-09-12 13:59:03,low
TXN-2014544,legit,,analyst_A,2025-09-12 16:41:56,medium
TXN-2009870,legit,,analyst_B,2025-09-12 16:50:47,low
TXN-2007338,legit,,analyst_B,2025-09-12 17:21:25,medium
TXN-2020014,legit,,analyst_A,2025-09-12 18:31:25,high
TXN-2021043,legit,,analyst_B,2025-09-12 19:48:03,high
TXN-2002569,legit,,analyst_A,2025-09-12 20:15:22,low
TXN-2015139,legit,,analyst_B,2025-09-12 20:40:50,high
TXN-2012244,legit,,analyst_A,2025-09-12 21:06:48,medium
TXN-2005593,legit,,analyst_B,2025-09-12 22:05:48,medium
TXN-2023059,legit,,analyst_A,2025-09-12 22:15:48,medium
TXN-2023020,legit,,analyst_A,2025-09-12 23:19:49,high
TXN-2007403,legit,,analyst_B,2025-09-13 01:32:28,medium
TXN-2003411,legit,,analyst_A,2025-09-13 02:13:59,high
TXN-2011517,legit,,analyst_A,2025-09-13 02:27:06,high
TXN-2017859,legit,,analyst_B,2025-09-13 02:47:41,low
TXN-2012062,legit,,analyst_B,2025-09-13 06:22:53,high
TXN-2007019,legit,,analyst_A,2025-09-13 07:12:11,low
TXN-2020535,legit,,analyst_B,2025-09-13 07:14:33,low
TXN-2011124,legit,,analyst_A,2025-09-13 07:49:05,medium
TXN-2012344,legit,,analyst_A,2025-09-13 07:50:56,medium
TXN-2008098,legit,,analyst_A,2025-09-13 09:31:31,high
TXN-2003543,legit,,analyst_A,2025-09-13 09:34:51,medium
TXN-2006252,legit,,analyst_B,2025-09-13 10:32:36,high
TXN-2018039,legit,,analyst_A,2025-09-13 10:41:01,medium
TXN-2020375,legit,,analyst_A,2025-09-13 12:28:05,medium
TXN-2023929,legit,,analyst_A,2025-09-13 13:18:10,medium
TXN-2001541,legit,,analyst_B,2025-09-13 14:05:39,high
TXN-2023571,legit,,analyst_A,2025-09-13 16:20:06,medium
TXN-2001215,legit,,analyst_B,2025-09-13 16:47:53,medium
TXN-2006874,legit,,analyst_B,2025-09-13 18:18:26,high
TXN-2011991,legit,,analyst_A,2025-09-13 18:22:22,low
TXN-2022378,legit,,analyst_B,2025-09-13 18:50:33,medium
TXN-2009309,legit,,analyst_A,2025-09-13 19:29:05,high
TXN-2005208,legit,,analyst_B,2025-09-13 20:53:05,medium
TXN-2004312,legit,,analyst_A,2025-09-13 21:01:17,medium
TXN-2015960,legit,,analyst_A,2025-09-13 21:02:33,high
TXN-2005106,legit,,analyst_B,2025-09-13 21:22:35,high
TXN-2012556,legit,,analyst_A,2025-09-13 21:43:35,low
TXN-2002186,legit,,analyst_B,2025-09-13 21:52:27,high
TXN-2009270,legit,,analyst_B,2025-09-13 22:06:28,medium
TXN-2023253,legit,,analyst_A,2025-09-13 22:14:27,high
TXN-2006063,legit,,analyst_B,2025-09-13 22:28:38,medium
TXN-2014802,legit,,analyst_B,2025-09-13 23:44:59,low
TXN-2005241,legit,,analyst_B,2025-09-14 00:23:09,low
TXN-2024252,legit,,analyst_A,2025-09-14 02:16:02,medium
TXN-2009534,legit,,analyst_B,2025-09-14 02:20:34,low
TXN-2006880,legit,,analyst_A,2025-09-14 02:41:30,high
TXN-2005560,legit,,analyst_A,2025-09-14 03:11:12,medium
TXN-2002635,legit,,analyst_A,2025-09-14 03:26:16,medium
TXN-2006868,legit,,analyst_A,2025-09-14 03:36:49,high
TXN-2020562,legit,,analyst_A,2025-09-14 03:45:47,low
TXN-2010600,legit,,analyst_A,2025-09-14 05:02:21,medium
TXN-2011370,legit,,analyst_B,2025-09-14 05:41:47,high
TXN-2015966,legit,,analyst_A,2025-09-14 07:11:29,medium
TXN-2009172,legit,,analyst_B,2025-09-14 08:03:19,high
TXN-2019846,legit,,analyst_B,2025-09-14 08:08:18,high
TXN-2003774,legit,,analyst_B,2025-09-14 10:08:13,high
TXN-2002621,legit,,analyst_B,2025-09-14 10:59:15,medium
TXN-2009193,legit,,analyst_A,2025-09-14 12:47:50,high
TXN-2006619,legit,,analyst_B,2025-09-14 12:58:01,low
TXN-2018316,legit,,analyst_A,2025-09-14 14:37:11,high
TXN-2015360,legit,,analyst_B,2025-09-14 15:34:22,medium
TXN-2009645,legit,,analyst_B,2025-09-14 17:01:25,high
TXN-2005477,legit,,analyst_A,2025-09-14 20:40:11,high
TXN-2017880,legit,,analyst_A,2025-09-14 22:12:00,high
TXN-2009517,legit,,analyst_A,2025-09-14 22:53:08,high
TXN-2003049,legit,,analyst_B,2025-09-15 01:50:19,high
TXN-2009588,legit,,analyst_A,2025-09-15 02:34:54,medium
TXN-2003697,legit,,analyst_A,2025-09-15 03:11:04,medium
TXN-2018713,legit,,analyst_B,2025-09-15 03:26:34,medium
TXN-2006834,legit,,analyst_A,2025-09-15 04:41:18,low
TXN-2020412,legit,,analyst_A,2025-09-15 05:07:02,high
TXN-2013817,legit,,analyst_A,2025-09-15 05:07:50,high
TXN-2004561,legit,,analyst_A,2025-09-15 06:48:20,low
TXN-2005876,legit,,analyst_A,2025-09-15 08:05:30,high
TXN-2017999,legit,,analyst_B,2025-09-15 13:14:43,high
TXN-2010271,legit,,analyst_B,2025-09-15 13:55:27,low
TXN-2010346,legit,,analyst_B,2025-09-15 14:02:14,medium
TXN-2020603,legit,,analyst_B,2025-09-15 16:28:08,medium
TXN-2024037,legit,,analyst_B,2025-09-15 16:54:16,medium
TXN-2000711,legit,,analyst_A,2025-09-15 17:09:51,high
TXN-2020175,legit,,analyst_B,2025-09-15 19:04:22,low
TXN-2023910,legit,,analyst_B,2025-09-15 19:34:17,high
TXN-2021699,legit,,analyst_A,2025-09-15 19:37:32,low
TXN-2014272,legit,,analyst_A,2025-09-15 20:14:17,low
TXN-2021162,legit,,analyst_B,2025-09-15 21:45:02,high
TXN-2009807,legit,,analyst_B,2025-09-15 22:51:18,high
TXN-2020167,legit,,analyst_A,2025-09-16 00:29:59,medium
TXN-2004443,legit,,analyst_A,2025-09-16 00:35:53,high
TXN-2020178,legit,,analyst_B,2025-09-16 00:52:23,medium
TXN-2011210,legit,,analyst_B,2025-09-16 01:55:56,high
TXN-2022633,legit,,analyst_A,2025-09-16 04:23:25,medium
TXN-2007986,legit,,analyst_B,2025-09-16 05:23:05,low
TXN-2006421,legit,,analyst_A,2025-09-16 06:46:56,medium
TXN-2002757,legit,,analyst_A,2025-09-16 07:44:43,medium
TXN-2001245,legit,,analyst_B,2025-09-16 09:33:23,high
TXN-2009611,legit,,analyst_B,2025-09-16 09:36:31,high
TXN-2002909,legit,,analyst_B,2025-09-16 10:17:49,high
TXN-2014181,legit,,analyst_A,2025-09-16 10:21:01,high
TXN-2008731,legit,,analyst_A,2025-09-16 10:50:57,medium
TXN-2000621,legit,,analyst_B,2025-09-16 12:36:02,medium
TXN-2008464,legit,,analyst_A,2025-09-16 12:48:51,high
TXN-2024000,legit,,analyst_A,2025-09-16 13:02:06,medium
TXN-2017791,legit,,analyst_B,2025-09-16 14:00:54,low
TXN-2002653,legit,,analyst_A,2025-09-16 14:18:12,medium
TXN-2000158,legit,,analyst_A,2025-09-16 14:48:52,low
TXN-2017170,legit,,analyst_B,2025-09-16 14:56:16,medium
TXN-2010960,legit,,analyst_B,2025-09-16 16:15:52,high
TXN-2011216,legit,,analyst_A,2025-09-16 16:33:23,low
TXN-2005050,legit,,analyst_A,2025-09-16 17:04:07,high
TXN-2022676,legit,,analyst_B,2025-09-16 17:04:45,medium
TXN-2009256,legit,,analyst_A,2025-09-16 17:41:40,medium
TXN-2016165,legit,,analyst_A,2025-09-16 19:02:30,medium
TXN-2003870,legit,,analyst_A,2025-09-16 20:35:29,medium
TXN-2011398,legit,,analyst_A,2025-09-16 21:07:12,low
TXN-2012579,legit,,analyst_A,2025-09-16 21:24:09,high
TXN-2009028,legit,,analyst_A,2025-09-16 21:46:16,medium
TXN-2006352,legit,,analyst_B,2025-09-16 21:56:49,medium
TXN-2011080,legit,,analyst_A,2025-09-16 22:27:42,medium
TXN-2008541,legit,,analyst_B,2025-09-17 00:02:42,medium
TXN-2020068,legit,,analyst_B,2025-09-17 01:07:43,high
TXN-2020491,legit,,analyst_A,2025-09-17 01:24:38,medium
TXN-2004239,legit,,analyst_B,2025-09-17 02:49:13,medium
TXN-2002104,legit,,analyst_B,2025-09-17 03:54:17,low
TXN-2016054,legit,,analyst_A,2025-09-17 05:03:17,high
TXN-2002625,legit,,analyst_B,2025-09-17 05:37:27,medium
TXN-2014845,legit,,analyst_B,2025-09-17 06:37:04,medium
TXN-2018003,legit,,analyst_A,2025-09-17 07:01:57,high
TXN-2003428,legit,,analyst_B,2025-09-17 08:52:35,high
TXN-2022503,legit,,analyst_A,2025-09-17 09:16:54,high
TXN-2003089,legit,,analyst_A,2025-09-17 10:28:57,high
TXN-2002684,legit,,analyst_B,2025-09-17 11:08:34,high
TXN-2016318,legit,,analyst_A,2025-09-17 13:23:02,low
TXN-2014974,legit,,analyst_A,2025-09-17 13:33:24,high
TXN-2014972,legit,,analyst_A,2025-09-17 14:01:12,medium
TXN-2002590,legit,,analyst_A,2025-09-17 14:43:58,high
TXN-2014915,legit,,analyst_A,2025-09-17 14:49:45,high
TXN-2019331,legit,,analyst_A,2025-09-17 15:15:15,medium
TXN-2022140,legit,,analyst_A,2025-09-17 16:41:38,high
TXN-2023187,legit,,analyst_A,2025-09-17 16:53:12,medium
TXN-2007010,legit,,analyst_A,2025-09-17 16:57:19,medium
TXN-2010215,legit,,analyst_A,2025-09-17 17:09:08,high
TXN-2010549,legit,,analyst_A,2025-09-17 17:14:32,low
TXN-2012779,legit,,analyst_A,2025-09-17 17:24:40,high
TXN-2005633,legit,,analyst_A,2025-09-17 17:58:56,high
TXN-2005172,legit,,analyst_B,2025-09-17 20:11:30,medium
TXN-2009045,legit,,analyst_B,2025-09-17 22:42:40,high
TXN-2017946,legit,,analyst_A,2025-09-17 23:06:50,low
TXN-2018861,legit,,analyst_A,2025-09-17 23:25:41,low
TXN-2009448,legit,,analyst_A,2025-09-17 23:40:36,low
TXN-2021087,legit,,analyst_A,2025-09-18 00:12:27,medium
TXN-2022384,legit,,analyst_B,2025-09-18 00:51:33,medium
TXN-2024221,legit,,analyst_B,2025-09-18 00:56:29,low
TXN-2011761,legit,,analyst_B,2025-09-18 01:38:23,low
TXN-2024585,legit,,analyst_A,2025-09-18 01:41:03,high
TXN-2015513,legit,,analyst_B,2025-09-18 03:08:17,medium
TXN-2009525,legit,,analyst_A,2025-09-18 03:47:08,high
TXN-2003645,legit,,analyst_A,2025-09-18 04:12:59,low
TXN-2000349,legit,,analyst_A,2025-09-18 05:35:43,low
TXN-2015208,legit,,analyst_B,2025-09-18 05:38:22,high
TXN-2007964,legit,,analyst_B,2025-09-18 06:26:12,high
TXN-2021790,legit,,analyst_A,2025-09-18 06:28:21,medium
TXN-2000909,legit,,analyst_A,2025-09-18 10:21:59,medium
TXN-2020206,legit,,analyst_B,2025-09-18 12:03:51,high
TXN-2013877,legit,,analyst_A,2025-09-18 12:41:59,high
TXN-2002935,legit,,analyst_A,2025-09-18 13:45:16,medium
TXN-2020673,legit,,analyst_B,2025-09-18 14:06:45,medium
TXN-2024848,legit,,analyst_B,2025-09-18 14:29:12,low
TXN-2017386,legit,,analyst_B,2025-09-18 15:25:08,high
TXN-2014463,legit,,analyst_B,2025-09-18 16:42:13,low
TXN-2015922,legit,,analyst_A,2025-09-18 16:54:35,medium
TXN-2017816,legit,,analyst_B,2025-09-18 17:26:42,medium
TXN-2009045,legit,,analyst_A,2025-09-18 17:42:40,high
TXN-2022882,legit,,analyst_B,2025-09-18 17:54:54,medium
TXN-2022354,legit,,analyst_B,2025-09-18 18:51:31,medium
TXN-2004635,legit,,analyst_A,2025-09-18 19:07:24,high
TXN-2009503,legit,,analyst_B,2025-09-18 19:38:17,high
TXN-2022806,legit,,analyst_A,2025-09-18 22:10:54,high
TXN-2020750,legit,,analyst_B,2025-09-19 00:14:25,high
TXN-2004654,legit,,analyst_A,2025-09-19 00:56:57,medium
TXN-2011774,legit,,analyst_B,2025-09-19 01:41:27,medium
TXN-2008104,legit,,analyst_A,2025-09-19 02:38:29,medium
TXN-2022462,legit,,analyst_A,2025-09-19 02:48:07,medium
TXN-2009442,legit,,analyst_A,2025-09-19 05:28:15,high
TXN-2015957,legit,,analyst_A,2025-09-19 08:49:00,medium
TXN-2022343,legit,,analyst_B,2025-09-19 10:43:27,high
TXN-2020234,legit,,analyst_A,2025-09-19 13:49:26,high
TXN-2022451,legit,,analyst_A,2025-09-19 14:56:01,high
TXN-2022315,legit,,analyst_B,2025-09-19 15:29:46,low
TXN-2011278,legit,,analyst_A,2025-09-19 17:05:11,medium
TXN-2007715,legit,,analyst_B,2025-09-19 17:36:23,high
TXN-2012126,legit,,analyst_A,2025-09-19 18:51:53,high
TXN-2017136,legit,,analyst_B,2025-09-19 19:43:18,high
TXN-2009697,legit,,analyst_B,2025-09-19 20:02:53,medium
TXN-2006053,legit,,analyst_B,2025-09-19 20:47:01,high
TXN-2018662,legit,,analyst_B,2025-09-19 21:42:20,high
TXN-2021676,legit,,analyst_A,2025-09-19 21:56:55,medium
TXN-2010640,legit,,analyst_B,2025-09-19 23:40:52,high
TXN-2008524,legit,,analyst_A,2025-09-20 00:22:50,high
TXN-2007429,legit,,analyst_B,2025-09-20 00:26:17,medium
TXN-2015979,legit,,analyst_B,2025-09-20 04:18:51,medium
TXN-2013863,legit,,analyst_B,2025-09-20 04:23:30,medium
TXN-2020850,legit,,analyst_B,2025-09-20 04:35:42,high
TXN-2008385,legit,,analyst_B,2025-09-20 05:06:01,high
TXN-2023384,legit,,analyst_A,2025-09-20 05:17:52,high
TXN-2008904,legit,,analyst_B,2025-09-20 05:55:43,low
TXN-2011138,legit,,analyst_A,2025-09-20 06:59:16,high
TXN-2002007,legit,,analyst_B,2025-09-20 07:14:02,low
TXN-2023953,legit,,analyst_B,2025-09-20 07:16:11,low
TXN-2019700,legit,,analyst_A,2025-09-20 07:36:37,low
TXN-2004748,legit,,analyst_A,2025-09-20 07:51:32,medium
TXN-2005897,legit,,analyst_B,2025-09-20 08:01:19,high
TXN-2023374,legit,,analyst_A,2025-09-20 09:48:22,medium
TXN-2005854,legit,,analyst_A,2025-09-20 12:13:53,medium
TXN-2012267,legit,,analyst_A,2025-09-20 12:56:31,high
TXN-2007392,legit,,analyst_A,2025-09-20 13:50:29,high
TXN-2009394,legit,,analyst_A,2025-09-20 13:52:06,high
TXN-2009036,legit,,analyst_A,2025-09-20 15:31:27,medium
TXN-2022345,legit,,analyst_B,2025-09-20 15:32:59,high
TXN-2023952,legit,,analyst_B,2025-09-20 16:33:33,medium
TXN-2001736,legit,,analyst_B,2025-09-20 17:15:39,medium
TXN-2010508,legit,,analyst_B,2025-09-20 18:13:22,high
TXN-2021391,legit,,analyst_A,2025-09-20 22:42:37,medium
TXN-2008385,legit,,analyst_A,2025-09-20 23:06:01,high
TXN-2003465,legit,,analyst_A,2025-09-21 00:04:26,high
TXN-2011963,legit,,analyst_A,2025-09-21 00:33:16,high
TXN-2016678,legit,,analyst_A,2025-09-21 09:43:08,low
TXN-2019186,legit,,analyst_A,2025-09-21 09:57:59,medium
TXN-2000061,legit,,analyst_B,2025-09-21 10:07:50,medium
TXN-2006932,legit,,analyst_B,2025-09-21 11:28:20,low
TXN-2011483,legit,,analyst_A,2025-09-21 12:04:37,low
TXN-2013501,legit,,analyst_A,2025-09-21 12:08:19,medium
TXN-2014560,legit,,analyst_B,2025-09-21 12:15:17,high
TXN-2003510,legit,,analyst_B,2025-09-21 14:02:14,high
TXN-2013592,legit,,analyst_A,2025-09-21 14:08:51,high
TXN-2001916,legit,,analyst_A,2025-09-21 17:37:35,high
TXN-2001997,legit,,analyst_B,2025-09-21 17:42:26,high
TXN-2012225,legit,,analyst_A,2025-09-21 18:51:45,medium
TXN-2024494,legit,,analyst_A,2025-09-21 20:33:47,low
TXN-2023255,legit,,analyst_A,2025-09-21 21:47:49,medium
TXN-2012954,legit,,analyst_B,2025-09-21 22:12:17,medium
TXN-2023358,legit,,analyst_A,2025-09-21 22:34:08,high
TXN-2021002,legit,,analyst_B,2025-09-22 04:55:13,medium
TXN-2018634,legit,,analyst_B,2025-09-22 04:58:35,medium
TXN-2015230,legit,,analyst_A,2025-09-22 07:12:08,low
TXN-2021225,legit,,analyst_A,2025-09-22 07:44:36,medium
TXN-2009112,legit,,analyst_B,2025-09-22 08:09:24,medium
TXN-2022113,legit,,analyst_A,2025-09-22 09:17:42,high
TXN-2014614,legit,,analyst_B,2025-09-22 09:38:35,low
TXN-2016242,legit,,analyst_A,2025-09-22 09:47:17,medium
TXN-2024217,legit,,analyst_B,2025-09-22 11:20:23,medium
TXN-2021172,legit,,analyst_A,2025-09-22 11:24:22,medium
TXN-2024141,legit,,analyst_B,2025-09-22 11:50:18,high
TXN-2003109,legit,,analyst_A,2025-09-22 12:15:45,medium
TXN-2012370,legit,,analyst_A,2025-09-22 12:56:14,low
TXN-2000173,legit,,analyst_A,2025-09-22 14:04:58,medium
TXN-2013285,legit,,analyst_A,2025-09-22 14:05:05,medium
TXN-2005462,legit,,analyst_A,2025-09-22 14:30:49,medium
TXN-2000233,legit,,analyst_A,2025-09-22 15:23:30,medium
TXN-2023187,legit,,analyst_B,2025-09-22 16:53:12,medium
TXN-2005856,legit,,analyst_A,2025-09-22 18:02:18,high
TXN-2000404,legit,,analyst_A,2025-09-22 18:08:34,low
TXN-2010377,legit,,analyst_A,2025-09-22 18:22:28,high
TXN-2008875,legit,,analyst_A,2025-09-22 19:33:45,medium
TXN-2007662,legit,,analyst_A,2025-09-22 20:51:54,high
TXN-2015287,legit,,analyst_B,2025-09-22 21:21:20,high
TXN-2015223,legit,,analyst_B,2025-09-22 23:02:34,high
TXN-2001067,legit,,analyst_A,2025-09-22 23:04:54,high
TXN-2017765,legit,,analyst_A,2025-09-22 23:32:50,high
TXN-2019812,legit,,analyst_A,2025-09-22 23:54:18,high
TXN-2011443,legit,,analyst_B,2025-09-23 02:18:29,medium
TXN-2019570,legit,,analyst_A,2025-09-23 02:59:43,medium
TXN-2001183,legit,,analyst_B,2025-09-23 03:00:51,high
TXN-2000286,legit,,analyst_B,2025-09-23 03:32:12,medium
TXN-2012849,legit,,analyst_B,2025-09-23 03:40:04,high
TXN-2017767,legit,,analyst_A,2025-09-23 03:40:20,low
TXN-2023711,legit,,analyst_A,2025-09-23 05:00:32,low
TXN-2016120,legit,,analyst_B,2025-09-23 05:51:29,medium
TXN-2015670,legit,,analyst_A,2025-09-23 06:45:00,low
TXN-2012307,legit,,analyst_A,2025-09-23 07:00:02,low
TXN-2015512,legit,,analyst_A,2025-09-23 07:08:49,medium
TXN-2010212,legit,,analyst_A,2025-09-23 08:03:07,medium
TXN-2006846,legit,,analyst_B,2025-09-23 09:58:38,medium
TXN-2013125,legit,,analyst_A,2025-09-23 11:06:49,medium
TXN-2005504,legit,,analyst_A,2025-09-23 13:16:06,medium
TXN-2008885,legit,,analyst_B,2025-09-23 13:57:47,medium
TXN-2013663,legit,,analyst_B,2025-09-23 14:18:42,medium
TXN-2008576,legit,,analyst_A,2025-09-23 14:37:52,high
TXN-2010643,legit,,analyst_A,2025-09-23 16:40:56,high
TXN-2003201,legit,,analyst_B,2025-09-23 17:11:19,medium
TXN-2022920,legit,,analyst_B,2025-09-23 19:00:10,high
TXN-2004200,legit,,analyst_B,2025-09-23 19:11:47,high
TXN-2003696,legit,,analyst_A,2025-09-23 19:28:54,high
TXN-2006674,legit,,analyst_B,2025-09-23 20:29:16,medium
TXN-2006659,legit,,analyst_A,2025-09-23 23:50:30,medium
TXN-2006452,legit,,analyst_B,2025-09-24 01:34:52,medium
TXN-2013086,legit,,analyst_B,2025-09-24 01:58:07,high
TXN-2017711,legit,,analyst_B,2025-09-24 03:25:24,high
TXN-2004204,legit,,analyst_B,2025-09-24 03:31:39,high
TXN-2010407,legit,,analyst_A,2025-09-24 04:23:29,low
TXN-2001862,legit,,analyst_B,2025-09-24 05:37:48,low
TXN-2010212,legit,,analyst_B,2025-09-24 06:03:07,medium
TXN-2016726,legit,,analyst_B,2025-09-24 06:30:00,medium
TXN-2004058,legit,,analyst_A,2025-09-24 06:33:53,high
TXN-2003872,legit,,analyst_B,2025-09-24 06:34:34,medium
TXN-2016145,legit,,analyst_A,2025-09-24 06:41:40,high
TXN-2024524,legit,,analyst_A,2025-09-24 07:53:28,low
TXN-2017960,legit,,analyst_B,2025-09-24 07:55:04,high
TXN-2002674,legit,,analyst_A,2025-09-24 08:18:28,low
TXN-2002763,legit,,analyst_A,2025-09-24 09:14:14,high
TXN-2009556,legit,,analyst_B,2025-09-24 09:54:36,medium
TXN-2021833,legit,,analyst_A,2025-09-24 09:54:46,high
TXN-2015912,legit,,analyst_A,2025-09-24 11:20:57,medium
TXN-2001715,legit,,analyst_A,2025-09-24 11:32:48,high
TXN-2014217,legit,,analyst_B,2025-09-24 12:16:44,high
TXN-2016000,legit,,analyst_A,2025-09-24 12:35:51,medium
TXN-2023590,legit,,analyst_B,2025-09-24 12:39:33,medium
TXN-2008000,legit,,analyst_B,2025-09-24 13:31:32,high
TXN-2018045,legit,,analyst_A,2025-09-24 15:20:54,medium
TXN-2013338,legit,,analyst_A,2025-09-24 15:44:54,high
TXN-2018821,legit,,analyst_B,2025-09-24 16:30:09,low
TXN-2010346,legit,,analyst_A,2025-09-24 17:02:14,medium
TXN-2002225,legit,,analyst_A,2025-09-24 18:12:50,high
TXN-2003772,legit,,analyst_A,2025-09-24 18:31:19,low
TXN-2009187,legit,,analyst_B,2025-09-24 18:46:08,high
TXN-2018522,legit,,analyst_A,2025-09-24 19:04:48,medium
TXN-2019652,legit,,analyst_A,2025-09-24 19:55:04,high
TXN-2003454,legit,,analyst_B,2025-09-24 20:22:00,high
TXN-2011607,legit,,analyst_A,2025-09-24 21:22:13,low
TXN-2018614,legit,,analyst_A,2025-09-24 21:53:39,high
TXN-2020127,legit,,analyst_A,2025-09-24 22:31:49,high
TXN-2002478,legit,,analyst_B,2025-09-24 23:00:56,medium
TXN-2017287,legit,,analyst_B,2025-09-24 23:02:11,high
TXN-2019363,legit,,analyst_A,2025-09-24 23:33:29,high
TXN-2000019,legit,,analyst_B,2025-09-25 01:44:35,high
TXN-2019758,legit,,analyst_A,2025-09-25 02:50:12,medium
TXN-2021999,legit,,analyst_B,2025-09-25 03:50:39,medium
TXN-2016765,legit,,analyst_A,2025-09-25 05:04:00,medium
TXN-2019832,legit,,analyst_A,2025-09-25 05:38:40,high
TXN-2010755,legit,,analyst_A,2025-09-25 05:50:00,low
TXN-2002808,legit,,analyst_B,2025-09-25 06:00:37,low
TXN-2022766,legit,,analyst_A,2025-09-25 06:07:41,medium
TXN-2006253,legit,,analyst_B,2025-09-25 06:12:44,high
TXN-2002315,legit,,analyst_B,2025-09-25 06:16:09,medium
TXN-2014736,legit,,analyst_A,2025-09-25 08:05:43,low
TXN-2006882,legit,,analyst_A,2025-09-25 09:07:18,high
TXN-2016134,legit,,analyst_B,2025-09-25 10:52:54,medium
TXN-2018911,legit,,analyst_A,2025-09-25 11:00:04,high
TXN-2003042,legit,,analyst_B,2025-09-25 13:19:24,high
TXN-2013873,legit,,analyst_B,2025-09-25 13:32:37,medium
TXN-2023945,legit,,analyst_B,2025-09-25 15:47:15,high
TXN-2015683,legit,,analyst_A,2025-09-25 15:51:42,high
TXN-2011759,legit,,analyst_B,2025-09-25 15:56:15,high
TXN-2000987,legit,,analyst_A,2025-09-25 18:59:18,low
TXN-2004170,legit,,analyst_A,2025-09-25 19:59:31,medium
TXN-2011069,legit,,analyst_A,2025-09-25 20:01:36,high
TXN-2003200,legit,,analyst_A,2025-09-25 20:19:49,high
TXN-2020912,legit,,analyst_A,2025-09-25 20:59:43,medium
TXN-2000101,legit,,analyst_A,2025-09-25 21:21:15,medium
TXN-2009534,legit,,analyst_A,2025-09-25 22:20:34,high
TXN-2001183,legit,,analyst_A,2025-09-25 23:00:51,high
TXN-2011777,legit,,analyst_A,2025-09-26 02:34:36,low
TXN-2004327,legit,,analyst_B,2025-09-26 03:09:52,high
TXN-2006563,legit,,analyst_A,2025-09-26 07:52:48,low
TXN-2017629,legit,,analyst_A,2025-09-26 08:38:06,medium
TXN-2016655,legit,,analyst_A,2025-09-26 08:40:49,medium
TXN-2007063,legit,,analyst_A,2025-09-26 09:08:44,medium
TXN-2006716,legit,,analyst_B,2025-09-26 12:07:38,low
TXN-2018782,legit,,analyst_B,2025-09-26 17:23:47,low
TXN-2021104,legit,,analyst_A,2025-09-26 18:41:50,high
TXN-2002471,legit,,analyst_B,2025-09-26 20:52:01,high
TXN-2022329,legit,,analyst_B,2025-09-26 22:13:05,high
TXN-2020141,legit,,analyst_B,2025-09-26 22:26:20,low
TXN-2022606,legit,,analyst_A,2025-09-26 22:32:17,high
TXN-2000641,legit,,analyst_B,2025-09-26 23:35:34,low
TXN-2000036,legit,,analyst_A,2025-09-27 00:19:10,low
TXN-2024897,legit,,analyst_A,2025-09-27 03:11:53,high
TXN-2015138,legit,,analyst_A,2025-09-27 03:34:50,high
TXN-2008125,legit,,analyst_A,2025-09-27 03:55:42,high
TXN-2017408,legit,,analyst_B,2025-09-27 03:59:10,high
TXN-2009094,legit,,analyst_A,2025-09-27 04:24:19,high
TXN-2023600,legit,,analyst_B,2025-09-27 04:31:01,medium
TXN-2001356,legit,,analyst_A,2025-09-27 05:25:03,low
TXN-2018662,legit,,analyst_A,2025-09-27 07:42:20,low
TXN-2004959,legit,,analyst_A,2025-09-27 09:32:48,low
TXN-2022725,legit,,analyst_A,2025-09-27 10:08:59,high
TXN-2001840,legit,,analyst_B,2025-09-27 11:38:43,medium
TXN-2020447,legit,,analyst_A,2025-09-27 11:42:36,high
TXN-2002276,legit,,analyst_B,2025-09-27 12:22:20,medium
TXN-2009648,legit,,analyst_A,2025-09-27 12:55:36,medium
TXN-2020468,legit,,analyst_A,2025-09-27 13:39:29,medium
TXN-2004200,legit,,analyst_A,2025-09-27 14:11:47,low
TXN-2002542,legit,,analyst_A,2025-09-27 14:12:58,medium
TXN-2009704,legit,,analyst_B,2025-09-27 15:31:20,medium
TXN-2001330,legit,,analyst_B,2025-09-27 15:53:38,medium
TXN-2009940,legit,,analyst_B,2025-09-27 16:07:16,high
TXN-2018285,legit,,analyst_A,2025-09-27 17:27:58,high
TXN-2014404,legit,,analyst_A,2025-09-27 18:11:41,high
TXN-2014409,legit,,analyst_B,2025-09-27 19:14:33,high
TXN-2016944,legit,,analyst_B,2025-09-27 20:38:24,medium
TXN-2003261,legit,,analyst_A,2025-09-27 21:12:05,high
TXN-2013363,legit,,analyst_B,2025-09-28 00:53:07,medium
TXN-2012674,legit,,analyst_B,2025-09-28 00:54:55,medium
TXN-2003657,legit,,analyst_A,2025-09-28 00:59:32,medium
TXN-2016578,legit,,analyst_B,2025-09-28 02:17:28,medium
TXN-2005614,legit,,analyst_B,2025-09-28 02:35:32,high
TXN-2021612,legit,,analyst_B,2025-09-28 02:58:17,medium
TXN-2022078,legit,,analyst_A,2025-09-28 04:30:39,medium
TXN-2010350,legit,,analyst_B,2025-09-28 05:23:30,low
TXN-2001655,legit,,analyst_A,2025-09-28 05:39:31,medium
TXN-2021890,legit,,analyst_B,2025-09-28 06:22:44,medium
TXN-2012568,legit,,analyst_B,2025-09-28 07:36:15,medium
TXN-2019632,legit,,analyst_A,2025-09-28 07:47:28,low
TXN-2012474,legit,,analyst_B,2025-09-28 08:19:56,medium
TXN-2018083,legit,,analyst_A,2025-09-28 10:57:56,high
TXN-2009713,legit,,analyst_A,2025-09-28 12:49:03,medium
TXN-2004297,legit,,analyst_A,2025-09-28 20:08:13,high
TXN-2015304,legit,,analyst_B,2025-09-28 21:03:17,medium
TXN-2003289,legit,,analyst_A,2025-09-28 22:08:30,medium
TXN-2015526,legit,,analyst_A,2025-09-28 22:11:13,high
TXN-2011273,legit,,analyst_B,2025-09-28 22:35:10,medium
TXN-2016860,legit,,analyst_A,2025-09-29 00:16:38,high
TXN-2000229,legit,,analyst_B,2025-09-29 00:20:47,high
TXN-2010692,legit,,analyst_B,2025-09-29 02:08:50,medium
TXN-2014843,legit,,analyst_A,2025-09-29 02:17:42,medium
TXN-2003156,legit,,analyst_B,2025-09-29 02:31:10,high
TXN-2007444,legit,,analyst_A,2025-09-29 03:10:03,high
TXN-2010893,legit,,analyst_A,2025-09-29 05:19:21,medium
TXN-2009194,legit,,analyst_B,2025-09-29 06:02:33,medium
TXN-2002324,legit,,analyst_B,2025-09-29 06:19:44,medium
TXN-2014666,legit,,analyst_A,2025-09-29 06:34:23,high
TXN-2012604,legit,,analyst_A,2025-09-29 07:06:00,high
TXN-2005374,legit,,analyst_B,2025-09-29 08:10:02,medium
TXN-2018053,legit,,analyst_B,2025-09-29 09:02:26,medium
TXN-2015878,legit,,analyst_A,2025-09-29 09:22:35,high
TXN-2016804,legit,,analyst_A,2025-09-29 10:34:45,high
TXN-2001835,legit,,analyst_A,2025-09-29 10:37:04,medium
TXN-2019682,legit,,analyst_A,2025-09-29 11:40:11,medium
TXN-2010636,legit,,analyst_A,2025-09-29 12:20:41,high
TXN-2001977,legit,,analyst_B,2025-09-29 12:41:57,low
TXN-2019569,legit,,analyst_A,2025-09-29 13:15:37,high
TXN-2015458,legit,,analyst_A,2025-09-29 15:11:42,high
TXN-2000707,legit,,analyst_B,2025-09-29 15:39:41,medium
TXN-2003981,legit,,analyst_B,2025-09-29 16:10:24,high
TXN-2013573,legit,,analyst_A,2025-09-29 18:26:25,high
TXN-2010315,legit,,analyst_A,2025-09-29 19:31:41,low
TXN-2023437,legit,,analyst_B,2025-09-29 19:40:07,high
TXN-2021609,legit,,analyst_B,2025-09-29 21:01:38,high
TXN-2018007,legit,,analyst_A,2025-09-29 21:18:47,high
TXN-2021160,legit,,analyst_A,2025-09-29 22:08:39,low
TXN-2005240,legit,,analyst_B,2025-09-29 22:24:41,high
TXN-2000769,legit,,analyst_A,2025-09-29 22:47:33,medium
TXN-2004309,legit,,analyst_A,2025-09-29 22:52:34,high
TXN-2008950,legit,,analyst_B,2025-09-29 23:23:29,medium
TXN-2014116,legit,,analyst_A,2025-09-29 23:27:50,high
TXN-2020996,legit,,analyst_A,2025-09-30 00:33:46,medium
TXN-2005576,legit,,analyst_B,2025-09-30 00:40:38,medium
TXN-2017989,legit,,analyst_A,2025-09-30 01:49:32,medium
TXN-2007713,legit,,analyst_B,2025-09-30 01:59:14,high
TXN-2013377,legit,,analyst_B,2025-09-30 04:15:37,medium
TXN-2020468,legit,,analyst_B,2025-09-30 04:39:29,high
TXN-2003251,legit,,analyst_A,2025-09-30 05:02:32,medium
TXN-2008606,legit,,analyst_A,2025-09-30 05:16:28,medium
TXN-2002071,legit,,analyst_B,2025-09-30 05:38:30,medium
TXN-2017059,legit,,analyst_A,2025-09-30 06:17:32,high
TXN-2016229,legit,,analyst_A,2025-09-30 06:56:09,high
TXN-2012321,legit,,analyst_B,2025-09-30 08:11:01,high
TXN-2017484,legit,,analyst_A,2025-09-30 08:20:22,high
TXN-2008589,legit,,analyst_B,2025-09-30 08:59:59,medium
TXN-2019805,legit,,analyst_A,2025-09-30 10:40:16,high
TXN-2006197,legit,,analyst_B,2025-09-30 14:48:51,medium
TXN-2019971,legit,,analyst_B,2025-09-30 15:30:12,medium
TXN-2024462,legit,,analyst_A,2025-09-30 15:40:28,high
TXN-2010684,legit,,analyst_A,2025-09-30 16:38:46,low
TXN-2022675,legit,,analyst_B,2025-09-30 17:05:31,high
TXN-2014503,legit,,analyst_B,2025-09-30 18:08:38,low
TXN-2003457,legit,,analyst_B,2025-09-30 18:53:24,high
TXN-2021328,legit,,analyst_A,2025-09-30 20:09:10,low
TXN-2022557,legit,,analyst_A,2025-09-30 20:18:40,low
TXN-2008410,legit,,analyst_A,2025-09-30 21:44:10,medium
TXN-2009257,legit,,analyst_A,2025-09-30 22:00:49,medium
TXN-2016747,legit,,analyst_B,2025-09-30 22:17:02,high
TXN-2022534,legit,,analyst_A,2025-09-30 22:33:22,medium
TXN-2013290,legit,,analyst_B,2025-10-01 01:11:22,medium
TXN-2021620,legit,,analyst_A,2025-10-01 02:01:00,medium
TXN-2018721,legit,,analyst_B,2025-10-01 02:48:12,medium
TXN-2008975,legit,,analyst_B,2025-10-01 06:13:58,medium
TXN-2018355,legit,,analyst_B,2025-10-01 06:19:22,low
TXN-2015232,legit,,analyst_B,2025-10-01 07:19:49,high
TXN-2000990,legit,,analyst_B,2025-10-01 09:10:54,medium
TXN-2021116,legit,,analyst_A,2025-10-01 09:55:14,medium
TXN-2013558,legit,,analyst_B,2025-10-01 11:35:49,high
TXN-2024657,legit,,analyst_B,2025-10-01 11:49:01,high
TXN-2018180,legit,,analyst_B,2025-10-01 11:50:53,low
TXN-2007974,legit,,analyst_A,2025-10-01 11:58:21,medium
TXN-2005973,legit,,analyst_A,2025-10-01 11:59:50,high
TXN-2004026,legit,,analyst_B,2025-10-01 12:20:23,medium
TXN-2013746,legit,,analyst_A,2025-10-01 13:57:45,medium
TXN-2021891,legit,,analyst_B,2025-10-01 15:01:21,low
TXN-2012784,legit,,analyst_A,2025-10-01 16:24:05,high
TXN-2013748,fraud,account_takeover,analyst_B,2025-10-01 18:40:24,low
TXN-2020912,legit,,analyst_B,2025-10-01 18:59:43,medium
TXN-2022032,legit,,analyst_A,2025-10-01 19:20:24,low
TXN-2010507,legit,,analyst_A,2025-10-01 20:19:52,medium
TXN-2014980,legit,,analyst_B,2025-10-01 21:18:19,low
TXN-2008761,legit,,analyst_B,2025-10-01 21:32:42,medium
TXN-2019283,legit,,analyst_A,2025-10-01 21:34:10,medium
TXN-2001162,legit,,analyst_B,2025-10-01 22:46:15,medium
TXN-2006361,legit,,analyst_A,2025-10-01 23:08:53,high
TXN-2003981,legit,,analyst_A,2025-10-02 00:10:24,low
TXN-2015388,legit,,analyst_B,2025-10-02 00:44:30,low
TXN-2010154,legit,,analyst_B,2025-10-02 01:39:32,medium
TXN-2008637,legit,,analyst_A,2025-10-02 01:51:21,high
TXN-2010500,legit,,analyst_B,2025-10-02 02:40:51,medium
TXN-2015724,legit,,analyst_A,2025-10-02 03:31:32,high
TXN-2017235,legit,,analyst_A,2025-10-02 03:39:21,high
TXN-2014799,legit,,analyst_A,2025-10-02 03:44:42,high
TXN-2019005,legit,,analyst_B,2025-10-02 05:01:17,medium
TXN-2010936,legit,,analyst_B,2025-10-02 06:41:30,medium
TXN-2009964,legit,,analyst_A,2025-10-02 06:58:06,low
TXN-2022366,legit,,analyst_A,2025-10-02 07:07:21,medium
TXN-2023242,legit,,analyst_A,2025-10-02 07:16:36,high
TXN-2012307,legit,,analyst_B,2025-10-02 08:00:02,high
TXN-2019995,legit,,analyst_A,2025-10-02 08:44:57,low
TXN-2020223,legit,,analyst_A,2025-10-02 09:04:40,medium
TXN-2003068,legit,,analyst_A,2025-10-02 13:27:07,medium
TXN-2020499,legit,,analyst_B,2025-10-02 13:43:48,medium
TXN-2004927,legit,,analyst_B,2025-10-02 14:00:24,medium
TXN-2000558,legit,,analyst_A,2025-10-02 14:38:21,low
TXN-2012279,legit,,analyst_A,2025-10-02 15:20:30,high
TXN-2010051,legit,,analyst_B,2025-10-02 16:43:30,medium
TXN-2017881,legit,,analyst_B,2025-10-02 17:13:16,medium
TXN-2009432,legit,,analyst_A,2025-10-02 17:43:44,low
TXN-2006914,legit,,analyst_A,2025-10-02 18:11:52,high
TXN-2016200,legit,,analyst_A,2025-10-02 18:19:25,medium
TXN-2013405,legit,,analyst_B,2025-10-02 19:35:02,low
TXN-2021415,legit,,analyst_B,2025-10-02 19:50:39,high
TXN-2002986,legit,,analyst_A,2025-10-02 20:05:35,high
TXN-2007913,legit,,analyst_A,2025-10-02 23:06:44,medium
TXN-2011752,legit,,analyst_A,2025-10-02 23:49:00,medium
TXN-2009536,legit,,analyst_B,2025-10-03 00:43:31,medium
TXN-2000117,legit,,analyst_B,2025-10-03 00:54:21,medium
TXN-2008290,legit,,analyst_A,2025-10-03 01:11:36,medium
TXN-2018267,legit,,analyst_A,2025-10-03 02:32:09,low
TXN-2009135,legit,,analyst_B,2025-10-03 03:42:54,medium
TXN-2018642,legit,,analyst_B,2025-10-03 03:50:20,high
TXN-2006118,legit,,analyst_A,2025-10-03 05:30:49,medium
TXN-2023381,legit,,analyst_A,2025-10-03 07:32:29,medium
TXN-2016084,legit,,analyst_B,2025-10-03 07:36:17,high
TXN-2019648,legit,,analyst_B,2025-10-03 10:16:57,medium
TXN-2016206,legit,,analyst_A,2025-10-03 10:59:43,high
TXN-2010100,legit,,analyst_B,2025-10-03 11:11:10,high
TXN-2012426,legit,,analyst_A,2025-10-03 11:56:42,high
TXN-2022056,legit,,analyst_B,2025-10-03 13:47:38,high
TXN-2023210,legit,,analyst_B,2025-10-03 15:46:50,low
TXN-2016215,legit,,analyst_B,2025-10-03 17:08:39,medium
TXN-2001843,legit,,analyst_A,2025-10-03 17:24:00,low
TXN-2010305,legit,,analyst_A,2025-10-03 20:00:36,medium
TXN-2002434,legit,,analyst_B,2025-10-03 20:25:05,high
TXN-2011597,legit,,analyst_B,2025-10-03 20:50:09,medium
TXN-2023411,legit,,analyst_A,2025-10-03 21:33:45,high
TXN-2015354,legit,,analyst_A,2025-10-03 23:20:28,medium
TXN-2005766,legit,,analyst_B,2025-10-03 23:42:04,low
TXN-2001775,legit,,analyst_A,2025-10-04 00:39:14,medium
TXN-2001793,legit,,analyst_A,2025-10-04 01:34:17,medium
TXN-2004662,legit,,analyst_B,2025-10-04 02:05:07,high
TXN-2011233,legit,,analyst_A,2025-10-04 02:12:37,low
TXN-2005456,legit,,analyst_A,2025-10-04 02:40:55,high
TXN-2015942,legit,,analyst_B,2025-10-04 04:19:19,medium
TXN-2023981,legit,,analyst_A,2025-10-04 04:34:10,medium
TXN-2024086,legit,,analyst_B,2025-10-04 04:37:34,low
TXN-2023161,legit,,analyst_A,2025-10-04 05:09:30,medium
TXN-2001632,legit,,analyst_A,2025-10-04 05:20:05,medium
TXN-2001572,legit,,analyst_A,2025-10-04 05:45:48,medium
TXN-2014019,legit,,analyst_B,2025-10-04 05:51:59,medium
TXN-2013203,legit,,analyst_A,2025-10-04 06:22:19,high
TXN-2017711,legit,,analyst_A,2025-10-04 06:25:24,high
TXN-2019474,legit,,analyst_A,2025-10-04 06:29:07,low
TXN-2007287,legit,,analyst_B,2025-10-04 06:45:15,medium
TXN-2007753,legit,,analyst_B,2025-10-04 07:03:45,low
TXN-2014426,legit,,analyst_B,2025-10-04 09:05:11,high
TXN-2009822,legit,,analyst_B,2025-10-04 10:46:40,low
TXN-2010823,legit,,analyst_A,2025-10-04 12:35:10,high
TXN-2011318,legit,,analyst_A,2025-10-04 13:17:18,high
TXN-2007868,legit,,analyst_B,2025-10-04 14:45:08,medium
TXN-2018420,legit,,analyst_A,2025-10-04 14:53:11,medium
TXN-2005723,legit,,analyst_A,2025-10-04 15:19:32,low
TXN-2015189,legit,,analyst_A,2025-10-04 15:35:30,medium
TXN-2003046,legit,,analyst_A,2025-10-04 15:39:09,medium
TXN-2011312,legit,,analyst_A,2025-10-04 16:15:25,low
TXN-2023709,legit,,analyst_B,2025-10-04 17:26:07,medium
TXN-2023985,legit,,analyst_B,2025-10-04 17:38:37,medium
TXN-2009386,legit,,analyst_A,2025-10-04 18:10:56,high
TXN-2018453,legit,,analyst_B,2025-10-04 19:06:29,medium
TXN-2010755,legit,,analyst_B,2025-10-04 20:50:00,low
TXN-2006200,legit,,analyst_A,2025-10-04 21:40:48,medium
TXN-2012848,legit,,analyst_B,2025-10-04 22:38:03,low
TXN-2014396,legit,,analyst_A,2025-10-04 22:49:00,medium
TXN-2009975,legit,,analyst_A,2025-10-04 23:05:58,medium
TXN-2008294,legit,,analyst_B,2025-10-05 00:04:30,medium
TXN-2000318,legit,,analyst_B,2025-10-05 01:33:51,medium
TXN-2023362,legit,,analyst_A,2025-10-05 02:11:59,high
TXN-2019444,legit,,analyst_A,2025-10-05 02:55:34,high
TXN-2010223,legit,,analyst_A,2025-10-05 02:55:35,medium
TXN-2022125,legit,,analyst_B,2025-10-05 04:03:25,medium
TXN-2010711,legit,,analyst_B,2025-10-05 04:19:21,medium
TXN-2024733,legit,,analyst_A,2025-10-05 04:57:57,medium
TXN-2012680,legit,,analyst_A,2025-10-05 05:00:26,high
TXN-2016103,legit,,analyst_A,2025-10-05 05:16:23,high
TXN-2006177,legit,,analyst_B,2025-10-05 05:30:18,medium
TXN-2003158,legit,,analyst_B,2025-10-05 05:44:20,medium
TXN-2015061,legit,,analyst_B,2025-10-05 06:46:27,medium
TXN-2021855,legit,,analyst_B,2025-10-05 07:12:21,high
TXN-2011944,legit,,analyst_B,2025-10-05 08:16:07,low
TXN-2009099,legit,,analyst_B,2025-10-05 08:37:59,medium
TXN-2021753,legit,,analyst_A,2025-10-05 08:48:08,low
TXN-2016562,legit,,analyst_A,2025-10-05 11:19:04,high
TXN-2022344,legit,,analyst_B,2025-10-05 11:53:29,medium
TXN-2021049,legit,,analyst_A,2025-10-05 13:08:02,low
TXN-2007826,legit,,analyst_A,2025-10-05 13:39:15,high
TXN-2015208,legit,,analyst_A,2025-10-05 14:38:22,high
TXN-2001892,legit,,analyst_A,2025-10-05 15:13:05,low
TXN-2003531,legit,,analyst_A,2025-10-05 15:19:17,high
TXN-2005190,legit,,analyst_A,2025-10-05 16:24:33,low
TXN-2016517,legit,,analyst_A,2025-10-05 16:31:26,medium
TXN-2009429,legit,,analyst_B,2025-10-05 16:50:32,medium
TXN-2015760,legit,,analyst_A,2025-10-05 17:33:27,low
TXN-2020898,legit,,analyst_B,2025-10-05 17:55:32,low
TXN-2005552,legit,,analyst_B,2025-10-05 19:44:11,low
TXN-2013889,legit,,analyst_A,2025-10-05 21:16:09,low
TXN-2019176,legit,,analyst_A,2025-10-05 21:58:00,medium
TXN-2017665,legit,,analyst_A,2025-10-05 23:16:47,medium
TXN-2005059,legit,,analyst_A,2025-10-06 00:15:36,high
TXN-2000781,legit,,analyst_A,2025-10-06 00:23:35,high
TXN-2017443,legit,,analyst_B,2025-10-06 02:23:03,medium
TXN-2018771,legit,,analyst_B,2025-10-06 04:05:59,low
TXN-2023115,fraud,social_engineering,analyst_B,2025-10-06 06:09:10,low
TXN-2023447,legit,,analyst_A,2025-10-06 06:11:00,high
TXN-2002396,legit,,analyst_A,2025-10-06 06:23:14,high
TXN-2002606,legit,,analyst_A,2025-10-06 07:59:31,high
TXN-2021792,legit,,analyst_A,2025-10-06 08:09:11,high
TXN-2009207,legit,,analyst_A,2025-10-06 08:24:48,high
TXN-2004531,legit,,analyst_A,2025-10-06 11:00:01,high
TXN-2011576,legit,,analyst_A,2025-10-06 11:25:49,high
TXN-2022188,legit,,analyst_A,2025-10-06 12:11:23,low
TXN-2010919,legit,,analyst_B,2025-10-06 14:06:07,medium
TXN-2012953,legit,,analyst_B,2025-10-06 14:22:21,low
TXN-2021102,legit,,analyst_A,2025-10-06 14:53:46,medium
TXN-2006716,legit,,analyst_A,2025-10-06 15:07:38,medium
TXN-2007822,legit,,analyst_B,2025-10-06 16:11:58,medium
TXN-2014806,legit,,analyst_B,2025-10-06 17:20:59,low
TXN-2011349,legit,,analyst_B,2025-10-06 17:26:01,low
TXN-2004863,legit,,analyst_A,2025-10-06 20:14:38,high
TXN-2006350,legit,,analyst_B,2025-10-06 21:20:53,low
TXN-2014589,legit,,analyst_B,2025-10-06 21:24:52,low
TXN-2007697,legit,,analyst_A,2025-10-06 21:51:58,medium
TXN-2013270,legit,,analyst_B,2025-10-06 22:31:03,high
TXN-2019729,legit,,analyst_B,2025-10-06 22:54:15,high
TXN-2008093,legit,,analyst_B,2025-10-06 23:20:28,medium
TXN-2000678,legit,,analyst_A,2025-10-06 23:52:37,medium
TXN-2003163,legit,,analyst_A,2025-10-07 01:09:12,low
TXN-2018316,legit,,analyst_B,2025-10-07 01:37:11,low
TXN-2013979,legit,,analyst_A,2025-10-07 03:42:59,low
TXN-2021871,legit,,analyst_B,2025-10-07 05:47:28,medium
TXN-2003679,legit,,analyst_B,2025-10-07 05:58:19,low
TXN-2007743,legit,,analyst_B,2025-10-07 08:17:06,low
TXN-2003494,legit,,analyst_B,2025-10-07 09:10:12,high
TXN-2019427,legit,,analyst_A,2025-10-07 09:32:43,high
TXN-2010081,legit,,analyst_B,2025-10-07 09:54:56,low
TXN-2001667,legit,,analyst_A,2025-10-07 12:45:54,high
TXN-2020224,legit,,analyst_A,2025-10-07 14:08:46,medium
TXN-2005190,legit,,analyst_B,2025-10-07 14:24:33,low
TXN-2005581,legit,,analyst_B,2025-10-07 14:50:30,medium
TXN-2020411,legit,,analyst_A,2025-10-07 15:10:43,medium
TXN-2021998,legit,,analyst_B,2025-10-07 17:20:32,high
TXN-2003947,legit,,analyst_A,2025-10-07 17:23:44,high
TXN-2003221,legit,,analyst_A,2025-10-07 17:26:24,medium
TXN-2015781,legit,,analyst_B,2025-10-07 18:11:20,high
TXN-2008378,legit,,analyst_B,2025-10-07 19:28:50,high
TXN-2022021,legit,,analyst_A,2025-10-07 19:31:01,low
TXN-2009137,legit,,analyst_A,2025-10-07 21:15:43,high
TXN-2003025,legit,,analyst_A,2025-10-07 22:10:55,medium
TXN-2023222,legit,,analyst_A,2025-10-07 22:28:49,high
TXN-2019317,legit,,analyst_B,2025-10-07 22:35:30,high
TXN-2015516,legit,,analyst_A,2025-10-07 23:13:11,medium
TXN-2014057,legit,,analyst_B,2025-10-08 01:05:15,low
TXN-2002455,legit,,analyst_A,2025-10-08 01:11:58,high
TXN-2016504,legit,,analyst_B,2025-10-08 01:17:06,medium
TXN-2010606,legit,,analyst_A,2025-10-08 01:52:36,low
TXN-2000783,legit,,analyst_A,2025-10-08 02:13:05,medium
TXN-2022411,legit,,analyst_B,2025-10-08 02:22:37,medium
TXN-2013259,legit,,analyst_B,2025-10-08 04:09:46,high
TXN-2017206,legit,,analyst_A,2025-10-08 04:46:13,low
TXN-2016687,legit,,analyst_A,2025-10-08 04:50:36,high
TXN-2004877,legit,,analyst_B,2025-10-08 04:51:20,high
TXN-2011411,legit,,analyst_B,2025-10-08 05:47:31,medium
TXN-2011793,legit,,analyst_A,2025-10-08 05:55:57,low
TXN-2002557,legit,,analyst_A,2025-10-08 07:28:05,medium
TXN-2010871,legit,,analyst_A,2025-10-08 07:50:02,high
TXN-2021858,legit,,analyst_B,2025-10-08 08:51:43,low
TXN-2012591,legit,,analyst_A,2025-10-08 11:36:44,low
TXN-2009900,legit,,analyst_A,2025-10-08 11:53:11,high
TXN-2013637,legit,,analyst_B,2025-10-08 12:31:40,medium
TXN-2007110,legit,,analyst_A,2025-10-08 14:21:48,low
TXN-2021979,legit,,analyst_A,2025-10-08 14:37:29,high
TXN-2024657,legit,,analyst_A,2025-10-08 14:49:01,medium
TXN-2023091,legit,,analyst_A,2025-10-08 15:32:38,high
TXN-2010552,legit,,analyst_B,2025-10-08 16:11:40,low
TXN-2012664,legit,,analyst_A,2025-10-08 16:35:13,medium
TXN-2002848,legit,,analyst_B,2025-10-08 17:10:55,low
TXN-2013229,legit,,analyst_A,2025-10-08 17:37:36,medium
TXN-2005734,legit,,analyst_B,2025-10-08 17:43:52,medium
TXN-2007907,legit,,analyst_A,2025-10-08 18:36:02,low
TXN-2007920,legit,,analyst_B,2025-10-08 18:52:05,low
TXN-2021502,legit,,analyst_B,2025-10-08 19:17:42,medium
TXN-2006504,legit,,analyst_A,2025-10-08 19:20:39,medium
TXN-2000492,legit,,analyst_B,2025-10-08 21:08:58,medium
TXN-2013061,legit,,analyst_B,2025-10-08 22:37:08,high
TXN-2019553,legit,,analyst_A,2025-10-08 22:51:54,medium
TXN-2018676,legit,,analyst_A,2025-10-08 22:53:00,low
TXN-2011116,legit,,analyst_A,2025-10-09 00:23:21,high
TXN-2000760,legit,,analyst_A,2025-10-09 00:24:28,medium
TXN-2013523,legit,,analyst_A,2025-10-09 00:43:01,high
TXN-2014798,legit,,analyst_A,2025-10-09 01:21:44,medium
TXN-2016245,legit,,analyst_B,2025-10-09 02:35:49,medium
TXN-2020954,legit,,analyst_A,2025-10-09 03:24:29,medium
TXN-2014127,legit,,analyst_B,2025-10-09 03:27:15,high
TXN-2009117,legit,,analyst_B,2025-10-09 04:45:43,high
TXN-2001297,legit,,analyst_A,2025-10-09 05:36:48,medium
TXN-2017085,legit,,analyst_B,2025-10-09 05:55:01,low
TXN-2019186,legit,,analyst_B,2025-10-09 05:57:59,high
TXN-2021996,legit,,analyst_B,2025-10-09 06:22:37,medium
TXN-2020271,legit,,analyst_B,2025-10-09 07:15:53,high
TXN-2008253,legit,,analyst_A,2025-10-09 07:39:09,medium
TXN-2015970,legit,,analyst_A,2025-10-09 09:31:57,high
TXN-2012564,legit,,analyst_A,2025-10-09 09:54:38,low
TXN-2006414,legit,,analyst_A,2025-10-09 09:57:42,medium
TXN-2024023,legit,,analyst_A,2025-10-09 10:42:26,high
TXN-2014360,legit,,analyst_A,2025-10-09 12:07:31,high
TXN-2008859,legit,,analyst_B,2025-10-09 12:41:41,low
TXN-2010758,legit,,analyst_B,2025-10-09 13:04:16,medium
TXN-2021479,legit,,analyst_A,2025-10-09 14:08:57,medium
TXN-2015567,legit,,analyst_A,2025-10-09 14:14:00,high
TXN-2009689,legit,,analyst_A,2025-10-09 15:24:29,low
TXN-2017375,legit,,analyst_B,2025-10-09 16:03:43,high
TXN-2014245,fraud,social_engineering,analyst_A,2025-10-09 16:56:17,high
TXN-2013002,legit,,analyst_A,2025-10-09 17:24:13,medium
TXN-2023766,legit,,analyst_A,2025-10-09 18:22:26,low
TXN-2000838,legit,,analyst_B,2025-10-09 19:04:38,medium
TXN-2016929,legit,,analyst_B,2025-10-09 19:36:56,high
TXN-2015156,legit,,analyst_A,2025-10-09 20:23:38,medium
TXN-2016753,legit,,analyst_B,2025-10-09 20:31:51,medium
TXN-2012127,legit,,analyst_B,2025-10-09 20:55:02,low
TXN-2015965,legit,,analyst_A,2025-10-09 21:17:00,high
TXN-2011842,legit,,analyst_B,2025-10-09 21:24:25,low
TXN-2023484,legit,,analyst_A,2025-10-09 21:44:04,medium
TXN-2022599,legit,,analyst_A,2025-10-09 22:00:56,high
TXN-2003428,fraud,sim_swap,analyst_A,2025-10-09 23:52:35,medium
TXN-2010739,legit,,analyst_B,2025-10-10 00:43:00,high
TXN-2005440,legit,,analyst_A,2025-10-10 00:45:47,high
TXN-2004218,legit,,analyst_B,2025-10-10 03:43:28,medium
TXN-2016650,legit,,analyst_A,2025-10-10 06:55:30,high
TXN-2017774,legit,,analyst_A,2025-10-10 07:41:17,medium
TXN-2020942,legit,,analyst_A,2025-10-10 08:27:18,high
TXN-2015266,legit,,analyst_B,2025-10-10 09:11:43,high
TXN-2015235,legit,,analyst_A,2025-10-10 11:56:42,medium
TXN-2011833,legit,,analyst_B,2025-10-10 12:33:41,high
TXN-2016421,legit,,analyst_B,2025-10-10 12:51:06,high
TXN-2018390,legit,,analyst_A,2025-10-10 14:31:23,high
TXN-2009848,legit,,analyst_A,2025-10-10 15:19:44,low
TXN-2002661,legit,,analyst_B,2025-10-10 15:37:43,high
TXN-2009111,legit,,analyst_A,2025-10-10 16:01:45,high
TXN-2022869,legit,,analyst_B,2025-10-10 17:50:54,high
TXN-2003931,legit,,analyst_B,2025-10-10 18:41:31,low
TXN-2010100,legit,,analyst_A,2025-10-10 19:11:10,high
TXN-2014813,legit,,analyst_A,2025-10-10 20:30:16,medium
TXN-2008762,fraud,account_takeover,analyst_B,2025-10-10 20:41:25,high
TXN-2015793,legit,,analyst_A,2025-10-10 21:09:45,high
TXN-2009533,legit,,analyst_B,2025-10-10 22:04:20,low
TXN-2004181,legit,,analyst_B,2025-10-10 23:46:15,high
TXN-2010628,legit,,analyst_B,2025-10-10 23:54:45,medium
TXN-2013228,legit,,analyst_A,2025-10-11 01:06:11,medium
TXN-2020213,legit,,analyst_A,2025-10-11 02:40:16,high
TXN-2019652,legit,,analyst_B,2025-10-11 02:55:04,medium
TXN-2009426,legit,,analyst_A,2025-10-11 03:20:01,medium
TXN-2019707,legit,,analyst_A,2025-10-11 03:32:23,low
TXN-2014581,legit,,analyst_A,2025-10-11 03:55:29,medium
TXN-2021932,legit,,analyst_A,2025-10-11 05:13:03,high
TXN-2021018,legit,,analyst_A,2025-10-11 05:24:16,high
TXN-2021562,legit,,analyst_B,2025-10-11 06:16:21,low
TXN-2015642,legit,,analyst_A,2025-10-11 06:20:50,low
TXN-2010188,legit,,analyst_A,2025-10-11 07:57:03,high
TXN-2015187,legit,,analyst_B,2025-10-11 09:24:30,high
TXN-2007545,legit,,analyst_B,2025-10-11 10:31:12,medium
TXN-2010787,legit,,analyst_B,2025-10-11 11:38:49,medium
TXN-2005218,legit,,analyst_B,2025-10-11 11:54:52,high
TXN-2006444,legit,,analyst_B,2025-10-11 13:32:50,low
TXN-2002232,legit,,analyst_A,2025-10-11 17:14:39,high
TXN-2012890,legit,,analyst_B,2025-10-11 18:50:43,medium
TXN-2004917,legit,,analyst_A,2025-10-11 19:06:26,high
TXN-2005369,legit,,analyst_B,2025-10-11 19:09:44,high
TXN-2022278,legit,,analyst_A,2025-10-11 22:43:14,low
TXN-2022392,legit,,analyst_B,2025-10-11 23:41:53,medium
TXN-2014202,legit,,analyst_A,2025-10-12 01:45:02,low
TXN-2012108,legit,,analyst_B,2025-10-12 02:11:33,low
TXN-2024597,legit,,analyst_B,2025-10-12 06:20:38,high
TXN-2011992,legit,,analyst_A,2025-10-12 07:08:57,medium
TXN-2022777,legit,,analyst_A,2025-10-12 07:23:21,high
TXN-2013701,legit,,analyst_B,2025-10-12 09:34:10,high
TXN-2022867,legit,,analyst_B,2025-10-12 09:48:31,high
TXN-2021462,legit,,analyst_A,2025-10-12 09:52:18,high
TXN-2024100,legit,,analyst_A,2025-10-12 10:26:10,low
TXN-2009364,legit,,analyst_B,2025-10-12 10:54:04,medium
TXN-2020435,legit,,analyst_A,2025-10-12 11:35:34,medium
TXN-2022079,legit,,analyst_B,2025-10-12 11:50:35,high
TXN-2000131,legit,,analyst_A,2025-10-12 13:11:47,high
TXN-2021613,legit,,analyst_A,2025-10-12 13:39:06,medium
TXN-2001536,legit,,analyst_B,2025-10-12 13:40:04,high
TXN-2019176,legit,,analyst_B,2025-10-12 13:58:00,medium
TXN-2006088,legit,,analyst_B,2025-10-12 14:04:28,low
TXN-2007629,legit,,analyst_B,2025-10-12 14:10:40,medium
TXN-2005406,legit,,analyst_B,2025-10-12 14:23:27,medium
TXN-2015509,legit,,analyst_A,2025-10-12 15:04:02,medium
TXN-2009616,legit,,analyst_B,2025-10-12 16:29:46,low
TXN-2008569,fraud,social_engineering,analyst_A,2025-10-12 16:45:28,medium
TXN-2023551,legit,,analyst_A,2025-10-12 19:31:34,high
TXN-2011796,legit,,analyst_B,2025-10-12 20:21:16,medium
TXN-2002361,legit,,analyst_B,2025-10-12 20:43:00,medium
TXN-2003443,legit,,analyst_A,2025-10-12 21:21:53,high
TXN-2014184,legit,,analyst_A,2025-10-12 21:40:18,high
TXN-2004820,legit,,analyst_A,2025-10-12 22:38:36,medium
TXN-2021118,legit,,analyst_B,2025-10-12 22:46:54,high
TXN-2009330,legit,,analyst_B,2025-10-12 23:20:18,medium
TXN-2017030,legit,,analyst_A,2025-10-13 00:21:05,high
TXN-2006083,legit,,analyst_A,2025-10-13 00:34:03,high
TXN-2009609,legit,,analyst_B,2025-10-13 01:07:24,high
TXN-2016442,legit,,analyst_B,2025-10-13 01:17:37,medium
TXN-2013010,legit,,analyst_A,2025-10-13 01:22:13,high
TXN-2005212,legit,,analyst_A,2025-10-13 01:35:23,medium
TXN-2009324,legit,,analyst_B,2025-10-13 02:34:11,medium
TXN-2007362,legit,,analyst_A,2025-10-13 03:39:19,medium
TXN-2023764,legit,,analyst_A,2025-10-13 03:54:51,medium
TXN-2006437,legit,,analyst_A,2025-10-13 04:41:16,medium
TXN-2009657,legit,,analyst_A,2025-10-13 05:27:50,medium
TXN-2023023,legit,,analyst_A,2025-10-13 05:42:49,high
TXN-2024002,legit,,analyst_B,2025-10-13 05:45:33,medium
TXN-2017959,legit,,analyst_B,2025-10-13 06:52:39,low
TXN-2020545,legit,,analyst_A,2025-10-13 07:31:12,medium
TXN-2016659,legit,,analyst_A,2025-10-13 09:01:50,medium
TXN-2011527,legit,,analyst_A,2025-10-13 09:37:14,low
TXN-2005058,legit,,analyst_A,2025-10-13 09:50:15,medium
TXN-2006205,legit,,analyst_A,2025-10-13 10:18:33,low
TXN-2005469,legit,,analyst_B,2025-10-13 10:20:31,high
TXN-2015517,legit,,analyst_B,2025-10-13 10:40:33,low
TXN-2000049,legit,,analyst_B,2025-10-13 10:52:47,medium
TXN-2017590,legit,,analyst_A,2025-10-13 12:48:35,high
TXN-2012603,legit,,analyst_A,2025-10-13 14:00:12,high
TXN-2013019,legit,,analyst_B,2025-10-13 17:05:18,low
TXN-2018523,legit,,analyst_B,2025-10-13 17:09:31,low
TXN-2018327,legit,,analyst_A,2025-10-13 17:52:40,medium
TXN-2015691,legit,,analyst_A,2025-10-13 19:37:36,high
TXN-2008935,legit,,analyst_A,2025-10-13 20:18:44,low
TXN-2021146,legit,,analyst_A,2025-10-13 21:09:05,low
TXN-2007563,legit,,analyst_A,2025-10-13 21:27:05,low
TXN-2005317,legit,,analyst_A,2025-10-13 23:14:20,medium
TXN-2012846,legit,,analyst_A,2025-10-13 23:20:56,low
TXN-2018308,legit,,analyst_B,2025-10-13 23:50:34,medium
TXN-2013367,fraud,account_takeover,analyst_A,2025-10-13 23:58:54,low
TXN-2009767,legit,,analyst_B,2025-10-14 02:55:46,high
TXN-2002371,legit,,analyst_B,2025-10-14 03:00:14,medium
TXN-2011592,legit,,analyst_A,2025-10-14 03:22:35,high
TXN-2016447,legit,,analyst_A,2025-10-14 03:31:35,high
TXN-2004544,legit,,analyst_A,2025-10-14 04:05:35,medium
TXN-2007796,legit,,analyst_B,2025-10-14 04:22:04,medium
TXN-2020927,legit,,analyst_A,2025-10-14 05:27:01,high
TXN-2013714,legit,,analyst_B,2025-10-14 08:17:24,medium
TXN-2013094,legit,,analyst_A,2025-10-14 09:28:55,medium
TXN-2018457,legit,,analyst_A,2025-10-14 11:00:25,high
TXN-2002420,legit,,analyst_A,2025-10-14 11:28:47,low
TXN-2004250,legit,,analyst_A,2025-10-14 13:10:08,low
TXN-2007613,legit,,analyst_B,2025-10-14 14:22:57,medium
TXN-2000836,legit,,analyst_A,2025-10-14 15:27:19,low
TXN-2006486,legit,,analyst_B,2025-10-14 16:42:56,high
TXN-2008751,legit,,analyst_A,2025-10-14 16:56:17,low
TXN-2014726,legit,,analyst_B,2025-10-14 19:52:17,high
TXN-2021845,legit,,analyst_A,2025-10-14 20:35:59,high
TXN-2001873,legit,,analyst_B,2025-10-14 21:52:23,low
TXN-2022521,legit,,analyst_B,2025-10-14 21:58:45,high
TXN-2019337,legit,,analyst_A,2025-10-14 22:02:45,high
TXN-2008599,legit,,analyst_A,2025-10-14 22:28:43,high
TXN-2008827,legit,,analyst_A,2025-10-15 00:33:37,high
TXN-2004225,legit,,analyst_A,2025-10-15 02:47:50,high
TXN-2018164,legit,,analyst_A,2025-10-15 02:55:09,medium
TXN-2021332,legit,,analyst_B,2025-10-15 07:03:32,medium
TXN-2011322,legit,,analyst_A,2025-10-15 07:04:37,high
TXN-2021989,legit,,analyst_A,2025-10-15 07:22:13,high
TXN-2014426,legit,,analyst_A,2025-10-15 08:05:11,high
TXN-2021477,legit,,analyst_B,2025-10-15 09:31:00,medium
TXN-2000518,legit,,analyst_A,2025-10-15 12:47:18,low
TXN-2008304,legit,,analyst_A,2025-10-15 14:25:29,medium
TXN-2024409,legit,,analyst_A,2025-10-15 16:22:20,high
TXN-2012112,legit,,analyst_A,2025-10-15 19:33:07,medium
TXN-2005883,legit,,analyst_B,2025-10-15 19:51:56,medium
TXN-2009120,legit,,analyst_B,2025-10-15 20:16:13,high
TXN-2008319,legit,,analyst_B,2025-10-15 21:12:46,high
TXN-2011336,legit,,analyst_B,2025-10-15 21:37:14,medium
TXN-2016632,legit,,analyst_A,2025-10-15 21:52:03,medium
TXN-2013635,legit,,analyst_B,2025-10-15 23:08:13,medium
TXN-2024743,legit,,analyst_B,2025-10-16 00:39:45,medium
TXN-2011877,legit,,analyst_B,2025-10-16 00:59:42,high
TXN-2002218,legit,,analyst_A,2025-10-16 01:01:42,low
TXN-2014918,legit,,analyst_A,2025-10-16 02:18:19,low
TXN-2019707,fraud,sim_swap,analyst_B,2025-10-16 06:32:23,medium
TXN-2001099,legit,,analyst_B,2025-10-16 06:36:15,medium
TXN-2008954,legit,,analyst_A,2025-10-16 07:27:51,medium
TXN-2005618,legit,,analyst_A,2025-10-16 08:11:27,high
TXN-2017434,legit,,analyst_B,2025-10-16 08:30:32,low
TXN-2000210,legit,,analyst_B,2025-10-16 09:01:20,low
TXN-2014436,legit,,analyst_B,2025-10-16 11:02:27,high
TXN-2014897,legit,,analyst_B,2025-10-16 12:08:40,high
TXN-2002121,legit,,analyst_A,2025-10-16 13:36:42,low
TXN-2016585,legit,,analyst_A,2025-10-16 14:40:11,medium
TXN-2001657,legit,,analyst_A,2025-10-16 15:34:48,high
TXN-2001995,legit,,analyst_B,2025-10-16 15:56:56,high
TXN-2017558,legit,,analyst_A,2025-10-16 17:56:53,medium
TXN-2018380,legit,,analyst_A,2025-10-16 18:00:17,high
TXN-2012881,legit,,analyst_A,2025-10-16 18:23:05,high
TXN-2006808,legit,,analyst_A,2025-10-16 20:30:06,medium
TXN-2009494,legit,,analyst_B,2025-10-16 20:57:41,high
TXN-2010026,legit,,analyst_B,2025-10-16 21:14:01,medium
TXN-2008609,legit,,analyst_B,2025-10-16 21:27:14,high
TXN-2018754,legit,,analyst_A,2025-10-16 22:47:46,medium
TXN-2011656,legit,,analyst_B,2025-10-17 01:42:03,low
TXN-2019199,legit,,analyst_B,2025-10-17 02:29:53,low
TXN-2006771,legit,,analyst_A,2025-10-17 03:21:13,medium
TXN-2006664,legit,,analyst_B,2025-10-17 04:40:12,high
TXN-2022466,legit,,analyst_B,2025-10-17 06:02:07,high
TXN-2019945,legit,,analyst_B,2025-10-17 06:12:44,low
TXN-2009120,legit,,analyst_A,2025-10-17 06:16:13,high
TXN-2024542,legit,,analyst_B,2025-10-17 06:51:08,medium
TXN-2004333,legit,,analyst_A,2025-10-17 06:55:38,medium
TXN-2004176,legit,,analyst_A,2025-10-17 07:40:29,high
TXN-2011544,legit,,analyst_A,2025-10-17 07:40:47,high
TXN-2009451,legit,,analyst_B,2025-10-17 08:14:49,low
TXN-2006479,legit,,analyst_B,2025-10-17 08:41:34,high
TXN-2008794,legit,,analyst_A,2025-10-17 11:06:56,high
TXN-2024895,legit,,analyst_A,2025-10-17 11:35:10,high
TXN-2006055,legit,,analyst_B,2025-10-17 12:14:42,medium
TXN-2018936,legit,,analyst_A,2025-10-17 14:27:21,high
TXN-2018606,legit,,analyst_A,2025-10-17 15:53:43,high
TXN-2004662,legit,,analyst_A,2025-10-17 16:05:07,medium
TXN-2012302,legit,,analyst_A,2025-10-17 16:40:10,high
TXN-2014209,legit,,analyst_A,2025-10-17 17:03:43,low
TXN-2015013,legit,,analyst_B,2025-10-17 17:20:33,medium
TXN-2013577,legit,,analyst_A,2025-10-17 17:20:51,high
TXN-2003294,legit,,analyst_A,2025-10-17 17:43:51,medium
TXN-2008100,legit,,analyst_A,2025-10-17 18:48:43,medium
TXN-2005163,legit,,analyst_A,2025-10-17 19:10:30,high
TXN-2022094,legit,,analyst_B,2025-10-17 19:41:45,high
TXN-2013715,legit,,analyst_A,2025-10-17 19:48:46,low
TXN-2016406,legit,,analyst_A,2025-10-17 20:45:19,high
TXN-2018880,legit,,analyst_A,2025-10-17 22:50:47,low
TXN-2022335,legit,,analyst_A,2025-10-17 23:35:26,medium
TXN-2011235,legit,,analyst_A,2025-10-18 00:22:57,medium
TXN-2008052,legit,,analyst_A,2025-10-18 01:41:23,medium
TXN-2009933,legit,,analyst_B,2025-10-18 01:47:46,high
TXN-2019041,legit,,analyst_B,2025-10-18 04:17:17,medium
TXN-2002998,legit,,analyst_A,2025-10-18 06:38:29,high
TXN-2003862,legit,,analyst_A,2025-10-18 07:05:36,high
TXN-2017145,legit,,analyst_A,2025-10-18 07:28:57,medium
TXN-2011682,legit,,analyst_B,2025-10-18 08:23:29,medium
TXN-2003623,legit,,analyst_A,2025-10-18 11:28:51,high
TXN-2021650,legit,,analyst_B,2025-10-18 11:50:02,medium
TXN-2018771,legit,,analyst_A,2025-10-18 12:05:59,high
TXN-2020059,legit,,analyst_A,2025-10-18 13:12:39,low
TXN-2015117,legit,,analyst_A,2025-10-18 14:05:48,low
TXN-2014925,legit,,analyst_B,2025-10-18 15:11:50,medium
TXN-2015943,legit,,analyst_A,2025-10-18 16:07:29,low
TXN-2008962,legit,,analyst_B,2025-10-18 16:07:59,high
TXN-2017039,legit,,analyst_A,2025-10-18 16:48:43,high
TXN-2012910,legit,,analyst_A,2025-10-18 16:52:09,high
TXN-2001416,legit,,analyst_A,2025-10-18 22:00:23,high
TXN-2007048,legit,,analyst_B,2025-10-18 22:08:09,medium
TXN-2016693,legit,,analyst_A,2025-10-18 22:37:16,high
TXN-2003588,legit,,analyst_A,2025-10-18 23:25:07,medium
TXN-2012645,legit,,analyst_A,2025-10-19 00:53:28,high
TXN-2000732,legit,,analyst_B,2025-10-19 02:18:25,low
TXN-2022639,legit,,analyst_B,2025-10-19 02:46:19,low
TXN-2019735,legit,,analyst_B,2025-10-19 02:47:19,high
TXN-2012684,legit,,analyst_A,2025-10-19 02:56:32,medium
TXN-2009765,legit,,analyst_A,2025-10-19 03:44:40,low
TXN-2003268,legit,,analyst_B,2025-10-19 04:05:35,high
TXN-2024266,legit,,analyst_B,2025-10-19 04:19:46,medium
TXN-2001900,legit,,analyst_B,2025-10-19 06:14:06,medium
TXN-2000335,legit,,analyst_B,2025-10-19 06:44:27,high
TXN-2016373,legit,,analyst_A,2025-10-19 07:45:10,low
TXN-2021036,legit,,analyst_A,2025-10-19 09:03:11,high
TXN-2012450,legit,,analyst_A,2025-10-19 09:06:16,medium
TXN-2000500,legit,,analyst_A,2025-10-19 09:28:05,medium
TXN-2007476,legit,,analyst_B,2025-10-19 09:56:02,medium
TXN-2019275,legit,,analyst_A,2025-10-19 10:14:27,high
TXN-2014131,legit,,analyst_A,2025-10-19 11:43:55,medium
TXN-2003312,legit,,analyst_A,2025-10-19 11:57:11,medium
TXN-2024901,legit,,analyst_B,2025-10-19 12:21:28,medium
TXN-2007512,legit,,analyst_A,2025-10-19 12:27:47,medium
TXN-2023470,legit,,analyst_A,2025-10-19 13:22:14,low
TXN-2006566,legit,,analyst_B,2025-10-19 14:52:07,medium
TXN-2015018,legit,,analyst_A,2025-10-19 14:56:23,low
TXN-2014118,legit,,analyst_B,2025-10-19 15:23:56,medium
TXN-2013081,legit,,analyst_A,2025-10-19 16:18:34,medium
TXN-2017419,legit,,analyst_A,2025-10-19 16:58:18,high
TXN-2000714,legit,,analyst_B,2025-10-19 17:59:42,medium
TXN-2009781,legit,,analyst_B,2025-10-19 18:05:10,medium
TXN-2023155,legit,,analyst_A,2025-10-19 18:24:16,low
TXN-2019005,legit,,analyst_A,2025-10-19 19:01:17,high
TXN-2020220,legit,,analyst_A,2025-10-19 23:37:35,medium
TXN-2004004,legit,,analyst_A,2025-10-20 01:56:47,high
TXN-2016494,legit,,analyst_A,2025-10-20 03:41:54,medium
TXN-2022796,legit,,analyst_A,2025-10-20 04:39:25,high
TXN-2018200,legit,,analyst_A,2025-10-20 06:09:57,high
TXN-2019308,legit,,analyst_B,2025-10-20 06:45:09,medium
TXN-2012276,legit,,analyst_B,2025-10-20 07:48:13,medium
TXN-2020515,legit,,analyst_A,2025-10-20 08:37:01,medium
TXN-2024689,legit,,analyst_A,2025-10-20 10:37:04,high
TXN-2019242,legit,,analyst_B,2025-10-20 11:46:34,low
TXN-2018018,legit,,analyst_A,2025-10-20 12:48:14,medium
TXN-2023961,legit,,analyst_A,2025-10-20 13:09:49,high
TXN-2012058,legit,,analyst_B,2025-10-20 13:24:41,low
TXN-2014944,legit,,analyst_A,2025-10-20 14:19:38,high
TXN-2001431,legit,,analyst_B,2025-10-20 16:39:25,high
TXN-2007860,legit,,analyst_A,2025-10-20 16:58:06,medium
TXN-2011171,legit,,analyst_B,2025-10-20 17:24:22,medium
TXN-2012709,legit,,analyst_A,2025-10-20 18:51:59,high
TXN-2017707,legit,,analyst_A,2025-10-20 23:26:58,medium
TXN-2016296,legit,,analyst_A,2025-10-21 00:05:31,low
TXN-2018845,legit,,analyst_A,2025-10-21 00:30:54,high
TXN-2009323,legit,,analyst_A,2025-10-21 00:40:22,medium
TXN-2000970,legit,,analyst_B,2025-10-21 02:17:10,high
TXN-2019243,legit,,analyst_A,2025-10-21 04:02:39,high
TXN-2023702,legit,,analyst_A,2025-10-21 04:19:12,high
TXN-2006402,legit,,analyst_A,2025-10-21 04:19:31,low
TXN-2018533,legit,,analyst_B,2025-10-21 05:01:57,high
TXN-2021905,legit,,analyst_A,2025-10-21 06:02:59,low
TXN-2024503,legit,,analyst_B,2025-10-21 06:48:48,high
TXN-2009970,legit,,analyst_B,2025-10-21 07:43:48,high
TXN-2009183,legit,,analyst_B,2025-10-21 08:50:46,high
TXN-2014491,legit,,analyst_A,2025-10-21 09:02:25,medium
TXN-2000172,legit,,analyst_B,2025-10-21 09:53:49,medium
TXN-2008182,legit,,analyst_B,2025-10-21 10:28:02,low
TXN-2005552,legit,,analyst_A,2025-10-21 10:44:11,low
TXN-2010478,legit,,analyst_A,2025-10-21 11:40:47,high
TXN-2010662,legit,,analyst_A,2025-10-21 11:43:38,high
TXN-2012156,legit,,analyst_A,2025-10-21 13:12:21,medium
TXN-2024564,legit,,analyst_B,2025-10-21 13:31:48,high
TXN-2008513,legit,,analyst_B,2025-10-21 14:12:58,medium
TXN-2024145,legit,,analyst_A,2025-10-21 15:08:18,medium
TXN-2004706,legit,,analyst_B,2025-10-21 16:20:02,medium
TXN-2015305,legit,,analyst_A,2025-10-21 17:00:13,low
TXN-2016049,legit,,analyst_A,2025-10-21 17:40:26,medium
TXN-2021503,legit,,analyst_A,2025-10-21 17:46:05,low
TXN-2023118,legit,,analyst_A,2025-10-21 17:54:13,medium
TXN-2006549,legit,,analyst_B,2025-10-21 19:37:53,medium
TXN-2024098,legit,,analyst_A,2025-10-21 20:24:25,medium
TXN-2014628,legit,,analyst_B,2025-10-21 23:51:23,low
TXN-2005097,legit,,analyst_A,2025-10-22 00:21:09,low
TXN-2013721,legit,,analyst_A,2025-10-22 00:24:25,low
TXN-2016128,legit,,analyst_B,2025-10-22 02:12:11,high
TXN-2004289,legit,,analyst_A,2025-10-22 02:59:26,high
TXN-2004178,legit,,analyst_B,2025-10-22 03:29:23,low
TXN-2023156,legit,,analyst_A,2025-10-22 03:43:41,high
TXN-2012801,legit,,analyst_A,2025-10-22 04:34:12,medium
TXN-2014916,legit,,analyst_A,2025-10-22 06:19:25,high
TXN-2022115,legit,,analyst_A,2025-10-22 07:48:22,high
TXN-2020376,legit,,analyst_A,2025-10-22 08:01:28,high
TXN-2019224,legit,,analyst_A,2025-10-22 08:01:30,medium
TXN-2017133,legit,,analyst_A,2025-10-22 08:57:15,medium
TXN-2006522,legit,,analyst_A,2025-10-22 10:58:00,high
TXN-2020533,legit,,analyst_B,2025-10-22 12:09:20,high
TXN-2022547,legit,,analyst_B,2025-10-22 12:13:53,medium
TXN-2024964,legit,,analyst_A,2025-10-22 13:03:11,high
TXN-2018318,legit,,analyst_B,2025-10-22 13:19:50,medium
TXN-2016757,legit,,analyst_A,2025-10-22 13:53:49,low
TXN-2007362,legit,,analyst_B,2025-10-22 15:39:19,medium
TXN-2011723,legit,,analyst_B,2025-10-22 17:37:42,medium
TXN-2017225,legit,,analyst_B,2025-10-22 17:54:12,high
TXN-2023336,legit,,analyst_A,2025-10-22 20:07:42,medium
TXN-2009149,legit,,analyst_B,2025-10-22 20:22:30,low
TXN-2022416,legit,,analyst_A,2025-10-22 20:38:33,medium
TXN-2019892,legit,,analyst_A,2025-10-22 21:15:54,high
TXN-2006582,legit,,analyst_B,2025-10-22 22:02:49,high
TXN-2002511,legit,,analyst_A,2025-10-22 23:36:42,high
TXN-2005464,legit,,analyst_B,2025-10-23 00:41:04,medium
TXN-2024747,legit,,analyst_B,2025-10-23 00:41:41,low
TXN-2018637,legit,,analyst_A,2025-10-23 00:46:21,high
TXN-2006197,legit,,analyst_A,2025-10-23 02:48:51,medium
TXN-2022020,legit,,analyst_A,2025-10-23 03:12:31,high
TXN-2001454,legit,,analyst_A,2025-10-23 06:16:10,high
TXN-2017828,legit,,analyst_B,2025-10-23 06:58:15,medium
TXN-2016222,legit,,analyst_A,2025-10-23 07:25:16,high
TXN-2017489,legit,,analyst_A,2025-10-23 08:11:37,medium
TXN-2019785,legit,,analyst_A,2025-10-23 10:40:16,medium
TXN-2009765,legit,,analyst_B,2025-10-23 11:44:40,medium
TXN-2014139,legit,,analyst_B,2025-10-23 14:22:16,medium
TXN-2006264,legit,,analyst_B,2025-10-23 15:53:15,low
TXN-2003268,legit,,analyst_A,2025-10-23 16:05:35,medium
TXN-2012503,legit,,analyst_B,2025-10-23 16:06:08,low
TXN-2002094,legit,,analyst_A,2025-10-23 16:29:58,medium
TXN-2009575,legit,,analyst_B,2025-10-23 16:46:17,high
TXN-2014479,legit,,analyst_A,2025-10-23 17:51:09,low
TXN-2016504,legit,,analyst_A,2025-10-23 19:17:06,high
TXN-2010032,legit,,analyst_B,2025-10-23 19:32:43,high
TXN-2013235,legit,,analyst_B,2025-10-23 21:29:03,low
TXN-2012456,legit,,analyst_A,2025-10-23 21:36:01,medium
TXN-2013812,legit,,analyst_A,2025-10-23 21:41:14,medium
TXN-2000555,legit,,analyst_A,2025-10-23 21:56:54,high
TXN-2008286,legit,,analyst_B,2025-10-23 23:29:05,medium
TXN-2000742,legit,,analyst_B,2025-10-23 23:46:04,high
TXN-2000569,legit,,analyst_A,2025-10-23 23:51:54,high
TXN-2017974,legit,,analyst_A,2025-10-24 00:49:35,low
TXN-2020432,legit,,analyst_A,2025-10-24 01:56:54,low
TXN-2000733,legit,,analyst_A,2025-10-24 02:24:09,low
TXN-2006458,legit,,analyst_B,2025-10-24 02:48:09,high
TXN-2020890,legit,,analyst_B,2025-10-24 04:16:52,high
TXN-2017102,legit,,analyst_B,2025-10-24 05:49:25,medium
TXN-2018035,legit,,analyst_A,2025-10-24 07:59:35,high
TXN-2015964,legit,,analyst_A,2025-10-24 08:57:22,medium
TXN-2008051,legit,,analyst_B,2025-10-24 09:48:10,high
TXN-2018337,legit,,analyst_B,2025-10-24 10:20:12,medium
TXN-2013552,legit,,analyst_B,2025-10-24 10:21:54,medium
TXN-2018491,legit,,analyst_A,2025-10-24 10:45:31,high
TXN-2022944,legit,,analyst_B,2025-10-24 11:52:31,high
TXN-2001658,legit,,analyst_A,2025-10-24 13:06:50,low
TXN-2003676,legit,,analyst_B,2025-10-24 14:25:39,high
TXN-2023437,legit,,analyst_A,2025-10-24 14:40:07,high
TXN-2001004,legit,,analyst_B,2025-10-24 16:08:15,medium
TXN-2018768,legit,,analyst_B,2025-10-24 19:32:44,high
TXN-2003918,legit,,analyst_A,2025-10-24 20:03:20,high
TXN-2024344,legit,,analyst_B,2025-10-24 20:32:19,high
TXN-2024219,legit,,analyst_B,2025-10-24 21:02:04,high
TXN-2000672,legit,,analyst_B,2025-10-24 21:41:26,medium
TXN-2022470,legit,,analyst_A,2025-10-24 21:44:41,low
TXN-2022601,legit,,analyst_B,2025-10-24 22:24:53,medium
TXN-2007353,legit,,analyst_B,2025-10-24 22:45:27,high
TXN-2000509,legit,,analyst_B,2025-10-24 23:07:15,medium
TXN-2017049,legit,,analyst_A,2025-10-24 23:20:26,medium
TXN-2017998,legit,,analyst_A,2025-10-24 23:21:44,low
TXN-2006977,legit,,analyst_A,2025-10-24 23:28:13,low
TXN-2023115,legit,,analyst_A,2025-10-25 03:09:10,low
TXN-2010965,legit,,analyst_A,2025-10-25 03:18:53,medium
TXN-2017001,legit,,analyst_A,2025-10-25 04:18:32,low
TXN-2004318,legit,,analyst_A,2025-10-25 04:39:27,medium
TXN-2014670,legit,,analyst_A,2025-10-25 05:19:41,medium
TXN-2013830,legit,,analyst_B,2025-10-25 05:43:03,medium
TXN-2001633,legit,,analyst_A,2025-10-25 06:25:31,low
TXN-2022944,legit,,analyst_A,2025-10-25 06:52:31,high
TXN-2002455,legit,,analyst_B,2025-10-25 08:11:58,high
TXN-2002082,legit,,analyst_A,2025-10-25 10:07:11,high
TXN-2004113,legit,,analyst_B,2025-10-25 11:25:49,high
TXN-2024450,legit,,analyst_A,2025-10-25 12:19:26,medium
TXN-2010737,legit,,analyst_A,2025-10-25 14:43:28,high
TXN-2009131,legit,,analyst_B,2025-10-25 18:40:56,high
TXN-2015157,legit,,analyst_B,2025-10-25 18:50:43,low
TXN-2001510,legit,,analyst_B,2025-10-25 19:11:23,high
TXN-2000129,legit,,analyst_B,2025-10-25 19:49:16,high
TXN-2023752,legit,,analyst_B,2025-10-25 20:34:49,high
TXN-2010870,legit,,analyst_A,2025-10-25 21:02:43,low
TXN-2022924,legit,,analyst_B,2025-10-25 21:29:19,high
TXN-2010983,legit,,analyst_A,2025-10-25 21:49:37,high
TXN-2017575,legit,,analyst_A,2025-10-25 22:20:06,high
TXN-2022418,legit,,analyst_A,2025-10-25 22:22:31,medium
TXN-2005763,legit,,analyst_B,2025-10-25 22:47:23,high
TXN-2004749,legit,,analyst_A,2025-10-25 23:59:57,medium
TXN-2002037,legit,,analyst_B,2025-10-26 01:10:31,medium
TXN-2023045,legit,,analyst_B,2025-10-26 02:45:23,high
TXN-2013026,legit,,analyst_A,2025-10-26 03:12:56,high
TXN-2002436,legit,,analyst_B,2025-10-26 05:06:48,high
TXN-2003093,legit,,analyst_A,2025-10-26 06:15:37,low
TXN-2005405,legit,,analyst_B,2025-10-26 06:40:19,medium
TXN-2007787,legit,,analyst_B,2025-10-26 07:23:10,low
TXN-2002192,legit,,analyst_B,2025-10-26 08:55:31,low
TXN-2021819,legit,,analyst_A,2025-10-26 09:06:24,high
TXN-2002069,legit,,analyst_A,2025-10-26 09:54:36,low
TXN-2004739,legit,,analyst_A,2025-10-26 10:57:29,low
TXN-2001235,legit,,analyst_B,2025-10-26 11:02:23,medium
TXN-2002594,legit,,analyst_B,2025-10-26 11:04:55,medium
TXN-2007275,legit,,analyst_B,2025-10-26 12:15:14,high
TXN-2016837,legit,,analyst_A,2025-10-26 13:42:18,low
TXN-2017647,legit,,analyst_A,2025-10-26 14:20:47,medium
TXN-2023947,legit,,analyst_B,2025-10-26 16:52:03,high
TXN-2003082,legit,,analyst_A,2025-10-26 20:16:57,medium
TXN-2018352,legit,,analyst_A,2025-10-26 21:45:05,low
TXN-2004598,legit,,analyst_B,2025-10-26 22:19:47,high
TXN-2004605,legit,,analyst_B,2025-10-26 22:28:11,medium
TXN-2001991,legit,,analyst_B,2025-10-26 23:34:59,low
TXN-2013680,legit,,analyst_A,2025-10-27 00:03:07,high
TXN-2022867,legit,,analyst_A,2025-10-27 00:48:31,high
TXN-2008823,legit,,analyst_A,2025-10-27 01:53:14,medium
TXN-2009647,legit,,analyst_B,2025-10-27 03:13:12,high
TXN-2017736,legit,,analyst_A,2025-10-27 04:21:52,low
TXN-2017174,legit,,analyst_A,2025-10-27 06:08:05,high
TXN-2017356,legit,,analyst_B,2025-10-27 06:53:21,medium
TXN-2005701,legit,,analyst_B,2025-10-27 07:22:40,medium
TXN-2015265,legit,,analyst_A,2025-10-27 08:58:35,low
TXN-2020384,legit,,analyst_A,2025-10-27 09:28:56,medium
TXN-2005883,legit,,analyst_A,2025-10-27 10:51:56,low
TXN-2003955,legit,,analyst_B,2025-10-27 11:38:12,high
TXN-2008297,legit,,analyst_B,2025-10-27 11:54:39,medium
TXN-2015027,legit,,analyst_B,2025-10-27 12:15:36,low
TXN-2012143,legit,,analyst_B,2025-10-27 12:21:41,high
TXN-2007807,legit,,analyst_B,2025-10-27 12:58:36,low
TXN-2000083,legit,,analyst_A,2025-10-27 13:33:40,medium
TXN-2015152,legit,,analyst_A,2025-10-27 14:28:06,high
TXN-2011590,legit,,analyst_B,2025-10-27 15:02:30,high
TXN-2011110,legit,,analyst_A,2025-10-27 15:21:31,low
TXN-2000784,legit,,analyst_A,2025-10-27 15:24:02,high
TXN-2022744,legit,,analyst_A,2025-10-27 15:37:08,low
TXN-2000539,legit,,analyst_B,2025-10-27 16:26:57,medium
TXN-2007812,legit,,analyst_A,2025-10-27 18:21:53,medium
TXN-2000351,legit,,analyst_A,2025-10-27 19:20:05,high
TXN-2020231,legit,,analyst_B,2025-10-27 19:24:59,low
TXN-2016692,legit,,analyst_B,2025-10-27 20:45:17,medium
TXN-2024707,legit,,analyst_B,2025-10-27 21:52:26,medium
TXN-2022268,legit,,analyst_A,2025-10-27 22:20:40,low
TXN-2002683,legit,,analyst_B,2025-10-27 22:36:22,medium
TXN-2016078,legit,,analyst_A,2025-10-27 23:01:15,high
TXN-2001908,legit,,analyst_A,2025-10-27 23:08:26,high
TXN-2017348,legit,,analyst_B,2025-10-28 00:53:59,high
TXN-2000134,legit,,analyst_B,2025-10-28 01:53:54,low
TXN-2001416,legit,,analyst_B,2025-10-28 02:00:23,low
TXN-2003740,legit,,analyst_B,2025-10-28 03:23:40,medium
TXN-2020318,legit,,analyst_B,2025-10-28 03:34:58,medium
TXN-2003768,legit,,analyst_A,2025-10-28 05:00:13,high
TXN-2007812,legit,,analyst_B,2025-10-28 05:21:53,high
TXN-2016125,legit,,analyst_A,2025-10-28 05:38:48,high
TXN-2001273,legit,,analyst_A,2025-10-28 06:16:00,low
TXN-2000224,legit,,analyst_B,2025-10-28 06:29:20,high
TXN-2003628,legit,,analyst_B,2025-10-28 08:29:56,medium
TXN-2008823,legit,,analyst_B,2025-10-28 08:53:14,high
TXN-2013905,legit,,analyst_A,2025-10-28 09:11:44,high
TXN-2017743,legit,,analyst_A,2025-10-28 12:11:14,low
TXN-2013104,legit,,analyst_A,2025-10-28 12:56:43,high
TXN-2006008,legit,,analyst_B,2025-10-28 14:18:08,high
TXN-2001119,legit,,analyst_B,2025-10-28 14:19:38,high
TXN-2003760,legit,,analyst_B,2025-10-28 15:27:54,high
TXN-2013199,legit,,analyst_B,2025-10-28 16:33:35,medium
TXN-2014645,legit,,analyst_A,2025-10-28 17:43:23,high
TXN-2014442,legit,,analyst_A,2025-10-28 19:13:28,high
TXN-2000382,legit,,analyst_B,2025-10-28 20:16:45,high
TXN-2000427,legit,,analyst_A,2025-10-28 21:03:46,medium
TXN-2003871,legit,,analyst_A,2025-10-28 21:24:49,high
TXN-2008703,legit,,analyst_B,2025-10-28 21:31:31,high
TXN-2000904,legit,,analyst_A,2025-10-28 21:42:17,high
TXN-2017398,legit,,analyst_A,2025-10-28 23:14:32,medium
TXN-2008834,legit,,analyst_A,2025-10-28 23:45:58,high
TXN-2010519,legit,,analyst_B,2025-10-29 01:30:34,medium
TXN-2020053,legit,,analyst_B,2025-10-29 02:55:30,high
TXN-2010531,legit,,analyst_A,2025-10-29 03:00:18,high
TXN-2004778,legit,,analyst_B,2025-10-29 03:03:07,medium
TXN-2017033,legit,,analyst_B,2025-10-29 03:16:37,high
TXN-2002847,legit,,analyst_B,2025-10-29 03:39:44,high
TXN-2014526,legit,,analyst_A,2025-10-29 03:48:48,high
TXN-2024056,legit,,analyst_A,2025-10-29 04:01:01,medium
TXN-2010574,legit,,analyst_A,2025-10-29 04:59:37,high
TXN-2010828,legit,,analyst_B,2025-10-29 05:28:27,high
TXN-2013850,legit,,analyst_B,2025-10-29 05:47:14,medium
TXN-2005219,legit,,analyst_B,2025-10-29 06:39:00,medium
TXN-2011933,legit,,analyst_B,2025-10-29 08:11:40,medium
TXN-2021642,legit,,analyst_A,2025-10-29 09:23:34,high
TXN-2018796,legit,,analyst_B,2025-10-29 09:36:22,low
TXN-2009937,legit,,analyst_A,2025-10-29 11:31:12,medium
TXN-2002546,legit,,analyst_A,2025-10-29 13:08:51,medium
TXN-2009633,legit,,analyst_A,2025-10-29 13:14:50,high
TXN-2008590,legit,,analyst_A,2025-10-29 13:16:20,low
TXN-2001924,legit,,analyst_B,2025-10-29 13:34:53,high
TXN-2008602,legit,,analyst_A,2025-10-29 14:15:37,medium
TXN-2021356,legit,,analyst_A,2025-10-29 14:21:18,low
TXN-2001737,legit,,analyst_A,2025-10-29 14:22:35,high
TXN-2001088,legit,,analyst_A,2025-10-29 14:34:31,high
TXN-2016444,legit,,analyst_B,2025-10-29 15:49:21,medium
TXN-2002451,legit,,analyst_A,2025-10-29 16:37:37,high
TXN-2019429,legit,,analyst_A,2025-10-29 17:22:34,high
TXN-2007423,legit,,analyst_B,2025-10-29 17:37:16,low
TXN-2023244,legit,,analyst_B,2025-10-29 17:44:47,high
TXN-2015249,legit,,analyst_B,2025-10-29 18:10:35,high
TXN-2013847,legit,,analyst_B,2025-10-29 19:52:23,medium
TXN-2020174,legit,,analyst_B,2025-10-29 20:16:56,medium
TXN-2010396,legit,,analyst_A,2025-10-29 20:30:51,medium
TXN-2021036,legit,,analyst_B,2025-10-29 22:03:11,medium
TXN-2020387,legit,,analyst_A,2025-10-29 22:05:31,high
TXN-2009421,legit,,analyst_A,2025-10-29 22:26:27,medium
TXN-2011479,legit,,analyst_A,2025-10-29 22:26:50,high
TXN-2018699,legit,,analyst_A,2025-10-30 00:50:00,high
TXN-2006509,legit,,analyst_A,2025-10-30 02:50:09,medium
TXN-2004162,legit,,analyst_A,2025-10-30 02:52:02,high
TXN-2007251,legit,,analyst_B,2025-10-30 02:56:44,high
TXN-2024630,legit,,analyst_B,2025-10-30 05:04:34,medium
TXN-2017846,legit,,analyst_A,2025-10-30 05:25:33,high
TXN-2020260,legit,,analyst_A,2025-10-30 06:01:53,medium
TXN-2010027,legit,,analyst_A,2025-10-30 07:29:27,low
TXN-2004020,legit,,analyst_A,2025-10-30 07:40:07,high
TXN-2002877,legit,,analyst_B,2025-10-30 08:11:54,medium
TXN-2007405,legit,,analyst_A,2025-10-30 08:46:33,high
TXN-2012538,legit,,analyst_B,2025-10-30 09:53:09,high
TXN-2016237,legit,,analyst_A,2025-10-30 12:10:54,low
TXN-2014034,legit,,analyst_B,2025-10-30 12:50:01,medium
TXN-2004691,legit,,analyst_A,2025-10-30 14:12:36,low
TXN-2024584,legit,,analyst_A,2025-10-30 14:36:48,low
TXN-2008008,legit,,analyst_B,2025-10-30 15:02:01,medium
TXN-2023022,legit,,analyst_B,2025-10-30 16:12:59,medium
TXN-2014761,legit,,analyst_A,2025-10-30 16:14:34,low
TXN-2023972,legit,,analyst_B,2025-10-30 18:08:32,high
TXN-2020502,legit,,analyst_A,2025-10-30 18:40:33,medium
TXN-2014926,legit,,analyst_B,2025-10-30 19:16:48,high
TXN-2020339,legit,,analyst_A,2025-10-30 20:09:49,medium
TXN-2010933,legit,,analyst_A,2025-10-30 20:19:40,high
TXN-2001924,legit,,analyst_A,2025-10-30 22:34:53,medium
TXN-2018188,legit,,analyst_B,2025-10-30 22:36:15,medium
TXN-2017378,legit,,analyst_B,2025-10-30 22:53:09,low
TXN-2014239,legit,,analyst_A,2025-10-30 23:11:15,high
TXN-2023674,legit,,analyst_A,2025-10-30 23:11:50,high
TXN-2006469,legit,,analyst_A,2025-10-30 23:42:46,high
TXN-2019931,legit,,analyst_B,2025-10-31 00:06:26,low
TXN-2008364,legit,,analyst_A,2025-10-31 00:15:07,high
TXN-2021649,legit,,analyst_B,2025-10-31 01:41:07,high
TXN-2023055,legit,,analyst_B,2025-10-31 02:55:05,low
TXN-2004704,legit,,analyst_A,2025-10-31 03:37:13,medium
TXN-2001388,legit,,analyst_B,2025-10-31 03:38:56,medium
TXN-2010487,legit,,analyst_A,2025-10-31 04:54:02,medium
TXN-2005624,legit,,analyst_B,2025-10-31 04:55:43,high
TXN-2006300,legit,,analyst_A,2025-10-31 05:11:06,high
TXN-2009925,legit,,analyst_B,2025-10-31 05:35:45,high
TXN-2019507,legit,,analyst_B,2025-10-31 06:30:40,medium
TXN-2015989,legit,,analyst_A,2025-10-31 06:34:03,high
TXN-2003888,legit,,analyst_B,2025-10-31 06:41:35,high
TXN-2017629,legit,,analyst_B,2025-10-31 07:38:06,high
TXN-2000682,legit,,analyst_A,2025-10-31 09:27:54,medium
TXN-2013658,legit,,analyst_B,2025-10-31 10:07:16,high
TXN-2009170,legit,,analyst_B,2025-10-31 10:13:40,high
TXN-2016797,legit,,analyst_B,2025-10-31 11:16:03,medium
TXN-2003588,legit,,analyst_B,2025-10-31 11:25:07,medium
TXN-2024554,legit,,analyst_B,2025-10-31 12:37:44,medium
TXN-2015733,legit,,analyst_A,2025-10-31 13:11:36,high
TXN-2018236,legit,,analyst_A,2025-10-31 13:27:47,low
TXN-2002070,legit,,analyst_B,2025-10-31 13:54:14,high
TXN-2019718,legit,,analyst_A,2025-10-31 16:09:35,medium
TXN-2008308,legit,,analyst_B,2025-10-31 16:25:25,medium
TXN-2006442,legit,,analyst_A,2025-10-31 16:45:00,medium
TXN-2002041,legit,,analyst_B,2025-10-31 16:45:06,medium
TXN-2003596,legit,,analyst_A,2025-10-31 16:54:18,medium
TXN-2024116,legit,,analyst_A,2025-10-31 18:41:14,high
TXN-2010132,legit,,analyst_A,2025-10-31 18:46:56,high
TXN-2003661,legit,,analyst_A,2025-10-31 19:38:06,low
TXN-2000421,legit,,analyst_B,2025-10-31 19:52:04,medium
TXN-2021708,legit,,analyst_B,2025-10-31 20:02:30,medium
TXN-2017552,legit,,analyst_A,2025-10-31 20:25:44,medium
TXN-2014049,legit,,analyst_A,2025-10-31 20:43:09,medium
TXN-2006762,legit,,analyst_B,2025-10-31 21:06:17,low
TXN-2014178,legit,,analyst_A,2025-10-31 22:20:01,medium
TXN-2019219,legit,,analyst_A,2025-10-31 23:17:50,medium
TXN-2011677,legit,,analyst_A,2025-11-01 00:10:54,high
TXN-2008882,legit,,analyst_B,2025-11-01 00:27:53,medium
TXN-2006182,legit,,analyst_A,2025-11-01 00:56:13,low
TXN-2003969,legit,,analyst_A,2025-11-01 01:07:17,low
TXN-2018058,legit,,analyst_A,2025-11-01 01:10:21,high
TXN-2016610,legit,,analyst_A,2025-11-01 01:18:39,medium
TXN-2002964,legit,,analyst_A,2025-11-01 01:29:40,low
TXN-2008827,legit,,analyst_B,2025-11-01 01:33:37,medium
TXN-2003897,legit,,analyst_B,2025-11-01 02:37:54,medium
TXN-2005845,legit,,analyst_B,2025-11-01 04:15:23,high
TXN-2004940,legit,,analyst_B,2025-11-01 04:16:48,high
TXN-2004333,legit,,analyst_B,2025-11-01 04:55:38,high
TXN-2007495,legit,,analyst_A,2025-11-01 05:39:51,high
TXN-2013359,legit,,analyst_A,2025-11-01 05:51:30,high
TXN-2011423,legit,,analyst_A,2025-11-01 06:53:20,medium
TXN-2003304,legit,,analyst_A,2025-11-01 07:54:01,medium
TXN-2003151,legit,,analyst_B,2025-11-01 08:43:13,medium
TXN-2023596,legit,,analyst_A,2025-11-01 09:45:17,low
TXN-2020421,legit,,analyst_A,2025-11-01 10:12:25,low
TXN-2000087,legit,,analyst_A,2025-11-01 10:53:42,high
TXN-2016751,legit,,analyst_B,2025-11-01 11:01:10,low
TXN-2013177,legit,,analyst_A,2025-11-01 11:44:52,high
TXN-2019099,legit,,analyst_A,2025-11-01 13:26:20,high
TXN-2014815,legit,,analyst_B,2025-11-01 13:44:38,medium
TXN-2023675,legit,,analyst_A,2025-11-01 14:31:20,high
TXN-2010111,legit,,analyst_A,2025-11-01 14:32:53,medium
TXN-2003238,legit,,analyst_A,2025-11-01 16:28:03,high
TXN-2008735,legit,,analyst_B,2025-11-01 16:50:10,high
TXN-2010770,legit,,analyst_B,2025-11-01 17:26:46,medium
TXN-2021945,legit,,analyst_A,2025-11-01 18:00:11,high
TXN-2008930,legit,,analyst_B,2025-11-01 19:10:23,high
TXN-2016450,legit,,analyst_B,2025-11-01 19:28:16,low
TXN-2007911,legit,,analyst_A,2025-11-01 20:05:54,low
TXN-2020849,legit,,analyst_B,2025-11-01 20:24:49,low
TXN-2003167,legit,,analyst_A,2025-11-01 20:32:48,medium
TXN-2018560,legit,,analyst_B,2025-11-01 20:51:54,high
TXN-2014825,legit,,analyst_A,2025-11-01 22:20:29,medium
TXN-2006214,legit,,analyst_B,2025-11-01 23:16:21,high
TXN-2004933,legit,,analyst_B,2025-11-01 23:49:37,low
TXN-2019177,legit,,analyst_B,2025-11-02 00:09:32,medium
TXN-2021996,legit,,analyst_A,2025-11-02 00:22:37,high
TXN-2021993,legit,,analyst_A,2025-11-02 00:32:29,medium
TXN-2003793,legit,,analyst_A,2025-11-02 01:52:00,medium
TXN-2001089,legit,,analyst_B,2025-11-02 02:58:06,medium
TXN-2012535,legit,,analyst_A,2025-11-02 03:18:31,medium
TXN-2013500,legit,,analyst_A,2025-11-02 03:43:55,medium
TXN-2007337,legit,,analyst_A,2025-11-02 04:22:31,high
TXN-2001467,legit,,analyst_A,2025-11-02 04:28:51,high
TXN-2017226,legit,,analyst_A,2025-11-02 05:08:40,high
TXN-2018901,legit,,analyst_B,2025-11-02 08:12:17,medium
TXN-2022652,legit,,analyst_A,2025-11-02 08:57:53,high
TXN-2013275,legit,,analyst_A,2025-11-02 09:03:43,high
TXN-2001849,legit,,analyst_B,2025-11-02 09:13:15,low
TXN-2020788,legit,,analyst_A,2025-11-02 09:50:08,high
TXN-2010630,legit,,analyst_B,2025-11-02 10:31:50,medium
TXN-2016994,legit,,analyst_B,2025-11-02 10:34:41,low
TXN-2008612,legit,,analyst_A,2025-11-02 11:40:17,low
TXN-2000927,legit,,analyst_B,2025-11-02 13:49:46,medium
TXN-2017739,legit,,analyst_B,2025-11-02 14:17:14,high
TXN-2019379,legit,,analyst_A,2025-11-02 14:39:44,medium
TXN-2000780,legit,,analyst_A,2025-11-02 14:46:23,medium
TXN-2000968,legit,,analyst_B,2025-11-02 14:53:14,medium
TXN-2001190,legit,,analyst_A,2025-11-02 15:20:49,high
TXN-2002288,legit,,analyst_A,2025-11-02 17:14:03,medium
TXN-2016412,legit,,analyst_A,2025-11-02 17:15:25,high
TXN-2023107,legit,,analyst_B,2025-11-02 17:39:34,medium
TXN-2023332,legit,,analyst_A,2025-11-02 21:12:26,medium
TXN-2019985,legit,,analyst_A,2025-11-02 21:16:54,medium
TXN-2002872,legit,,analyst_A,2025-11-02 21:17:39,low
TXN-2020124,legit,,analyst_B,2025-11-02 21:54:46,medium
TXN-2001009,legit,,analyst_B,2025-11-02 22:30:09,medium
TXN-2004416,legit,,analyst_B,2025-11-02 23:37:34,medium
TXN-2009184,legit,,analyst_B,2025-11-03 00:18:37,high
TXN-2004084,legit,,analyst_A,2025-11-03 02:13:24,medium
TXN-2004446,legit,,analyst_A,2025-11-03 02:51:48,high
TXN-2011269,legit,,analyst_B,2025-11-03 03:46:26,low
TXN-2018401,legit,,analyst_A,2025-11-03 04:11:38,high
TXN-2015890,legit,,analyst_A,2025-11-03 04:23:42,medium
TXN-2005951,legit,,analyst_B,2025-11-03 05:06:55,high
TXN-2009475,legit,,analyst_A,2025-11-03 05:41:43,high
TXN-2024192,legit,,analyst_A,2025-11-03 06:29:04,high
TXN-2021024,legit,,analyst_B,2025-11-03 06:43:43,low
TXN-2001526,legit,,analyst_B,2025-11-03 07:45:37,high
TXN-2020050,legit,,analyst_B,2025-11-03 08:16:22,low
TXN-2000744,legit,,analyst_B,2025-11-03 08:56:03,high
TXN-2017958,legit,,analyst_B,2025-11-03 09:22:30,high
TXN-2007320,legit,,analyst_B,2025-11-03 09:23:47,high
TXN-2020976,legit,,analyst_B,2025-11-03 12:43:19,low
TXN-2002477,legit,,analyst_A,2025-11-03 14:28:45,high
TXN-2004785,legit,,analyst_B,2025-11-03 15:05:47,high
TXN-2011596,legit,,analyst_B,2025-11-03 16:25:15,high
TXN-2001293,legit,,analyst_B,2025-11-03 16:36:51,medium
TXN-2006944,legit,,analyst_B,2025-11-03 17:31:57,medium
TXN-2013669,legit,,analyst_B,2025-11-03 17:48:29,medium
TXN-2008126,legit,,analyst_B,2025-11-03 17:50:05,low
TXN-2012231,legit,,analyst_A,2025-11-03 19:26:12,high
TXN-2010418,legit,,analyst_B,2025-11-03 19:57:06,high
TXN-2024805,legit,,analyst_A,2025-11-03 20:37:51,low
TXN-2018401,legit,,analyst_B,2025-11-03 22:11:38,high
TXN-2017920,legit,,analyst_A,2025-11-03 23:17:35,high
TXN-2022367,legit,,analyst_B,2025-11-04 00:02:56,medium
TXN-2011475,legit,,analyst_B,2025-11-04 00:45:33,medium
TXN-2008848,legit,,analyst_B,2025-11-04 01:18:45,low
TXN-2020789,legit,,analyst_B,2025-11-04 01:38:57,medium
TXN-2017389,legit,,analyst_B,2025-11-04 02:26:16,medium
TXN-2006400,legit,,analyst_B,2025-11-04 03:56:18,medium
TXN-2013760,legit,,analyst_B,2025-11-04 05:42:06,medium
TXN-2009468,legit,,analyst_A,2025-11-04 07:09:30,high
TXN-2005191,legit,,analyst_A,2025-11-04 08:16:08,high
TXN-2004862,legit,,analyst_A,2025-11-04 09:20:26,high
TXN-2005690,legit,,analyst_B,2025-11-04 11:04:09,high
TXN-2008488,legit,,analyst_A,2025-11-04 12:03:09,medium
TXN-2002492,legit,,analyst_A,2025-11-04 12:04:14,low
TXN-2023388,legit,,analyst_A,2025-11-04 13:43:01,high
TXN-2016187,legit,,analyst_B,2025-11-04 18:09:16,medium
TXN-2022853,legit,,analyst_A,2025-11-04 18:12:39,medium
TXN-2005796,legit,,analyst_B,2025-11-04 18:14:24,medium
TXN-2014140,legit,,analyst_B,2025-11-04 18:26:47,high
TXN-2014428,legit,,analyst_B,2025-11-04 20:38:43,low
TXN-2010178,legit,,analyst_A,2025-11-04 22:01:12,high
TXN-2011480,legit,,analyst_B,2025-11-05 01:04:44,high
TXN-2002271,legit,,analyst_A,2025-11-05 03:05:19,high
TXN-2015296,legit,,analyst_A,2025-11-05 03:24:01,medium
TXN-2017660,legit,,analyst_A,2025-11-05 03:27:32,low
TXN-2016123,legit,,analyst_A,2025-11-05 03:32:32,low
TXN-2005421,legit,,analyst_A,2025-11-05 03:33:03,high
TXN-2013303,legit,,analyst_B,2025-11-05 03:40:16,medium
TXN-2000194,legit,,analyst_A,2025-11-05 04:01:28,medium
TXN-2017035,legit,,analyst_A,2025-11-05 04:27:58,medium
TXN-2001907,legit,,analyst_A,2025-11-05 07:15:49,medium
TXN-2002873,legit,,analyst_A,2025-11-05 07:32:43,high
TXN-2022242,legit,,analyst_A,2025-11-05 08:11:12,high
TXN-2004598,legit,,analyst_A,2025-11-05 09:19:47,high
TXN-2004485,legit,,analyst_B,2025-11-05 09:20:41,medium
TXN-2007120,legit,,analyst_B,2025-11-05 10:30:34,low
TXN-2020946,legit,,analyst_B,2025-11-05 10:45:59,medium
TXN-2021098,legit,,analyst_A,2025-11-05 11:42:50,low
TXN-2016386,legit,,analyst_B,2025-11-05 12:55:24,high
TXN-2020553,legit,,analyst_B,2025-11-05 14:11:01,medium
TXN-2018143,legit,,analyst_A,2025-11-05 18:42:22,high
TXN-2024849,legit,,analyst_A,2025-11-05 19:16:44,high
TXN-2015462,legit,,analyst_A,2025-11-05 20:04:35,medium
TXN-2000890,legit,,analyst_A,2025-11-05 22:58:42,medium
TXN-2007384,legit,,analyst_B,2025-11-06 00:11:47,medium
TXN-2018654,legit,,analyst_A,2025-11-06 01:48:40,high
TXN-2022783,legit,,analyst_A,2025-11-06 03:55:15,high
TXN-2007979,legit,,analyst_A,2025-11-06 04:17:59,low
TXN-2011346,legit,,analyst_B,2025-11-06 04:41:41,medium
TXN-2024807,legit,,analyst_B,2025-11-06 05:08:57,medium
TXN-2006841,legit,,analyst_B,2025-11-06 05:55:46,low
TXN-2016907,legit,,analyst_A,2025-11-06 07:05:43,medium
TXN-2002661,legit,,analyst_A,2025-11-06 07:37:43,low
TXN-2016236,legit,,analyst_A,2025-11-06 09:14:23,medium
TXN-2017153,legit,,analyst_A,2025-11-06 09:59:42,medium
TXN-2009095,legit,,analyst_B,2025-11-06 09:59:45,medium
TXN-2002462,legit,,analyst_B,2025-11-06 10:16:25,medium
TXN-2022575,legit,,analyst_A,2025-11-06 12:07:50,low
TXN-2009595,legit,,analyst_A,2025-11-06 12:16:54,high
TXN-2021195,legit,,analyst_A,2025-11-06 14:01:34,medium
TXN-2022066,legit,,analyst_A,2025-11-06 14:08:45,high
TXN-2004269,legit,,analyst_A,2025-11-06 15:32:33,high
TXN-2004373,legit,,analyst_A,2025-11-06 16:25:08,high
TXN-2004931,legit,,analyst_A,2025-11-06 16:35:52,medium
TXN-2000325,legit,,analyst_B,2025-11-06 16:46:07,high
TXN-2010014,legit,,analyst_A,2025-11-06 17:43:48,high
TXN-2007030,legit,,analyst_B,2025-11-06 17:59:57,high
TXN-2010203,legit,,analyst_A,2025-11-06 19:12:13,high
TXN-2018589,legit,,analyst_A,2025-11-06 20:19:32,low
TXN-2021345,legit,,analyst_B,2025-11-06 20:36:04,high
TXN-2019858,legit,,analyst_A,2025-11-06 21:15:07,medium
TXN-2017471,legit,,analyst_B,2025-11-06 22:38:15,high
TXN-2005592,legit,,analyst_A,2025-11-06 23:56:15,high
TXN-2013009,legit,,analyst_B,2025-11-07 00:04:51,high
TXN-2001045,legit,,analyst_A,2025-11-07 00:34:30,medium
TXN-2003390,legit,,analyst_B,2025-11-07 00:48:03,high
TXN-2009816,legit,,analyst_B,2025-11-07 02:52:40,medium
TXN-2012300,legit,,analyst_A,2025-11-07 05:48:32,high
TXN-2001034,legit,,analyst_B,2025-11-07 08:05:19,medium
TXN-2018744,legit,,analyst_A,2025-11-07 09:36:13,low
TXN-2012411,legit,,analyst_A,2025-11-07 11:44:15,medium
TXN-2003828,legit,,analyst_B,2025-11-07 12:26:11,high
TXN-2017529,legit,,analyst_B,2025-11-07 12:28:59,medium
TXN-2021211,legit,,analyst_A,2025-11-07 12:29:47,low
TXN-2014320,legit,,analyst_B,2025-11-07 14:32:19,high
TXN-2013473,legit,,analyst_A,2025-11-07 15:58:33,low
TXN-2016154,legit,,analyst_A,2025-11-07 16:24:41,low
TXN-2021503,legit,,analyst_B,2025-11-07 16:46:05,medium
TXN-2009201,legit,,analyst_A,2025-11-07 18:30:49,medium
TXN-2016386,legit,,analyst_A,2025-11-07 18:55:24,medium
TXN-2011461,legit,,analyst_B,2025-11-07 20:16:43,medium
TXN-2001613,legit,,analyst_B,2025-11-07 20:51:59,low
TXN-2013584,legit,,analyst_A,2025-11-07 21:10:14,medium
TXN-2012015,legit,,analyst_B,2025-11-07 21:15:36,high
TXN-2010103,legit,,analyst_B,2025-11-07 21:15:44,medium
TXN-2011786,legit,,analyst_B,2025-11-07 21:20:26,low
TXN-2022530,legit,,analyst_B,2025-11-07 21:36:24,high
TXN-2005108,legit,,analyst_B,2025-11-07 21:38:50,low
TXN-2000802,legit,,analyst_A,2025-11-07 22:14:12,medium
TXN-2003402,legit,,analyst_B,2025-11-07 22:36:25,high
TXN-2006958,legit,,analyst_B,2025-11-07 22:41:25,medium
TXN-2022497,legit,,analyst_A,2025-11-07 22:44:20,medium
TXN-2018139,legit,,analyst_A,2025-11-07 23:35:47,medium
TXN-2008252,legit,,analyst_A,2025-11-08 01:05:31,low
TXN-2010037,legit,,analyst_A,2025-11-08 01:05:33,low
TXN-2014514,legit,,analyst_B,2025-11-08 01:41:06,medium
TXN-2014507,legit,,analyst_B,2025-11-08 03:31:54,high
TXN-2023584,legit,,analyst_B,2025-11-08 03:42:20,high
TXN-2003614,legit,,analyst_B,2025-11-08 05:19:53,medium
TXN-2000024,legit,,analyst_B,2025-11-08 06:52:49,low
TXN-2008272,legit,,analyst_A,2025-11-08 07:18:42,low
TXN-2005691,legit,,analyst_B,2025-11-08 09:20:52,medium
TXN-2002359,legit,,analyst_A,2025-11-08 10:27:44,low
TXN-2024209,legit,,analyst_A,2025-11-08 12:11:24,medium
TXN-2017777,legit,,analyst_A,2025-11-08 13:45:13,low
TXN-2002531,legit,,analyst_A,2025-11-08 14:51:44,high
TXN-2012614,legit,,analyst_B,2025-11-08 17:30:44,medium
TXN-2020731,legit,,analyst_B,2025-11-08 18:16:35,medium
TXN-2015953,legit,,analyst_A,2025-11-08 18:58:06,medium
TXN-2005671,legit,,analyst_B,2025-11-08 19:09:37,high
TXN-2019054,legit,,analyst_B,2025-11-08 20:34:30,high
TXN-2021625,legit,,analyst_A,2025-11-08 21:20:34,low
TXN-2019962,legit,,analyst_B,2025-11-08 22:23:58,medium
TXN-2013553,legit,,analyst_A,2025-11-08 23:34:29,low
TXN-2004257,legit,,analyst_A,2025-11-09 00:46:57,high
TXN-2019916,legit,,analyst_A,2025-11-09 02:29:40,medium
TXN-2024017,legit,,analyst_A,2025-11-09 03:06:33,medium
TXN-2024748,legit,,analyst_A,2025-11-09 04:28:44,low
TXN-2019273,legit,,analyst_B,2025-11-09 05:09:15,high
TXN-2009780,legit,,analyst_A,2025-11-09 06:25:43,high
TXN-2001221,legit,,analyst_B,2025-11-09 08:04:19,medium
TXN-2004620,legit,,analyst_A,2025-11-09 09:10:53,medium
TXN-2024384,legit,,analyst_A,2025-11-09 09:14:22,medium
TXN-2016144,legit,,analyst_B,2025-11-09 09:41:44,high
TXN-2001944,legit,,analyst_B,2025-11-09 11:13:08,high
TXN-2007307,legit,,analyst_B,2025-11-09 11:42:06,high
TXN-2011197,legit,,analyst_A,2025-11-09 11:59:30,medium
TXN-2017806,legit,,analyst_A,2025-11-09 12:01:37,high
TXN-2021099,legit,,analyst_B,2025-11-09 12:07:56,medium
TXN-2015115,legit,,analyst_A,2025-11-09 12:39:11,high
TXN-2007663,legit,,analyst_B,2025-11-09 12:48:18,high
TXN-2003063,legit,,analyst_B,2025-11-09 13:24:25,medium
TXN-2018912,legit,,analyst_B,2025-11-09 13:57:03,low
TXN-2015694,legit,,analyst_A,2025-11-09 14:36:58,medium
TXN-2015932,legit,,analyst_A,2025-11-09 15:05:27,high
TXN-2010182,legit,,analyst_B,2025-11-09 15:22:25,medium
TXN-2018414,legit,,analyst_A,2025-11-09 16:23:16,high
TXN-2010603,legit,,analyst_A,2025-11-09 16:26:27,low
TXN-2012246,legit,,analyst_A,2025-11-09 18:00:51,high
TXN-2018070,legit,,analyst_B,2025-11-09 18:49:40,low
TXN-2022146,legit,,analyst_B,2025-11-09 19:46:48,medium
TXN-2003234,legit,,analyst_B,2025-11-09 19:58:01,low
TXN-2017263,legit,,analyst_B,2025-11-09 21:43:26,high
TXN-2009586,legit,,analyst_B,2025-11-09 22:36:09,low
TXN-2008315,legit,,analyst_B,2025-11-09 23:23:43,low
TXN-2006859,legit,,analyst_B,2025-11-10 00:23:46,high
TXN-2007191,legit,,analyst_B,2025-11-10 01:45:29,high
TXN-2012508,legit,,analyst_A,2025-11-10 02:30:15,medium
TXN-2021497,legit,,analyst_A,2025-11-10 02:42:45,medium
TXN-2023376,legit,,analyst_B,2025-11-10 03:34:44,medium
TXN-2021373,legit,,analyst_A,2025-11-10 05:19:23,medium
TXN-2016344,legit,,analyst_A,2025-11-10 05:40:59,low
TXN-2003509,legit,,analyst_B,2025-11-10 07:11:48,high
TXN-2024340,legit,,analyst_A,2025-11-10 09:00:55,low
TXN-2006413,legit,,analyst_B,2025-11-10 11:15:18,high
TXN-2000011,legit,,analyst_B,2025-11-10 11:15:27,high
TXN-2005525,legit,,analyst_A,2025-11-10 12:24:48,medium
TXN-2024538,legit,,analyst_A,2025-11-10 12:26:29,medium
TXN-2004575,legit,,analyst_B,2025-11-10 12:35:38,high
TXN-2014514,legit,,analyst_A,2025-11-10 12:41:06,high
TXN-2019436,legit,,analyst_B,2025-11-10 13:10:31,medium
TXN-2019733,legit,,analyst_B,2025-11-10 14:56:53,low
TXN-2009251,legit,,analyst_A,2025-11-10 15:52:36,medium
TXN-2017861,legit,,analyst_A,2025-11-10 16:00:38,low
TXN-2019004,legit,,analyst_A,2025-11-10 19:19:15,low
TXN-2003101,legit,,analyst_B,2025-11-10 21:41:19,high
TXN-2022309,legit,,analyst_A,2025-11-10 22:36:42,high
TXN-2020329,legit,,analyst_B,2025-11-11 00:06:22,medium
TXN-2018471,fraud,account_takeover,analyst_B,2025-11-11 01:20:15,low
TXN-2012845,legit,,analyst_A,2025-11-11 01:21:15,medium
TXN-2006418,legit,,analyst_B,2025-11-11 03:17:35,high
TXN-2019168,legit,,analyst_A,2025-11-11 03:35:42,medium
TXN-2013968,legit,,analyst_B,2025-11-11 04:02:45,low
TXN-2013397,legit,,analyst_A,2025-11-11 04:21:47,medium
TXN-2003264,legit,,analyst_B,2025-11-11 06:33:06,low
TXN-2001991,legit,,analyst_A,2025-11-11 06:34:59,medium
TXN-2009401,legit,,analyst_A,2025-11-11 06:51:30,high
TXN-2017520,legit,,analyst_A,2025-11-11 07:08:30,high
TXN-2005390,legit,,analyst_A,2025-11-11 07:14:04,medium
TXN-2019265,legit,,analyst_B,2025-11-11 07:28:04,low
TXN-2023896,legit,,analyst_B,2025-11-11 09:35:23,high
TXN-2003374,legit,,analyst_A,2025-11-11 11:13:35,low
TXN-2010161,legit,,analyst_A,2025-11-11 11:16:27,low
TXN-2012046,legit,,analyst_A,2025-11-11 11:16:28,medium
TXN-2017394,legit,,analyst_B,2025-11-11 12:50:04,high
TXN-2001902,legit,,analyst_B,2025-11-11 13:14:02,medium
TXN-2004599,legit,,analyst_A,2025-11-11 14:08:00,medium
TXN-2008574,legit,,analyst_A,2025-11-11 14:30:19,medium
TXN-2014389,legit,,analyst_B,2025-11-11 15:31:29,high
TXN-2022783,legit,,analyst_B,2025-11-11 15:55:15,medium
TXN-2009549,legit,,analyst_B,2025-11-11 16:30:50,medium
TXN-2017829,legit,,analyst_A,2025-11-11 17:20:55,medium
TXN-2013455,legit,,analyst_B,2025-11-11 17:36:14,low
TXN-2006086,legit,,analyst_B,2025-11-11 18:28:01,high
TXN-2014106,legit,,analyst_B,2025-11-11 19:24:18,medium
TXN-2023272,legit,,analyst_A,2025-11-11 19:24:55,high
TXN-2019405,legit,,analyst_A,2025-11-11 20:42:41,low
TXN-2016188,legit,,analyst_A,2025-11-11 22:00:25,medium
TXN-2019183,legit,,analyst_A,2025-11-11 22:09:54,high
TXN-2020636,legit,,analyst_A,2025-11-11 22:17:32,low
TXN-2018114,legit,,analyst_A,2025-11-11 22:40:42,medium
TXN-2007798,legit,,analyst_B,2025-11-11 23:19:03,low
TXN-2018062,legit,,analyst_A,2025-11-11 23:23:31,high
TXN-2023752,legit,,analyst_A,2025-11-11 23:34:49,low
TXN-2003661,legit,,analyst_B,2025-11-12 00:38:06,low
TXN-2017777,legit,,analyst_B,2025-11-12 00:45:13,medium
TXN-2016179,legit,,analyst_B,2025-11-12 01:36:16,high
TXN-2002137,legit,,analyst_A,2025-11-12 01:57:51,high
TXN-2012971,legit,,analyst_B,2025-11-12 02:02:04,high
TXN-2019074,legit,,analyst_A,2025-11-12 02:40:20,medium
TXN-2012031,legit,,analyst_A,2025-11-12 03:47:27,low
TXN-2014413,legit,,analyst_A,2025-11-12 04:56:06,low
TXN-2005227,legit,,analyst_B,2025-11-12 06:54:30,high
TXN-2001186,legit,,analyst_A,2025-11-12 07:16:00,low
TXN-2018732,legit,,analyst_B,2025-11-12 07:21:25,high
TXN-2023084,legit,,analyst_B,2025-11-12 07:29:27,low
TXN-2013477,legit,,analyst_A,2025-11-12 07:37:03,high
TXN-2014227,legit,,analyst_B,2025-11-12 08:26:37,low
TXN-2020960,legit,,analyst_B,2025-11-12 10:53:58,low
TXN-2018948,legit,,analyst_B,2025-11-12 11:34:07,low
TXN-2004841,legit,,analyst_A,2025-11-12 12:36:20,medium
TXN-2001017,legit,,analyst_A,2025-11-12 13:09:13,high
TXN-2007969,legit,,analyst_B,2025-11-12 14:22:41,high
TXN-2016024,legit,,analyst_B,2025-11-12 15:59:10,low
TXN-2017973,legit,,analyst_A,2025-11-12 16:01:10,high
TXN-2019735,legit,,analyst_A,2025-11-12 16:47:19,low
TXN-2024505,legit,,analyst_B,2025-11-12 20:03:22,high
TXN-2024731,legit,,analyst_A,2025-11-12 21:47:25,high
TXN-2018080,legit,,analyst_B,2025-11-12 23:48:44,high
TXN-2002783,legit,,analyst_A,2025-11-13 00:11:59,medium
TXN-2019804,legit,,analyst_B,2025-11-13 00:24:45,medium
TXN-2023211,legit,,analyst_A,2025-11-13 00:28:04,medium
TXN-2010233,legit,,analyst_B,2025-11-13 01:06:41,high
TXN-2011940,legit,,analyst_B,2025-11-13 01:41:52,medium
TXN-2016913,legit,,analyst_B,2025-11-13 01:55:35,high
TXN-2019036,legit,,analyst_A,2025-11-13 02:44:51,medium
TXN-2011505,legit,,analyst_B,2025-11-13 05:06:25,medium
TXN-2017296,legit,,analyst_B,2025-11-13 05:30:48,medium
TXN-2020744,legit,,analyst_A,2025-11-13 05:38:23,medium
TXN-2005324,legit,,analyst_A,2025-11-13 05:43:21,high
TXN-2006174,legit,,analyst_B,2025-11-13 06:25:28,medium
TXN-2007140,legit,,analyst_A,2025-11-13 07:05:00,low
TXN-2006917,legit,,analyst_B,2025-11-13 07:09:21,medium
TXN-2006774,legit,,analyst_A,2025-11-13 07:14:04,high
TXN-2005465,legit,,analyst_A,2025-11-13 07:27:27,medium
TXN-2008659,legit,,analyst_B,2025-11-13 07:47:09,medium
TXN-2022984,legit,,analyst_B,2025-11-13 07:51:56,low
TXN-2010682,legit,,analyst_A,2025-11-13 08:00:50,high
TXN-2011391,legit,,analyst_B,2025-11-13 08:02:18,low
TXN-2008465,legit,,analyst_B,2025-11-13 08:38:03,medium
TXN-2006774,legit,,analyst_B,2025-11-13 09:14:04,medium
TXN-2012835,legit,,analyst_A,2025-11-13 11:24:26,low
TXN-2017302,legit,,analyst_A,2025-11-13 12:49:32,high
TXN-2020409,legit,,analyst_A,2025-11-13 13:58:05,medium
TXN-2022415,legit,,analyst_A,2025-11-13 14:51:05,medium
TXN-2015873,legit,,analyst_A,2025-11-13 17:15:57,medium
TXN-2006777,legit,,analyst_A,2025-11-13 18:32:33,low
TXN-2005045,legit,,analyst_A,2025-11-13 18:38:11,low
TXN-2008224,legit,,analyst_B,2025-11-13 19:01:24,high
TXN-2010193,legit,,analyst_A,2025-11-13 19:25:39,high
TXN-2013521,legit,,analyst_A,2025-11-13 20:05:09,high
TXN-2021569,legit,,analyst_B,2025-11-13 20:33:16,low
TXN-2015856,legit,,analyst_B,2025-11-13 21:36:39,high
TXN-2015424,legit,,analyst_B,2025-11-13 22:51:14,high
TXN-2019313,legit,,analyst_B,2025-11-14 00:06:13,low
TXN-2024347,legit,,analyst_A,2025-11-14 00:34:46,high
TXN-2000042,legit,,analyst_A,2025-11-14 00:54:47,low
TXN-2019718,legit,,analyst_B,2025-11-14 02:09:35,high
TXN-2009842,legit,,analyst_B,2025-11-14 02:33:19,low
TXN-2017649,legit,,analyst_A,2025-11-14 03:09:13,high
TXN-2006504,legit,,analyst_B,2025-11-14 03:20:39,high
TXN-2008174,legit,,analyst_B,2025-11-14 04:33:32,low
TXN-2006256,legit,,analyst_B,2025-11-14 05:25:55,medium
TXN-2009161,legit,,analyst_B,2025-11-14 05:42:11,high
TXN-2013895,legit,,analyst_B,2025-11-14 06:27:47,high
TXN-2022650,legit,,analyst_A,2025-11-14 06:44:42,low
TXN-2004520,legit,,analyst_A,2025-11-14 07:03:18,high
TXN-2005836,legit,,analyst_A,2025-11-14 08:50:14,high
TXN-2015044,legit,,analyst_A,2025-11-14 08:51:34,low
TXN-2011477,legit,,analyst_B,2025-11-14 11:21:45,medium
TXN-2001963,legit,,analyst_B,2025-11-14 11:28:17,high
TXN-2002037,legit,,analyst_A,2025-11-14 13:10:31,medium
TXN-2021752,legit,,analyst_B,2025-11-14 13:30:48,high
TXN-2023563,legit,,analyst_A,2025-11-14 15:02:43,low
TXN-2021997,legit,,analyst_B,2025-11-14 16:03:32,low
TXN-2019691,legit,,analyst_A,2025-11-14 16:04:56,high
TXN-2018497,legit,,analyst_A,2025-11-14 16:33:38,high
TXN-2020154,legit,,analyst_A,2025-11-14 18:02:01,medium
TXN-2007871,legit,,analyst_A,2025-11-14 18:13:33,high
TXN-2020373,legit,,analyst_B,2025-11-14 18:24:50,medium
TXN-2008826,legit,,analyst_A,2025-11-14 18:42:42,medium
TXN-2007195,legit,,analyst_A,2025-11-14 18:57:08,medium
TXN-2005044,legit,,analyst_B,2025-11-14 19:09:48,medium
TXN-2009381,legit,,analyst_A,2025-11-14 19:11:36,medium
TXN-2010242,legit,,analyst_A,2025-11-14 19:23:04,high
TXN-2016298,legit,,analyst_A,2025-11-14 19:58:24,low
TXN-2011167,legit,,analyst_A,2025-11-14 21:02:18,high
TXN-2014653,legit,,analyst_A,2025-11-14 22:02:40,medium
TXN-2001727,legit,,analyst_B,2025-11-14 23:15:49,high
TXN-2018890,legit,,analyst_B,2025-11-15 00:20:10,medium
TXN-2011638,legit,,analyst_A,2025-11-15 00:56:53,high
TXN-2019365,legit,,analyst_B,2025-11-15 00:59:00,medium
TXN-2016473,legit,,analyst_A,2025-11-15 01:35:06,high
TXN-2020418,legit,,analyst_A,2025-11-15 02:40:57,high
TXN-2002599,legit,,analyst_A,2025-11-15 04:43:10,medium
TXN-2012388,legit,,analyst_B,2025-11-15 05:06:17,high
TXN-2020581,legit,,analyst_A,2025-11-15 06:19:03,high
TXN-2024446,legit,,analyst_A,2025-11-15 06:27:12,high
TXN-2018320,legit,,analyst_B,2025-11-15 06:56:36,medium
TXN-2011779,legit,,analyst_B,2025-11-15 07:40:21,low
TXN-2010846,legit,,analyst_A,2025-11-15 08:24:58,low
TXN-2013732,legit,,analyst_A,2025-11-15 09:42:15,low
TXN-2023817,legit,,analyst_B,2025-11-15 09:44:51,high
TXN-2003761,legit,,analyst_B,2025-11-15 10:08:31,medium
TXN-2010487,legit,,analyst_B,2025-11-15 10:54:02,low
TXN-2012490,legit,,analyst_B,2025-11-15 12:15:26,low
TXN-2022286,legit,,analyst_B,2025-11-15 13:10:13,medium
TXN-2021590,legit,,analyst_B,2025-11-15 13:39:05,medium
TXN-2005980,legit,,analyst_A,2025-11-15 14:15:03,medium
TXN-2008135,legit,,analyst_B,2025-11-15 14:23:41,high
TXN-2022749,legit,,analyst_B,2025-11-15 14:41:14,high
TXN-2002586,legit,,analyst_A,2025-11-15 15:25:45,medium
TXN-2012262,legit,,analyst_B,2025-11-15 15:50:27,medium
TXN-2002805,legit,,analyst_B,2025-11-15 16:50:22,medium
TXN-2018139,legit,,analyst_B,2025-11-15 18:35:47,low
TXN-2008065,legit,,analyst_A,2025-11-15 18:44:34,medium
TXN-2024036,legit,,analyst_A,2025-11-15 19:49:25,medium
TXN-2005021,legit,,analyst_A,2025-11-15 21:08:36,high
TXN-2018785,legit,,analyst_A,2025-11-15 21:21:42,medium
TXN-2016629,legit,,analyst_A,2025-11-15 21:42:32,low
TXN-2011594,legit,,analyst_A,2025-11-15 22:30:48,medium
TXN-2022253,legit,,analyst_A,2025-11-15 22:36:24,medium
TXN-2005629,legit,,analyst_B,2025-11-15 22:51:52,high
TXN-2020362,legit,,analyst_A,2025-11-15 23:44:20,low
TXN-2012169,legit,,analyst_B,2025-11-16 01:08:55,low
TXN-2001765,legit,,analyst_A,2025-11-16 02:26:23,medium
TXN-2001276,legit,,analyst_B,2025-11-16 04:20:43,high
TXN-2014157,legit,,analyst_B,2025-11-16 05:23:34,high
TXN-2015857,legit,,analyst_B,2025-11-16 05:47:12,low
TXN-2008835,legit,,analyst_B,2025-11-16 05:50:44,medium
TXN-2021625,legit,,analyst_B,2025-11-16 06:20:34,medium
TXN-2014249,legit,,analyst_A,2025-11-16 07:07:19,low
TXN-2023927,legit,,analyst_B,2025-11-16 08:20:14,medium
TXN-2024691,legit,,analyst_B,2025-11-16 08:57:35,high
TXN-2018646,legit,,analyst_B,2025-11-16 09:20:35,high
TXN-2021457,legit,,analyst_B,2025-11-16 09:29:17,medium
TXN-2013030,legit,,analyst_B,2025-11-16 10:32:59,low
TXN-2023507,legit,,analyst_B,2025-11-16 11:25:01,low
TXN-2004571,legit,,analyst_A,2025-11-16 14:38:59,high
TXN-2009338,legit,,analyst_B,2025-11-16 14:57:10,low
TXN-2019708,legit,,analyst_B,2025-11-16 17:00:16,high
TXN-2024163,legit,,analyst_B,2025-11-16 17:50:50,high
TXN-2004824,legit,,analyst_A,2025-11-16 18:03:51,medium
TXN-2007376,legit,,analyst_B,2025-11-16 18:18:53,low
TXN-2022184,legit,,analyst_B,2025-11-16 18:40:13,medium
TXN-2023665,legit,,analyst_A,2025-11-16 21:45:40,medium
TXN-2000165,legit,,analyst_B,2025-11-16 21:48:14,low
TXN-2014355,legit,,analyst_A,2025-11-16 22:17:52,medium
TXN-2017683,legit,,analyst_A,2025-11-16 22:30:07,low
TXN-2007052,legit,,analyst_A,2025-11-16 23:54:31,medium
TXN-2017251,legit,,analyst_B,2025-11-17 01:42:27,high
TXN-2001559,legit,,analyst_A,2025-11-17 02:07:51,high
TXN-2019786,legit,,analyst_A,2025-11-17 02:15:38,medium
TXN-2002437,legit,,analyst_A,2025-11-17 02:57:06,medium
TXN-2002245,legit,,analyst_A,2025-11-17 04:32:43,medium
TXN-2007764,legit,,analyst_B,2025-11-17 04:54:49,medium
TXN-2012495,legit,,analyst_A,2025-11-17 05:16:04,medium
TXN-2004957,legit,,analyst_A,2025-11-17 07:57:20,high
TXN-2015054,legit,,analyst_B,2025-11-17 09:30:25,high
TXN-2001425,legit,,analyst_A,2025-11-17 09:36:48,medium
TXN-2006310,legit,,analyst_A,2025-11-17 10:31:30,high
TXN-2001326,legit,,analyst_A,2025-11-17 12:23:41,medium
TXN-2021682,legit,,analyst_B,2025-11-17 13:05:40,high
TXN-2002564,legit,,analyst_A,2025-11-17 13:58:34,low
TXN-2017554,legit,,analyst_A,2025-11-17 14:03:13,medium
TXN-2012418,legit,,analyst_B,2025-11-17 15:22:30,high
TXN-2003790,legit,,analyst_A,2025-11-17 17:02:39,medium
TXN-2011334,legit,,analyst_A,2025-11-17 18:27:53,medium
TXN-2002288,legit,,analyst_B,2025-11-17 19:14:03,high
TXN-2009899,legit,,analyst_A,2025-11-17 23:21:35,high
TXN-2012098,legit,,analyst_B,2025-11-17 23:51:36,high
TXN-2012873,legit,,analyst_B,2025-11-18 00:01:04,medium
TXN-2010840,legit,,analyst_A,2025-11-18 00:09:11,medium
TXN-2009638,legit,,analyst_B,2025-11-18 01:19:50,medium
TXN-2009423,legit,,analyst_B,2025-11-18 02:21:00,medium
TXN-2018307,legit,,analyst_B,2025-11-18 03:52:48,medium
TXN-2005505,legit,,analyst_A,2025-11-18 05:11:34,high
TXN-2000004,legit,,analyst_B,2025-11-18 05:17:44,medium
TXN-2018640,legit,,analyst_A,2025-11-18 05:23:04,low
TXN-2016458,legit,,analyst_A,2025-11-18 07:45:44,low
TXN-2001274,legit,,analyst_A,2025-11-18 08:01:13,high
TXN-2005455,legit,,analyst_A,2025-11-18 08:30:31,medium
TXN-2011769,legit,,analyst_A,2025-11-18 08:48:57,high
TXN-2024233,legit,,analyst_A,2025-11-18 09:26:49,high
TXN-2000734,legit,,analyst_B,2025-11-18 09:56:19,high
TXN-2012813,legit,,analyst_A,2025-11-18 10:39:26,medium
TXN-2001325,legit,,analyst_B,2025-11-18 11:25:55,high
TXN-2020402,legit,,analyst_A,2025-11-18 12:14:02,low
TXN-2009903,legit,,analyst_A,2025-11-18 12:16:15,high
TXN-2021685,legit,,analyst_A,2025-11-18 12:31:20,high
TXN-2005463,legit,,analyst_A,2025-11-18 13:04:38,medium
TXN-2024747,legit,,analyst_A,2025-11-18 13:41:41,low
TXN-2017739,legit,,analyst_A,2025-11-18 16:17:14,high
TXN-2015067,legit,,analyst_B,2025-11-18 18:02:27,low
TXN-2016737,legit,,analyst_A,2025-11-18 20:52:06,medium
TXN-2009802,legit,,analyst_A,2025-11-18 21:06:14,medium
TXN-2004670,legit,,analyst_A,2025-11-18 21:11:17,medium
TXN-2004049,legit,,analyst_A,2025-11-18 21:20:52,high
TXN-2024902,legit,,analyst_B,2025-11-18 21:50:07,low
TXN-2019265,legit,,analyst_A,2025-11-19 01:28:04,high
TXN-2024553,legit,,analyst_B,2025-11-19 04:09:52,high
TXN-2024784,legit,,analyst_A,2025-11-19 05:07:07,high
TXN-2002263,legit,,analyst_A,2025-11-19 05:12:47,high
TXN-2007798,legit,,analyst_A,2025-11-19 05:19:03,high
TXN-2002622,legit,,analyst_B,2025-11-19 05:35:49,high
TXN-2015608,legit,,analyst_A,2025-11-19 06:14:13,high
TXN-2016812,legit,,analyst_A,2025-11-19 07:43:18,medium
TXN-2002504,legit,,analyst_A,2025-11-19 08:03:12,medium
TXN-2006292,legit,,analyst_B,2025-11-19 08:12:21,high
TXN-2019940,legit,,analyst_B,2025-11-19 08:19:47,high
TXN-2011850,legit,,analyst_A,2025-11-19 10:31:38,medium
TXN-2008742,legit,,analyst_B,2025-11-19 10:33:55,high
TXN-2010584,legit,,analyst_A,2025-11-19 10:55:36,high
TXN-2012614,legit,,analyst_A,2025-11-19 11:30:44,low
TXN-2009514,legit,,analyst_A,2025-11-19 11:50:37,low
TXN-2010550,legit,,analyst_A,2025-11-19 13:30:37,high
TXN-2001933,legit,,analyst_B,2025-11-19 13:58:24,medium
TXN-2008786,legit,,analyst_B,2025-11-19 14:32:03,low
TXN-2006394,legit,,analyst_B,2025-11-19 17:13:38,low
TXN-2012148,legit,,analyst_B,2025-11-19 17:30:41,low
TXN-2015773,legit,,analyst_A,2025-11-19 18:07:33,high
TXN-2024015,legit,,analyst_B,2025-11-19 18:36:48,medium
TXN-2000291,legit,,analyst_B,2025-11-19 18:39:34,low
TXN-2024899,legit,,analyst_A,2025-11-19 19:37:32,high
TXN-2014180,legit,,analyst_A,2025-11-19 19:42:17,high
TXN-2013335,legit,,analyst_B,2025-11-19 19:58:47,medium
TXN-2015121,legit,,analyst_B,2025-11-19 20:27:37,medium
TXN-2005278,legit,,analyst_A,2025-11-19 21:32:15,high
TXN-2001577,legit,,analyst_B,2025-11-19 22:19:22,low
TXN-2015278,legit,,analyst_B,2025-11-20 01:34:42,medium
TXN-2007835,legit,,analyst_A,2025-11-20 03:49:09,high
TXN-2004913,legit,,analyst_B,2025-11-20 04:01:07,low
TXN-2007733,legit,,analyst_B,2025-11-20 04:19:39,medium
TXN-2000536,legit,,analyst_B,2025-11-20 04:36:25,high
TXN-2009241,legit,,analyst_B,2025-11-20 04:57:44,high
TXN-2016220,legit,,analyst_B,2025-11-20 07:33:39,high
TXN-2014208,legit,,analyst_B,2025-11-20 07:37:14,medium
TXN-2019585,legit,,analyst_A,2025-11-20 08:32:58,low
TXN-2002766,legit,,analyst_A,2025-11-20 10:26:25,low
TXN-2023319,legit,,analyst_A,2025-11-20 11:06:07,medium
TXN-2021373,legit,,analyst_B,2025-11-20 11:19:23,high
TXN-2009413,legit,,analyst_A,2025-11-20 11:50:07,high
TXN-2018609,legit,,analyst_B,2025-11-20 12:22:42,medium
TXN-2014232,legit,,analyst_B,2025-11-20 12:28:03,high
TXN-2005340,legit,,analyst_B,2025-11-20 13:23:21,high
TXN-2000000,legit,,analyst_A,2025-11-20 13:50:26,high
TXN-2017574,legit,,analyst_B,2025-11-20 14:34:26,high
TXN-2010947,legit,,analyst_A,2025-11-20 15:14:01,low
TXN-2010480,legit,,analyst_A,2025-11-20 15:33:28,low
TXN-2008192,legit,,analyst_A,2025-11-20 15:45:48,high
TXN-2023282,legit,,analyst_B,2025-11-20 15:51:52,high
TXN-2009904,legit,,analyst_A,2025-11-20 17:03:37,low
TXN-2001845,legit,,analyst_A,2025-11-20 19:28:06,medium
TXN-2007834,legit,,analyst_B,2025-11-20 19:47:14,medium
TXN-2024172,legit,,analyst_A,2025-11-20 20:19:55,high
TXN-2019613,legit,,analyst_A,2025-11-20 20:23:12,low
TXN-2022760,legit,,analyst_A,2025-11-20 21:37:58,high
TXN-2003929,legit,,analyst_A,2025-11-20 22:32:26,low
TXN-2006658,legit,,analyst_B,2025-11-20 22:39:09,high
TXN-2012539,legit,,analyst_B,2025-11-20 23:24:17,low
TXN-2017500,legit,,analyst_B,2025-11-21 00:06:58,high
TXN-2001371,legit,,analyst_A,2025-11-21 00:22:03,medium
TXN-2013769,legit,,analyst_B,2025-11-21 02:20:35,medium
TXN-2018244,legit,,analyst_A,2025-11-21 04:21:05,medium
TXN-2024533,legit,,analyst_A,2025-11-21 07:12:52,low
TXN-2012144,legit,,analyst_B,2025-11-21 07:29:12,medium
TXN-2012666,legit,,analyst_A,2025-11-21 07:55:31,medium
TXN-2005910,legit,,analyst_B,2025-11-21 08:19:52,low
TXN-2013802,legit,,analyst_B,2025-11-21 09:45:30,high
TXN-2014871,legit,,analyst_A,2025-11-21 09:59:20,low
TXN-2014610,legit,,analyst_A,2025-11-21 10:17:46,medium
TXN-2015284,legit,,analyst_A,2025-11-21 10:48:25,low
TXN-2019362,legit,,analyst_A,2025-11-21 11:23:05,low
TXN-2006860,legit,,analyst_A,2025-11-21 12:47:35,high
TXN-2001568,legit,,analyst_B,2025-11-21 13:59:32,high
TXN-2001735,legit,,analyst_A,2025-11-21 14:18:05,high
TXN-2014350,legit,,analyst_B,2025-11-21 14:24:36,low
TXN-2000566,legit,,analyst_B,2025-11-21 16:17:56,low
TXN-2019528,legit,,analyst_A,2025-11-21 16:42:36,low
TXN-2023561,legit,,analyst_B,2025-11-21 17:59:12,medium
TXN-2005236,legit,,analyst_B,2025-11-21 18:23:23,high
TXN-2011950,legit,,analyst_A,2025-11-21 18:51:59,medium
TXN-2001713,legit,,analyst_B,2025-11-21 19:08:36,high
TXN-2019587,legit,,analyst_A,2025-11-21 19:52:52,medium
TXN-2024920,legit,,analyst_A,2025-11-21 19:58:21,medium
TXN-2020989,legit,,analyst_A,2025-11-21 21:04:17,high
TXN-2020085,legit,,analyst_B,2025-11-21 21:07:09,high
TXN-2001210,legit,,analyst_A,2025-11-21 21:45:39,medium
TXN-2007152,legit,,analyst_B,2025-11-21 23:01:03,high
TXN-2010741,legit,,analyst_A,2025-11-21 23:36:12,medium
TXN-2015450,legit,,analyst_A,2025-11-21 23:38:47,medium
TXN-2014029,legit,,analyst_B,2025-11-22 00:08:35,medium
TXN-2022875,legit,,analyst_B,2025-11-22 01:07:17,medium
TXN-2001339,legit,,analyst_A,2025-11-22 02:42:08,medium
TXN-2020752,legit,,analyst_A,2025-11-22 02:58:31,medium
TXN-2008460,legit,,analyst_A,2025-11-22 04:42:21,high
TXN-2011474,legit,,analyst_A,2025-11-22 05:12:30,high
TXN-2020830,legit,,analyst_B,2025-11-22 05:22:39,medium
TXN-2009643,legit,,analyst_A,2025-11-22 06:35:45,low
TXN-2017045,legit,,analyst_B,2025-11-22 06:39:44,medium
TXN-2015378,legit,,analyst_B,2025-11-22 08:17:20,low
TXN-2010374,legit,,analyst_B,2025-11-22 08:47:55,medium
TXN-2011938,legit,,analyst_B,2025-11-22 09:11:23,high
TXN-2005557,legit,,analyst_A,2025-11-22 10:49:50,high
TXN-2017723,legit,,analyst_A,2025-11-22 11:42:34,medium
TXN-2015039,legit,,analyst_B,2025-11-22 13:10:32,high
TXN-2006728,legit,,analyst_A,2025-11-22 13:46:36,low
TXN-2016763,legit,,analyst_B,2025-11-22 14:13:30,high
TXN-2004542,legit,,analyst_A,2025-11-22 15:00:32,high
TXN-2014920,legit,,analyst_B,2025-11-22 15:21:55,high
TXN-2012322,legit,,analyst_B,2025-11-22 16:20:12,high
TXN-2009168,legit,,analyst_B,2025-11-22 17:01:59,medium
TXN-2003503,legit,,analyst_B,2025-11-22 17:28:27,medium
TXN-2006255,legit,,analyst_B,2025-11-22 18:22:52,high
TXN-2018472,legit,,analyst_B,2025-11-22 19:11:19,high
TXN-2012104,fraud,account_takeover,analyst_A,2025-11-22 19:12:35,high
TXN-2007749,legit,,analyst_B,2025-11-22 19:24:13,medium
TXN-2015800,legit,,analyst_B,2025-11-22 19:38:02,high
TXN-2017371,legit,,analyst_A,2025-11-22 19:50:01,low
TXN-2004720,legit,,analyst_B,2025-11-22 22:42:38,medium
TXN-2017704,legit,,analyst_B,2025-11-23 00:43:40,high
TXN-2013546,legit,,analyst_A,2025-11-23 02:12:49,high
TXN-2014630,legit,,analyst_A,2025-11-23 03:44:02,high
TXN-2023007,legit,,analyst_A,2025-11-23 03:47:57,high
TXN-2013312,legit,,analyst_B,2025-11-23 04:05:43,medium
TXN-2001090,legit,,analyst_A,2025-11-23 05:22:17,medium
TXN-2022664,legit,,analyst_A,2025-11-23 05:24:04,medium
TXN-2005368,legit,,analyst_A,2025-11-23 05:58:29,medium
TXN-2000277,legit,,analyst_A,2025-11-23 06:32:26,medium
TXN-2024265,legit,,analyst_B,2025-11-23 07:06:05,high
TXN-2007828,legit,,analyst_B,2025-11-23 07:22:10,high
TXN-2014255,legit,,analyst_B,2025-11-23 07:24:40,high
TXN-2018116,legit,,analyst_B,2025-11-23 07:34:16,medium
TXN-2020532,legit,,analyst_B,2025-11-23 08:23:25,medium
TXN-2004913,legit,,analyst_A,2025-11-23 09:01:07,high
TXN-2020828,legit,,analyst_B,2025-11-23 09:23:39,low
TXN-2004519,legit,,analyst_B,2025-11-23 10:17:21,medium
TXN-2015384,legit,,analyst_A,2025-11-23 12:05:18,medium
TXN-2007665,legit,,analyst_A,2025-11-23 12:45:11,high
TXN-2016119,legit,,analyst_B,2025-11-23 13:25:09,medium
TXN-2019479,legit,,analyst_B,2025-11-23 17:23:52,medium
TXN-2006086,legit,,analyst_A,2025-11-23 17:28:01,high
TXN-2003123,legit,,analyst_B,2025-11-23 18:32:08,low
TXN-2016448,legit,,analyst_A,2025-11-23 19:23:20,medium
TXN-2023211,legit,,analyst_B,2025-11-23 19:28:04,high
TXN-2000703,legit,,analyst_A,2025-11-23 20:33:00,medium
TXN-2015865,legit,,analyst_B,2025-11-23 22:04:09,medium
TXN-2005101,legit,,analyst_A,2025-11-23 22:09:50,high
TXN-2015621,legit,,analyst_B,2025-11-23 22:47:08,high
TXN-2005297,legit,,analyst_A,2025-11-23 23:31:48,low
TXN-2008511,legit,,analyst_A,2025-11-24 00:02:32,high
TXN-2010845,legit,,analyst_B,2025-11-24 03:54:59,high
TXN-2023941,legit,,analyst_B,2025-11-24 04:04:12,medium
TXN-2003121,legit,,analyst_A,2025-11-24 05:39:49,low
TXN-2015962,legit,,analyst_B,2025-11-24 06:02:31,medium
TXN-2004539,legit,,analyst_B,2025-11-24 06:47:34,high
TXN-2001476,legit,,analyst_A,2025-11-24 07:24:16,medium
TXN-2013939,legit,,analyst_B,2025-11-24 07:47:23,medium
TXN-2021832,legit,,analyst_B,2025-11-24 08:15:11,low
TXN-2010023,legit,,analyst_A,2025-11-24 09:21:58,high
TXN-2009061,legit,,analyst_A,2025-11-24 09:30:51,low
TXN-2009004,legit,,analyst_B,2025-11-24 10:35:37,low
TXN-2022761,legit,,analyst_A,2025-11-24 10:43:21,high
TXN-2004513,legit,,analyst_A,2025-11-24 10:50:31,medium
TXN-2008797,legit,,analyst_B,2025-11-24 13:01:39,low
TXN-2019774,legit,,analyst_A,2025-11-24 14:46:57,low
TXN-2000159,legit,,analyst_A,2025-11-24 18:07:15,high
TXN-2024048,legit,,analyst_B,2025-11-24 21:11:13,high
TXN-2014468,legit,,analyst_A,2025-11-24 21:45:47,medium
TXN-2021121,legit,,analyst_A,2025-11-24 22:16:17,high
TXN-2017976,legit,,analyst_B,2025-11-24 23:47:40,high
TXN-2015872,legit,,analyst_A,2025-11-25 01:21:47,high
TXN-2023779,legit,,analyst_B,2025-11-25 01:29:24,high
TXN-2024368,legit,,analyst_A,2025-11-25 01:56:34,high
TXN-2016636,legit,,analyst_A,2025-11-25 02:00:35,high
TXN-2006540,legit,,analyst_A,2025-11-25 04:30:28,medium
TXN-2001930,legit,,analyst_A,2025-11-25 05:00:01,high
TXN-2023471,legit,,analyst_A,2025-11-25 05:04:27,medium
TXN-2006620,legit,,analyst_B,2025-11-25 05:34:53,medium
TXN-2019099,legit,,analyst_B,2025-11-25 06:26:20,medium
TXN-2018241,legit,,analyst_A,2025-11-25 06:34:34,high
TXN-2003093,legit,,analyst_B,2025-11-25 08:15:37,medium
TXN-2000435,legit,,analyst_A,2025-11-25 09:01:22,low
TXN-2013682,legit,,analyst_B,2025-11-25 09:26:17,low
TXN-2008151,legit,,analyst_A,2025-11-25 09:29:19,high
TXN-2001152,legit,,analyst_B,2025-11-25 09:39:09,high
TXN-2010446,legit,,analyst_A,2025-11-25 10:50:18,high
TXN-2006385,legit,,analyst_A,2025-11-25 10:53:45,medium
TXN-2022598,legit,,analyst_A,2025-11-25 11:23:16,low
TXN-2002497,legit,,analyst_B,2025-11-25 11:44:26,medium
TXN-2014428,legit,,analyst_A,2025-11-25 12:38:43,high
TXN-2015577,legit,,analyst_B,2025-11-25 13:10:28,high
TXN-2019915,legit,,analyst_A,2025-11-25 14:06:44,medium
TXN-2010788,legit,,analyst_B,2025-11-25 16:19:41,medium
TXN-2016277,legit,,analyst_B,2025-11-25 17:05:45,high
TXN-2002968,legit,,analyst_A,2025-11-25 18:02:45,high
TXN-2011471,legit,,analyst_B,2025-11-25 19:22:41,high
TXN-2023777,legit,,analyst_B,2025-11-25 19:55:41,high
TXN-2021895,legit,,analyst_A,2025-11-25 20:05:38,high
TXN-2006562,legit,,analyst_B,2025-11-25 22:30:54,low
TXN-2010557,legit,,analyst_A,2025-11-26 00:56:58,high
TXN-2023800,legit,,analyst_A,2025-11-26 02:07:23,high
TXN-2007225,legit,,analyst_B,2025-11-26 02:17:34,high
TXN-2019656,legit,,analyst_A,2025-11-26 02:29:29,medium
TXN-2005547,legit,,analyst_A,2025-11-26 03:12:54,medium
TXN-2020299,legit,,analyst_B,2025-11-26 03:19:12,medium
TXN-2024487,legit,,analyst_A,2025-11-26 06:54:23,medium
TXN-2007367,legit,,analyst_B,2025-11-26 06:54:25,low
TXN-2001481,legit,,analyst_B,2025-11-26 06:58:28,high
TXN-2021614,legit,,analyst_A,2025-11-26 07:55:20,low
TXN-2001933,legit,,analyst_A,2025-11-26 07:58:24,low
TXN-2005505,legit,,analyst_B,2025-11-26 10:11:34,low
TXN-2019056,legit,,analyst_A,2025-11-26 10:15:03,medium
TXN-2019786,legit,,analyst_B,2025-11-26 11:15:38,medium
TXN-2019538,legit,,analyst_A,2025-11-26 13:33:23,high
TXN-2010354,legit,,analyst_A,2025-11-26 13:33:28,high
TXN-2021698,legit,,analyst_A,2025-11-26 13:41:16,low
TXN-2019653,legit,,analyst_B,2025-11-26 14:26:05,medium
TXN-2022017,legit,,analyst_A,2025-11-26 14:42:30,medium
TXN-2015722,legit,,analyst_A,2025-11-26 15:37:42,medium
TXN-2017216,legit,,analyst_A,2025-11-26 16:31:41,medium
TXN-2011495,legit,,analyst_A,2025-11-26 17:00:17,medium
TXN-2001261,legit,,analyst_A,2025-11-26 18:42:26,high
TXN-2012104,legit,,analyst_B,2025-11-26 19:12:35,high
TXN-2002586,legit,,analyst_B,2025-11-26 19:25:45,high
TXN-2001136,legit,,analyst_A,2025-11-26 19:59:46,medium
TXN-2006371,legit,,analyst_A,2025-11-26 20:10:05,medium
TXN-2021741,legit,,analyst_A,2025-11-26 20:30:46,high
TXN-2009234,legit,,analyst_B,2025-11-26 21:56:32,medium
TXN-2003182,legit,,analyst_A,2025-11-26 23:12:38,high
TXN-2002535,legit,,analyst_B,2025-11-26 23:58:24,low
TXN-2011814,legit,,analyst_A,2025-11-27 01:03:26,medium
TXN-2023891,legit,,analyst_B,2025-11-27 01:35:30,low
TXN-2012762,legit,,analyst_B,2025-11-27 02:46:41,medium
TXN-2000594,legit,,analyst_B,2025-11-27 03:17:24,medium
TXN-2017199,legit,,analyst_A,2025-11-27 04:49:40,medium
TXN-2001568,legit,,analyst_A,2025-11-27 04:59:32,high
TXN-2020397,legit,,analyst_B,2025-11-27 06:33:16,high
TXN-2012452,legit,,analyst_A,2025-11-27 06:51:18,low
TXN-2024349,legit,,analyst_A,2025-11-27 07:59:21,high
TXN-2024902,legit,,analyst_A,2025-11-27 08:50:07,high
TXN-2023728,legit,,analyst_B,2025-11-27 11:01:27,low
TXN-2018731,legit,,analyst_B,2025-11-27 11:03:20,medium
TXN-2007225,legit,,analyst_A,2025-11-27 12:17:34,medium
TXN-2004878,legit,,analyst_B,2025-11-27 12:49:14,high
TXN-2019012,legit,,analyst_B,2025-11-27 15:44:29,high
TXN-2006829,legit,,analyst_A,2025-11-27 15:45:49,high
TXN-2018197,legit,,analyst_A,2025-11-27 17:16:57,medium
TXN-2020775,legit,,analyst_B,2025-11-27 17:18:11,high
TXN-2000086,legit,,analyst_B,2025-11-27 17:58:48,high
TXN-2002332,legit,,analyst_B,2025-11-27 18:09:45,high
TXN-2009843,legit,,analyst_B,2025-11-27 18:29:10,medium
TXN-2001776,legit,,analyst_B,2025-11-27 18:34:55,high
TXN-2014610,legit,,analyst_B,2025-11-27 19:17:46,high
TXN-2023665,legit,,analyst_B,2025-11-27 22:45:40,medium
TXN-2003224,legit,,analyst_A,2025-11-27 23:25:42,high
TXN-2006339,legit,,analyst_A,2025-11-27 23:34:16,high
TXN-2013795,legit,,analyst_B,2025-11-28 00:20:20,high
TXN-2012145,legit,,analyst_B,2025-11-28 00:38:57,high
TXN-2016577,legit,,analyst_A,2025-11-28 00:53:02,high
TXN-2006135,legit,,analyst_B,2025-11-28 01:06:39,high
TXN-2009709,legit,,analyst_A,2025-11-28 01:18:14,medium
TXN-2011566,legit,,analyst_A,2025-11-28 02:07:13,high
TXN-2011088,legit,,analyst_A,2025-11-28 02:39:12,medium
TXN-2008067,legit,,analyst_B,2025-11-28 02:43:47,medium
TXN-2019665,legit,,analyst_A,2025-11-28 02:50:34,low
TXN-2023911,legit,,analyst_A,2025-11-28 03:21:02,medium
TXN-2012335,legit,,analyst_A,2025-11-28 04:39:08,medium
TXN-2024388,legit,,analyst_A,2025-11-28 04:51:26,medium
TXN-2005478,legit,,analyst_A,2025-11-28 05:25:39,high
TXN-2006881,legit,,analyst_A,2025-11-28 05:55:58,medium
TXN-2000192,legit,,analyst_A,2025-11-28 09:06:11,low
TXN-2017792,legit,,analyst_A,2025-11-28 10:24:20,high
TXN-2005589,legit,,analyst_A,2025-11-28 11:06:08,low
TXN-2014356,legit,,analyst_B,2025-11-28 11:58:15,high
TXN-2001526,legit,,analyst_A,2025-11-28 12:45:37,medium
TXN-2016384,legit,,analyst_B,2025-11-28 13:02:14,high
TXN-2021198,legit,,analyst_B,2025-11-28 13:06:14,medium
TXN-2008728,legit,,analyst_B,2025-11-28 14:56:34,low
TXN-2015969,legit,,analyst_A,2025-11-28 15:07:30,high
TXN-2013801,legit,,analyst_A,2025-11-28 15:54:49,medium
TXN-2011165,legit,,analyst_A,2025-11-28 17:05:34,low
TXN-2008383,legit,,analyst_B,2025-11-28 17:31:56,high
TXN-2018722,legit,,analyst_B,2025-11-28 17:40:49,medium
TXN-2002308,legit,,analyst_A,2025-11-28 17:58:32,high
TXN-2021201,legit,,analyst_A,2025-11-28 18:13:33,medium
TXN-2021192,legit,,analyst_B,2025-11-28 18:21:36,medium
TXN-2007925,legit,,analyst_A,2025-11-28 18:28:20,medium
TXN-2003187,legit,,analyst_B,2025-11-28 20:46:23,high
TXN-2016009,legit,,analyst_A,2025-11-28 21:30:30,high
TXN-2016893,legit,,analyst_A,2025-11-29 01:15:03,high
TXN-2016651,legit,,analyst_A,2025-11-29 01:36:24,low
TXN-2014292,legit,,analyst_A,2025-11-29 01:46:08,high
TXN-2021820,legit,,analyst_B,2025-11-29 03:08:16,medium
TXN-2022274,legit,,analyst_A,2025-11-29 04:09:11,high
TXN-2011634,legit,,analyst_B,2025-11-29 04:33:30,medium
TXN-2013682,legit,,analyst_A,2025-11-29 06:26:17,medium
TXN-2021384,legit,,analyst_A,2025-11-29 06:39:12,high
TXN-2004012,legit,,analyst_B,2025-11-29 07:23:48,low
TXN-2024284,legit,,analyst_B,2025-11-29 07:36:17,high
TXN-2002599,legit,,analyst_B,2025-11-29 07:43:10,medium
TXN-2011971,legit,,analyst_A,2025-11-29 08:19:41,high
TXN-2017106,legit,,analyst_A,2025-11-29 08:21:36,high
TXN-2015901,legit,,analyst_A,2025-11-29 08:36:32,low
TXN-2022075,legit,,analyst_A,2025-11-29 08:48:50,low
TXN-2004381,legit,,analyst_B,2025-11-29 09:02:53,low
TXN-2015826,legit,,analyst_A,2025-11-29 10:06:37,high
TXN-2006539,legit,,analyst_A,2025-11-29 11:23:24,high
TXN-2003755,legit,,analyst_A,2025-11-29 13:36:26,medium
TXN-2005994,legit,,analyst_A,2025-11-29 14:47:28,high
TXN-2003971,legit,,analyst_A,2025-11-29 14:47:41,medium
TXN-2001465,legit,,analyst_A,2025-11-29 15:25:28,medium
TXN-2014117,legit,,analyst_A,2025-11-29 20:15:49,high
TXN-2019081,legit,,analyst_A,2025-11-29 20:37:03,high
TXN-2000940,legit,,analyst_B,2025-11-29 21:23:32,medium
TXN-2019987,legit,,analyst_A,2025-11-29 22:00:55,high
TXN-2024162,legit,,analyst_A,2025-11-29 22:11:53,low
TXN-2024567,legit,,analyst_A,2025-11-30 00:52:30,low
TXN-2006748,legit,,analyst_A,2025-11-30 01:52:30,low
TXN-2007968,legit,,analyst_A,2025-11-30 01:53:58,medium
TXN-2011232,legit,,analyst_A,2025-11-30 02:49:23,high
TXN-2024661,legit,,analyst_A,2025-11-30 03:46:09,medium
TXN-2009353,legit,,analyst_B,2025-11-30 03:50:30,medium
TXN-2014330,legit,,analyst_B,2025-11-30 03:56:49,high
TXN-2022440,legit,,analyst_A,2025-11-30 05:18:07,low
TXN-2023439,legit,,analyst_B,2025-11-30 05:22:07,high
TXN-2018116,legit,,analyst_A,2025-11-30 05:34:16,low
TXN-2002266,legit,,analyst_B,2025-11-30 05:37:44,high
TXN-2013449,legit,,analyst_A,2025-11-30 06:19:17,low
TXN-2018574,legit,,analyst_A,2025-11-30 06:47:28,high
TXN-2019899,legit,,analyst_A,2025-11-30 07:27:38,medium
TXN-2000667,legit,,analyst_B,2025-11-30 08:31:52,low
TXN-2018088,legit,,analyst_B,2025-11-30 08:54:05,medium
TXN-2024566,legit,,analyst_B,2025-11-30 09:23:29,medium
TXN-2005243,legit,,analyst_A,2025-11-30 09:26:03,medium
TXN-2023302,legit,,analyst_A,2025-11-30 11:03:57,high
TXN-2002234,legit,,analyst_A,2025-11-30 11:55:35,high
TXN-2014594,legit,,analyst_B,2025-11-30 12:55:42,high
TXN-2017233,legit,,analyst_A,2025-11-30 14:45:37,low
TXN-2016173,legit,,analyst_A,2025-11-30 16:21:31,medium
TXN-2011211,legit,,analyst_A,2025-11-30 16:24:06,medium
TXN-2021923,legit,,analyst_B,2025-11-30 19:20:28,high
TXN-2011725,legit,,analyst_B,2025-11-30 19:58:41,medium
TXN-2011015,legit,,analyst_B,2025-11-30 23:43:59,medium
TXN-2023427,legit,,analyst_B,2025-12-01 00:21:47,medium
TXN-2002045,legit,,analyst_A,2025-12-01 00:52:31,medium
TXN-2008190,legit,,analyst_B,2025-12-01 01:11:22,medium
TXN-2024899,legit,,analyst_B,2025-12-01 01:37:32,high
TXN-2024749,legit,,analyst_B,2025-12-01 02:06:05,high
TXN-2005983,legit,,analyst_B,2025-12-01 02:07:27,high
TXN-2014707,legit,,analyst_B,2025-12-01 03:17:55,medium
TXN-2011022,legit,,analyst_B,2025-12-01 04:33:45,low
TXN-2012804,legit,,analyst_B,2025-12-01 06:08:25,medium
TXN-2014357,legit,,analyst_B,2025-12-01 06:08:54,high
TXN-2018468,legit,,analyst_A,2025-12-01 06:27:25,high
TXN-2023216,legit,,analyst_B,2025-12-01 08:10:51,low
TXN-2021643,legit,,analyst_B,2025-12-01 08:45:13,medium
TXN-2013374,legit,,analyst_B,2025-12-01 10:06:04,high
TXN-2022387,legit,,analyst_A,2025-12-01 10:20:57,low
TXN-2009922,legit,,analyst_B,2025-12-01 11:28:58,medium
TXN-2022405,legit,,analyst_B,2025-12-01 12:05:33,low
TXN-2019566,legit,,analyst_A,2025-12-01 12:30:49,medium
TXN-2011619,legit,,analyst_A,2025-12-01 12:37:54,high
TXN-2018594,legit,,analyst_A,2025-12-01 13:06:35,medium
TXN-2019728,legit,,analyst_A,2025-12-01 13:32:27,high
TXN-2002823,legit,,analyst_B,2025-12-01 14:26:23,medium
TXN-2011778,legit,,analyst_B,2025-12-01 15:54:13,medium
TXN-2016640,legit,,analyst_A,2025-12-01 17:14:05,medium
TXN-2003461,legit,,analyst_A,2025-12-01 18:28:19,high
TXN-2009033,legit,,analyst_A,2025-12-01 20:39:52,low
TXN-2017864,legit,,analyst_B,2025-12-01 20:45:31,high
TXN-2022394,legit,,analyst_B,2025-12-01 21:52:24,high
TXN-2016624,legit,,analyst_A,2025-12-01 21:55:33,low
TXN-2006828,legit,,analyst_B,2025-12-01 22:21:19,high
TXN-2003557,legit,,analyst_A,2025-12-02 00:04:53,medium
TXN-2005793,legit,,analyst_A,2025-12-02 01:26:44,high
TXN-2019161,legit,,analyst_B,2025-12-02 03:23:29,high
TXN-2024079,legit,,analyst_B,2025-12-02 05:40:43,high
TXN-2014511,legit,,analyst_A,2025-12-02 06:35:33,high
TXN-2000212,legit,,analyst_B,2025-12-02 09:27:59,high
TXN-2013707,legit,,analyst_A,2025-12-02 10:07:36,medium
TXN-2004329,legit,,analyst_A,2025-12-02 10:13:35,high
TXN-2011424,legit,,analyst_B,2025-12-02 10:15:52,low
TXN-2018984,legit,,analyst_A,2025-12-02 10:19:22,low
TXN-2022394,legit,,analyst_A,2025-12-02 10:52:24,high
TXN-2019067,legit,,analyst_A,2025-12-02 11:04:15,medium
TXN-2008540,legit,,analyst_A,2025-12-02 11:05:48,high
TXN-2015836,legit,,analyst_A,2025-12-02 12:37:02,medium
TXN-2002743,legit,,analyst_B,2025-12-02 13:10:42,high
TXN-2005276,legit,,analyst_A,2025-12-02 13:17:05,high
TXN-2013940,legit,,analyst_A,2025-12-02 14:16:51,high
TXN-2017048,legit,,analyst_B,2025-12-02 14:24:45,high
TXN-2003649,legit,,analyst_B,2025-12-02 15:11:08,high
TXN-2017586,legit,,analyst_A,2025-12-02 15:18:22,medium
TXN-2011284,legit,,analyst_B,2025-12-02 17:09:10,medium
TXN-2007192,legit,,analyst_B,2025-12-02 17:16:50,medium
TXN-2002050,legit,,analyst_B,2025-12-02 17:49:16,medium
TXN-2023936,legit,,analyst_B,2025-12-02 18:11:24,high
TXN-2024473,legit,,analyst_B,2025-12-02 18:49:30,high
TXN-2011714,legit,,analyst_B,2025-12-02 19:26:20,high
TXN-2006349,legit,,analyst_B,2025-12-02 19:49:32,high
TXN-2008361,legit,,analyst_B,2025-12-02 20:00:56,low
TXN-2004631,legit,,analyst_A,2025-12-02 21:02:29,medium
TXN-2015784,legit,,analyst_A,2025-12-02 22:57:52,medium
TXN-2017993,legit,,analyst_A,2025-12-03 00:36:41,high
TXN-2016334,legit,,analyst_A,2025-12-03 00:50:17,high
TXN-2012969,legit,,analyst_B,2025-12-03 00:58:26,medium
TXN-2019047,legit,,analyst_A,2025-12-03 01:11:55,low
TXN-2014861,legit,,analyst_A,2025-12-03 03:11:05,high
TXN-2011961,legit,,analyst_A,2025-12-03 03:34:21,medium
TXN-2002238,legit,,analyst_B,2025-12-03 04:05:36,high
TXN-2021931,legit,,analyst_A,2025-12-03 05:44:49,low
TXN-2001618,legit,,analyst_A,2025-12-03 06:04:55,low
TXN-2022497,legit,,analyst_B,2025-12-03 08:44:20,high
TXN-2022960,legit,,analyst_B,2025-12-03 10:07:59,medium
TXN-2007850,legit,,analyst_A,2025-12-03 12:31:18,high
TXN-2012839,legit,,analyst_B,2025-12-03 12:31:18,medium
TXN-2019818,legit,,analyst_A,2025-12-03 12:37:50,low
TXN-2004270,legit,,analyst_B,2025-12-03 14:25:29,high
TXN-2001019,legit,,analyst_A,2025-12-03 15:11:43,high
TXN-2010280,legit,,analyst_B,2025-12-03 15:12:39,medium
TXN-2013853,legit,,analyst_A,2025-12-03 15:16:34,high
TXN-2022978,legit,,analyst_B,2025-12-03 15:24:19,high
TXN-2016282,legit,,analyst_A,2025-12-03 16:05:26,medium
TXN-2002911,legit,,analyst_B,2025-12-03 16:32:17,medium
TXN-2011720,legit,,analyst_B,2025-12-03 16:32:52,medium
TXN-2020905,legit,,analyst_A,2025-12-03 17:15:54,high
TXN-2011919,legit,,analyst_A,2025-12-03 17:32:57,high
TXN-2009758,legit,,analyst_B,2025-12-03 17:46:53,medium
TXN-2020381,legit,,analyst_A,2025-12-03 18:45:23,high
TXN-2005557,legit,,analyst_B,2025-12-03 19:49:50,high
TXN-2007731,legit,,analyst_A,2025-12-03 20:16:03,medium
TXN-2005605,legit,,analyst_A,2025-12-03 20:35:21,medium
TXN-2004878,legit,,analyst_A,2025-12-03 20:49:14,medium
TXN-2024796,legit,,analyst_B,2025-12-03 21:10:26,medium
TXN-2000710,legit,,analyst_A,2025-12-03 21:38:52,high
TXN-2013728,legit,,analyst_A,2025-12-03 22:32:11,high
TXN-2002299,legit,,analyst_B,2025-12-04 02:01:47,high
TXN-2018876,legit,,analyst_A,2025-12-04 03:05:53,medium
TXN-2007459,legit,,analyst_A,2025-12-04 03:29:50,medium
TXN-2020317,legit,,analyst_A,2025-12-04 05:07:27,low
TXN-2023440,legit,,analyst_A,2025-12-04 05:42:55,high
TXN-2005835,legit,,analyst_A,2025-12-04 06:18:30,low
TXN-2012224,legit,,analyst_A,2025-12-04 07:27:15,high
TXN-2024458,legit,,analyst_A,2025-12-04 07:51:01,medium
TXN-2021212,legit,,analyst_A,2025-12-04 08:13:26,low
TXN-2018565,legit,,analyst_B,2025-12-04 11:00:53,low
TXN-2003404,legit,,analyst_A,2025-12-04 11:29:48,high
TXN-2012439,legit,,analyst_B,2025-12-04 12:25:47,low
TXN-2017912,legit,,analyst_B,2025-12-04 13:14:09,high
TXN-2022092,legit,,analyst_A,2025-12-04 14:27:36,medium
TXN-2006792,legit,,analyst_B,2025-12-04 15:21:45,medium
TXN-2011928,legit,,analyst_A,2025-12-04 15:32:43,medium
TXN-2018009,legit,,analyst_A,2025-12-04 16:15:47,high
TXN-2003926,legit,,analyst_A,2025-12-04 17:23:25,high
TXN-2017295,legit,,analyst_A,2025-12-04 17:55:56,medium
TXN-2000269,legit,,analyst_A,2025-12-04 18:33:02,low
TXN-2024692,legit,,analyst_A,2025-12-04 19:39:20,high
TXN-2014854,legit,,analyst_B,2025-12-04 19:44:40,medium
TXN-2003757,legit,,analyst_B,2025-12-04 20:15:22,high
TXN-2018245,legit,,analyst_B,2025-12-04 21:13:47,low
TXN-2015607,legit,,analyst_A,2025-12-04 21:20:25,medium
TXN-2008955,legit,,analyst_A,2025-12-04 22:08:30,high
TXN-2024955,legit,,analyst_A,2025-12-04 22:55:06,high
TXN-2011755,legit,,analyst_B,2025-12-04 23:14:34,medium
TXN-2012670,legit,,analyst_A,2025-12-04 23:39:47,high
TXN-2023857,legit,,analyst_A,2025-12-05 00:00:43,low
TXN-2007177,legit,,analyst_A,2025-12-05 02:51:04,high
TXN-2005667,legit,,analyst_A,2025-12-05 04:27:57,high
TXN-2008796,legit,,analyst_B,2025-12-05 05:53:40,high
TXN-2005409,legit,,analyst_B,2025-12-05 05:53:57,high
TXN-2014602,legit,,analyst_A,2025-12-05 07:29:26,medium
TXN-2002665,legit,,analyst_B,2025-12-05 08:29:23,low
TXN-2023416,legit,,analyst_B,2025-12-05 09:19:07,low
TXN-2014320,legit,,analyst_A,2025-12-05 09:32:19,high
TXN-2007518,legit,,analyst_A,2025-12-05 09:33:48,high
TXN-2000947,legit,,analyst_A,2025-12-05 10:19:14,medium
TXN-2010181,legit,,analyst_B,2025-12-05 10:31:05,high
TXN-2017036,legit,,analyst_A,2025-12-05 10:56:44,low
TXN-2000633,legit,,analyst_A,2025-12-05 11:27:33,high
TXN-2013103,legit,,analyst_B,2025-12-05 11:54:55,medium
TXN-2017265,legit,,analyst_A,2025-12-05 13:24:43,medium
TXN-2023821,legit,,analyst_A,2025-12-05 14:50:10,high
TXN-2014156,legit,,analyst_A,2025-12-05 16:14:40,medium
TXN-2009993,legit,,analyst_A,2025-12-05 16:28:15,medium
TXN-2020430,legit,,analyst_A,2025-12-05 17:07:30,high
TXN-2020349,legit,,analyst_A,2025-12-05 18:37:41,medium
TXN-2012231,legit,,analyst_B,2025-12-05 20:26:12,medium
TXN-2004286,legit,,analyst_B,2025-12-05 20:32:40,high
TXN-2008343,legit,,analyst_A,2025-12-05 21:44:09,low
TXN-2009154,legit,,analyst_A,2025-12-05 21:53:16,low
TXN-2006791,legit,,analyst_B,2025-12-05 21:54:53,medium
TXN-2003813,legit,,analyst_B,2025-12-05 22:29:19,high
TXN-2012936,legit,,analyst_A,2025-12-05 22:49:40,low
TXN-2005256,legit,,analyst_B,2025-12-05 22:54:16,high
TXN-2005602,legit,,analyst_A,2025-12-06 00:02:53,high
TXN-2000315,legit,,analyst_A,2025-12-06 00:15:29,low
TXN-2019516,legit,,analyst_B,2025-12-06 00:36:41,high
TXN-2024342,legit,,analyst_B,2025-12-06 01:11:06,high
TXN-2002344,legit,,analyst_A,2025-12-06 01:22:05,low
TXN-2019656,legit,,analyst_B,2025-12-06 02:29:29,medium
TXN-2022626,legit,,analyst_B,2025-12-06 03:37:17,medium
TXN-2023246,legit,,analyst_A,2025-12-06 04:15:37,medium
TXN-2015323,legit,,analyst_A,2025-12-06 05:29:52,medium
TXN-2024504,legit,,analyst_A,2025-12-06 05:35:07,medium
TXN-2003902,legit,,analyst_A,2025-12-06 07:55:25,low
TXN-2010713,legit,,analyst_A,2025-12-06 09:37:37,medium
TXN-2003562,legit,,analyst_B,2025-12-06 10:02:15,high
TXN-2013117,legit,,analyst_A,2025-12-06 10:11:33,low
TXN-2001394,legit,,analyst_A,2025-12-06 11:31:23,medium
TXN-2011614,legit,,analyst_B,2025-12-06 12:20:29,low
TXN-2013988,legit,,analyst_A,2025-12-06 12:37:46,medium
TXN-2011669,legit,,analyst_B,2025-12-06 13:01:34,high
TXN-2002131,legit,,analyst_B,2025-12-06 15:18:37,high
TXN-2008071,legit,,analyst_A,2025-12-06 16:30:01,high
TXN-2019877,legit,,analyst_A,2025-12-06 16:44:08,medium
TXN-2018394,legit,,analyst_A,2025-12-06 17:03:58,low
TXN-2013317,legit,,analyst_B,2025-12-06 17:54:58,medium
TXN-2023159,legit,,analyst_B,2025-12-06 19:06:00,medium
TXN-2019442,legit,,analyst_B,2025-12-06 19:51:36,low
TXN-2024085,legit,,analyst_B,2025-12-06 20:27:33,low
TXN-2002634,legit,,analyst_A,2025-12-06 20:52:15,high
TXN-2009385,legit,,analyst_B,2025-12-06 21:18:34,medium
TXN-2010160,legit,,analyst_B,2025-12-06 22:45:44,high
TXN-2020914,legit,,analyst_A,2025-12-06 22:55:10,medium
TXN-2016908,legit,,analyst_A,2025-12-06 23:55:33,high
TXN-2009071,legit,,analyst_B,2025-12-07 00:53:38,high
TXN-2018195,legit,,analyst_B,2025-12-07 01:32:37,high
TXN-2021535,legit,,analyst_B,2025-12-07 01:59:56,medium
TXN-2008179,legit,,analyst_B,2025-12-07 02:02:09,high
TXN-2010597,legit,,analyst_A,2025-12-07 02:34:16,high
TXN-2003603,legit,,analyst_B,2025-12-07 03:02:16,medium
TXN-2024590,legit,,analyst_A,2025-12-07 03:24:49,medium
TXN-2023741,legit,,analyst_B,2025-12-07 04:16:19,high
TXN-2016486,legit,,analyst_A,2025-12-07 05:20:33,high
TXN-2023943,legit,,analyst_A,2025-12-07 05:24:24,high
TXN-2011005,legit,,analyst_A,2025-12-07 05:33:00,high
TXN-2022016,legit,,analyst_B,2025-12-07 06:15:03,low
TXN-2011154,legit,,analyst_B,2025-12-07 06:51:33,medium
TXN-2024671,legit,,analyst_B,2025-12-07 07:53:50,low
TXN-2016440,legit,,analyst_A,2025-12-07 09:06:30,high
TXN-2018075,legit,,analyst_A,2025-12-07 09:20:43,medium
TXN-2024055,legit,,analyst_A,2025-12-07 09:24:09,medium
TXN-2015752,legit,,analyst_B,2025-12-07 09:44:59,high
TXN-2015177,legit,,analyst_A,2025-12-07 10:20:57,medium
TXN-2019528,legit,,analyst_B,2025-12-07 13:42:36,medium
TXN-2020804,legit,,analyst_A,2025-12-07 14:03:09,high
TXN-2018274,legit,,analyst_B,2025-12-07 14:36:16,high
TXN-2017182,legit,,analyst_B,2025-12-07 16:06:00,high
TXN-2010829,legit,,analyst_B,2025-12-07 17:24:00,high
TXN-2012670,legit,,analyst_B,2025-12-07 17:39:47,low
TXN-2008257,legit,,analyst_A,2025-12-07 17:51:31,medium
TXN-2006881,fraud,merchant_collusion,analyst_B,2025-12-07 17:55:58,high
TXN-2000911,legit,,analyst_B,2025-12-07 19:16:38,high
TXN-2016790,legit,,analyst_B,2025-12-07 20:34:13,medium
TXN-2006422,fraud,account_takeover,analyst_A,2025-12-07 20:53:34,high
TXN-2016441,legit,,analyst_A,2025-12-07 20:57:17,high
TXN-2007451,legit,,analyst_A,2025-12-08 02:03:59,low
TXN-2018994,legit,,analyst_B,2025-12-08 03:34:27,medium
TXN-2020843,legit,,analyst_A,2025-12-08 04:17:55,high
TXN-2011936,legit,,analyst_B,2025-12-08 04:52:11,low
TXN-2006279,legit,,analyst_B,2025-12-08 06:04:01,medium
TXN-2019257,legit,,analyst_A,2025-12-08 07:56:08,medium
TXN-2022388,legit,,analyst_B,2025-12-08 08:01:15,medium
TXN-2024816,legit,,analyst_A,2025-12-08 09:38:04,low
TXN-2003299,legit,,analyst_A,2025-12-08 10:38:45,medium
TXN-2012886,legit,,analyst_B,2025-12-08 14:30:22,high
TXN-2011394,legit,,analyst_B,2025-12-08 15:09:07,high
TXN-2002443,legit,,analyst_B,2025-12-08 15:22:28,high
TXN-2022951,legit,,analyst_B,2025-12-08 15:25:40,medium
TXN-2013886,legit,,analyst_A,2025-12-08 15:39:17,medium
TXN-2004528,legit,,analyst_B,2025-12-08 15:47:32,high
TXN-2010410,legit,,analyst_A,2025-12-08 16:07:11,medium
TXN-2013689,legit,,analyst_B,2025-12-08 18:14:00,low
TXN-2003140,legit,,analyst_A,2025-12-08 18:23:30,medium
TXN-2009348,legit,,analyst_A,2025-12-08 18:35:01,high
TXN-2016955,legit,,analyst_A,2025-12-08 20:17:19,high
TXN-2014010,legit,,analyst_B,2025-12-08 20:50:41,low
TXN-2006360,legit,,analyst_A,2025-12-09 00:00:08,medium
TXN-2004406,legit,,analyst_A,2025-12-09 00:16:17,medium
TXN-2016801,legit,,analyst_A,2025-12-09 05:05:04,low
TXN-2020398,legit,,analyst_B,2025-12-09 05:17:57,high
TXN-2004606,legit,,analyst_B,2025-12-09 05:30:38,medium
TXN-2008722,legit,,analyst_A,2025-12-09 07:32:39,high
TXN-2008636,legit,,analyst_A,2025-12-09 07:48:43,high
TXN-2023049,legit,,analyst_A,2025-12-09 08:50:12,medium
TXN-2012816,legit,,analyst_A,2025-12-09 09:41:34,high
TXN-2002370,legit,,analyst_A,2025-12-09 09:59:50,medium
TXN-2017007,legit,,analyst_A,2025-12-09 12:11:33,high
TXN-2017905,legit,,analyst_B,2025-12-09 12:47:31,medium
TXN-2010307,legit,,analyst_A,2025-12-09 13:35:04,medium
TXN-2023939,legit,,analyst_B,2025-12-09 13:35:11,medium
TXN-2000604,legit,,analyst_A,2025-12-09 14:12:38,high
TXN-2020897,legit,,analyst_B,2025-12-09 14:28:43,medium
TXN-2010106,legit,,analyst_A,2025-12-09 15:58:36,medium
TXN-2004193,legit,,analyst_A,2025-12-09 16:57:22,medium
TXN-2003440,legit,,analyst_B,2025-12-09 17:02:38,high
TXN-2017594,legit,,analyst_A,2025-12-09 17:58:55,low
TXN-2020979,legit,,analyst_A,2025-12-09 18:24:31,medium
TXN-2009012,legit,,analyst_A,2025-12-09 18:31:31,high
TXN-2011919,legit,,analyst_B,2025-12-09 18:32:57,high
TXN-2023297,legit,,analyst_A,2025-12-09 20:04:18,high
TXN-2010517,legit,,analyst_A,2025-12-09 20:32:13,high
TXN-2019416,legit,,analyst_B,2025-12-09 21:29:57,medium
TXN-2019437,legit,,analyst_A,2025-12-09 21:45:01,high
TXN-2010605,legit,,analyst_A,2025-12-10 00:44:10,low
TXN-2017672,legit,,analyst_B,2025-12-10 00:46:33,high
TXN-2013920,legit,,analyst_B,2025-12-10 00:59:05,low
TXN-2002086,legit,,analyst_B,2025-12-10 01:00:14,low
TXN-2021266,legit,,analyst_B,2025-12-10 01:05:04,high
TXN-2023394,legit,,analyst_A,2025-12-10 01:08:37,medium
TXN-2015060,legit,,analyst_A,2025-12-10 01:10:52,medium
TXN-2000067,legit,,analyst_A,2025-12-10 01:20:33,high
TXN-2002895,legit,,analyst_A,2025-12-10 01:20:44,medium
TXN-2019774,legit,,analyst_B,2025-12-10 02:46:57,high
TXN-2005273,legit,,analyst_A,2025-12-10 02:49:27,low
TXN-2000638,legit,,analyst_A,2025-12-10 02:57:49,medium
TXN-2002535,legit,,analyst_A,2025-12-10 02:58:24,medium
TXN-2014804,legit,,analyst_B,2025-12-10 03:10:35,medium
TXN-2022098,legit,,analyst_A,2025-12-10 03:17:35,high
TXN-2006870,legit,,analyst_B,2025-12-10 03:49:01,medium
TXN-2001990,legit,,analyst_B,2025-12-10 04:01:44,low
TXN-2007910,legit,,analyst_B,2025-12-10 04:27:47,medium
TXN-2022694,legit,,analyst_A,2025-12-10 05:47:34,high
TXN-2012199,legit,,analyst_A,2025-12-10 06:06:37,medium
TXN-2020719,legit,,analyst_B,2025-12-10 07:23:25,medium
TXN-2011989,legit,,analyst_A,2025-12-10 08:24:47,low
TXN-2002677,legit,,analyst_A,2025-12-10 08:47:43,high
TXN-2004504,legit,,analyst_A,2025-12-10 09:22:00,medium
TXN-2012661,legit,,analyst_B,2025-12-10 09:50:45,high
TXN-2009774,legit,,analyst_A,2025-12-10 10:46:56,high
TXN-2013365,legit,,analyst_A,2025-12-10 13:02:48,medium
TXN-2002350,legit,,analyst_A,2025-12-10 13:44:30,medium
TXN-2024019,legit,,analyst_A,2025-12-10 14:18:31,high
TXN-2017090,legit,,analyst_A,2025-12-10 14:31:51,high
TXN-2018961,legit,,analyst_B,2025-12-10 15:05:31,high
TXN-2016339,legit,,analyst_A,2025-12-10 15:54:28,high
TXN-2011238,legit,,analyst_A,2025-12-10 15:56:19,medium
TXN-2009777,legit,,analyst_B,2025-12-10 16:01:32,high
TXN-2002204,legit,,analyst_B,2025-12-10 16:26:49,low
TXN-2006448,legit,,analyst_A,2025-12-10 16:43:56,medium
TXN-2003267,legit,,analyst_A,2025-12-10 16:49:48,high
TXN-2022490,legit,,analyst_B,2025-12-10 17:53:43,medium
TXN-2024644,legit,,analyst_A,2025-12-10 18:00:33,high
TXN-2002095,legit,,analyst_A,2025-12-10 19:57:14,low
TXN-2016937,legit,,analyst_B,2025-12-10 20:39:20,low
TXN-2018915,legit,,analyst_A,2025-12-10 21:31:59,high
TXN-2021718,legit,,analyst_A,2025-12-10 21:53:26,medium
TXN-2004557,legit,,analyst_A,2025-12-11 00:46:58,medium
TXN-2014983,legit,,analyst_A,2025-12-11 01:24:04,high
TXN-2011904,legit,,analyst_B,2025-12-11 01:36:12,medium
TXN-2012853,legit,,analyst_A,2025-12-11 02:45:23,high
TXN-2021378,legit,,analyst_A,2025-12-11 02:49:06,medium
TXN-2005225,legit,,analyst_A,2025-12-11 02:49:17,medium
TXN-2001990,legit,,analyst_A,2025-12-11 04:01:44,high
TXN-2010590,legit,,analyst_A,2025-12-11 04:45:59,medium
TXN-2003714,legit,,analyst_A,2025-12-11 05:11:50,medium
TXN-2018471,legit,,analyst_A,2025-12-11 06:20:15,medium
TXN-2003953,legit,,analyst_B,2025-12-11 06:24:27,high
TXN-2020265,legit,,analyst_A,2025-12-11 07:37:08,medium
TXN-2005343,legit,,analyst_A,2025-12-11 09:13:05,medium
TXN-2014664,legit,,analyst_A,2025-12-11 09:30:16,high
TXN-2015626,legit,,analyst_A,2025-12-11 12:38:03,low
TXN-2012752,legit,,analyst_B,2025-12-11 13:40:40,high
TXN-2000501,legit,,analyst_A,2025-12-11 14:34:52,low
TXN-2020427,legit,,analyst_A,2025-12-11 15:42:04,low
TXN-2007314,legit,,analyst_A,2025-12-11 15:47:24,medium
TXN-2001796,fraud,sim_swap,analyst_B,2025-12-11 17:15:48,medium
TXN-2000204,legit,,analyst_A,2025-12-11 18:48:46,high
TXN-2020964,legit,,analyst_B,2025-12-11 19:16:56,low
TXN-2002688,legit,,analyst_B,2025-12-11 20:06:03,medium
TXN-2022322,legit,,analyst_A,2025-12-11 21:10:53,medium
TXN-2002823,legit,,analyst_A,2025-12-12 00:26:23,high
TXN-2012599,legit,,analyst_B,2025-12-12 00:44:00,medium
TXN-2024712,legit,,analyst_B,2025-12-12 01:00:13,high
TXN-2008317,legit,,analyst_B,2025-12-12 02:30:46,medium
TXN-2011769,fraud,merchant_collusion,analyst_B,2025-12-12 02:48:57,medium
TXN-2020808,legit,,analyst_B,2025-12-12 04:31:08,medium
TXN-2010557,legit,,analyst_B,2025-12-12 04:56:58,low
TXN-2016676,legit,,analyst_B,2025-12-12 07:21:10,low
TXN-2023904,legit,,analyst_A,2025-12-12 08:09:39,medium
TXN-2003759,legit,,analyst_A,2025-12-12 09:33:39,low
TXN-2012776,legit,,analyst_A,2025-12-12 10:12:36,medium
TXN-2002622,legit,,analyst_A,2025-12-12 10:35:49,low
TXN-2017817,legit,,analyst_B,2025-12-12 10:48:46,medium
TXN-2023232,legit,,analyst_B,2025-12-12 11:28:21,medium
TXN-2013792,legit,,analyst_A,2025-12-12 11:28:40,medium
TXN-2002752,legit,,analyst_A,2025-12-12 11:48:11,high
TXN-2002366,legit,,analyst_A,2025-12-12 12:57:45,high
TXN-2020306,legit,,analyst_A,2025-12-12 13:48:52,medium
TXN-2003767,legit,,analyst_A,2025-12-12 14:14:54,high
TXN-2008901,legit,,analyst_B,2025-12-12 14:31:31,high
TXN-2003277,legit,,analyst_B,2025-12-12 14:52:28,medium
TXN-2016163,legit,,analyst_A,2025-12-12 16:47:44,low
TXN-2023517,legit,,analyst_A,2025-12-12 17:00:35,high
TXN-2000837,legit,,analyst_B,2025-12-12 17:27:12,medium
TXN-2008066,legit,,analyst_A,2025-12-12 19:50:09,high
TXN-2008608,legit,,analyst_B,2025-12-12 19:50:24,high
TXN-2012679,legit,,analyst_A,2025-12-12 20:48:59,low
TXN-2002627,legit,,analyst_B,2025-12-12 21:05:09,high
TXN-2008255,legit,,analyst_B,2025-12-12 22:13:25,high
TXN-2024551,legit,,analyst_B,2025-12-12 22:48:39,medium
TXN-2008655,legit,,analyst_A,2025-12-13 01:09:33,low
TXN-2011996,legit,,analyst_A,2025-12-13 02:21:51,high
TXN-2013134,legit,,analyst_B,2025-12-13 02:41:15,medium
TXN-2009259,legit,,analyst_A,2025-12-13 03:51:52,high
TXN-2007623,legit,,analyst_A,2025-12-13 04:48:00,high
TXN-2014754,legit,,analyst_A,2025-12-13 05:13:00,high
TXN-2023418,legit,,analyst_A,2025-12-13 06:26:35,high
TXN-2007995,legit,,analyst_B,2025-12-13 09:57:40,medium
TXN-2022331,legit,,analyst_A,2025-12-13 10:12:28,medium
TXN-2005426,legit,,analyst_A,2025-12-13 10:30:01,medium
TXN-2007427,legit,,analyst_B,2025-12-13 10:37:09,medium
TXN-2003949,legit,,analyst_B,2025-12-13 10:55:30,medium
TXN-2000674,legit,,analyst_A,2025-12-13 11:27:50,high
TXN-2009107,legit,,analyst_B,2025-12-13 11:31:12,high
TXN-2015607,legit,,analyst_B,2025-12-13 12:20:25,low
TXN-2024245,legit,,analyst_B,2025-12-13 12:35:41,high
TXN-2007969,legit,,analyst_A,2025-12-13 13:22:41,high
TXN-2013410,legit,,analyst_A,2025-12-13 13:53:57,high
TXN-2019534,legit,,analyst_A,2025-12-13 14:11:43,medium
TXN-2000638,legit,,analyst_B,2025-12-13 14:57:49,high
TXN-2009607,legit,,analyst_A,2025-12-13 15:03:50,medium
TXN-2021310,legit,,analyst_B,2025-12-13 15:36:15,medium
TXN-2006997,legit,,analyst_A,2025-12-13 16:31:55,medium
TXN-2024661,legit,,analyst_B,2025-12-13 16:46:09,low
TXN-2013087,legit,,analyst_B,2025-12-13 19:57:58,medium
TXN-2015336,legit,,analyst_A,2025-12-13 20:02:22,low
TXN-2022740,legit,,analyst_B,2025-12-13 20:41:26,medium
TXN-2006794,legit,,analyst_A,2025-12-13 21:05:40,low
TXN-2023219,legit,,analyst_B,2025-12-13 21:41:08,high
TXN-2014862,legit,,analyst_A,2025-12-13 21:45:25,medium
TXN-2021040,legit,,analyst_B,2025-12-13 22:50:00,medium
TXN-2000398,legit,,analyst_B,2025-12-13 23:42:34,high
TXN-2018221,legit,,analyst_A,2025-12-14 01:11:09,high
TXN-2019980,legit,,analyst_A,2025-12-14 01:34:11,medium
TXN-2017738,legit,,analyst_B,2025-12-14 01:54:17,low
TXN-2017874,legit,,analyst_B,2025-12-14 02:27:56,low
TXN-2014104,legit,,analyst_B,2025-12-14 02:53:38,high
TXN-2012803,legit,,analyst_A,2025-12-14 03:20:59,low
TXN-2009454,legit,,analyst_A,2025-12-14 03:43:55,medium
TXN-2016591,legit,,analyst_A,2025-12-14 07:31:30,medium
TXN-2024777,legit,,analyst_B,2025-12-14 07:50:07,medium
TXN-2013416,legit,,analyst_A,2025-12-14 08:55:53,medium
TXN-2023635,legit,,analyst_B,2025-12-14 10:26:31,high
TXN-2014169,legit,,analyst_A,2025-12-14 10:49:57,medium
TXN-2012179,legit,,analyst_A,2025-12-14 11:20:44,medium
TXN-2020044,legit,,analyst_A,2025-12-14 12:52:58,high
TXN-2015977,legit,,analyst_A,2025-12-14 12:54:49,medium
TXN-2009576,legit,,analyst_A,2025-12-14 14:39:40,high
TXN-2001881,legit,,analyst_B,2025-12-14 15:01:16,high
TXN-2009383,legit,,analyst_B,2025-12-14 15:32:38,medium
TXN-2006480,legit,,analyst_B,2025-12-14 16:38:53,medium
TXN-2000062,legit,,analyst_A,2025-12-14 17:11:34,high
TXN-2024852,legit,,analyst_B,2025-12-14 17:22:38,high
TXN-2002334,legit,,analyst_B,2025-12-14 17:44:06,low
TXN-2004832,legit,,analyst_A,2025-12-14 21:13:14,low
TXN-2005420,legit,,analyst_B,2025-12-14 21:26:30,high
TXN-2017559,legit,,analyst_B,2025-12-14 21:32:50,low
TXN-2024490,legit,,analyst_A,2025-12-14 21:41:01,medium
TXN-2013470,legit,,analyst_B,2025-12-14 21:48:32,low
TXN-2003179,legit,,analyst_A,2025-12-14 23:50:18,high
TXN-2004471,legit,,analyst_A,2025-12-15 03:35:58,medium
TXN-2016766,legit,,analyst_A,2025-12-15 05:09:33,low
TXN-2022346,legit,,analyst_A,2025-12-15 06:06:59,medium
TXN-2017904,legit,,analyst_B,2025-12-15 07:23:03,medium
TXN-2017241,legit,,analyst_A,2025-12-15 09:31:57,high
TXN-2018898,legit,,analyst_A,2025-12-15 11:12:59,medium
TXN-2013028,legit,,analyst_B,2025-12-15 11:47:16,high
TXN-2019709,legit,,analyst_B,2025-12-15 12:12:31,high
TXN-2007677,legit,,analyst_A,2025-12-15 12:34:13,low
TXN-2003687,legit,,analyst_A,2025-12-15 13:07:49,low
TXN-2011860,legit,,analyst_B,2025-12-15 13:48:29,high
TXN-2022616,legit,,analyst_B,2025-12-15 14:35:27,medium
TXN-2011466,legit,,analyst_A,2025-12-15 15:39:05,medium
TXN-2006176,legit,,analyst_A,2025-12-15 15:54:28,medium
TXN-2024257,legit,,analyst_B,2025-12-15 15:57:26,medium
TXN-2013346,legit,,analyst_B,2025-12-15 17:02:59,high
TXN-2023656,legit,,analyst_A,2025-12-15 17:41:04,medium
TXN-2007092,legit,,analyst_A,2025-12-15 19:09:48,high
TXN-2007242,legit,,analyst_B,2025-12-15 20:21:07,low
TXN-2007316,legit,,analyst_A,2025-12-15 20:42:50,medium
TXN-2004039,legit,,analyst_B,2025-12-15 21:42:15,medium
TXN-2011367,legit,,analyst_B,2025-12-15 22:41:20,high
TXN-2014941,legit,,analyst_B,2025-12-15 22:43:16,medium
TXN-2006828,legit,,analyst_A,2025-12-15 23:21:19,high
TXN-2000398,legit,,analyst_A,2025-12-16 00:42:34,low
TXN-2021229,legit,,analyst_A,2025-12-16 01:37:51,high
TXN-2004425,legit,,analyst_B,2025-12-16 01:42:06,medium
TXN-2022438,legit,,analyst_A,2025-12-16 02:52:14,medium
TXN-2009929,legit,,analyst_B,2025-12-16 03:03:39,high
TXN-2007183,legit,,analyst_B,2025-12-16 03:04:45,high
TXN-2008597,legit,,analyst_A,2025-12-16 03:05:39,medium
TXN-2013048,legit,,analyst_B,2025-12-16 06:02:54,low
TXN-2012527,legit,,analyst_A,2025-12-16 06:26:43,high
TXN-2005761,legit,,analyst_B,2025-12-16 06:32:03,medium
TXN-2001426,legit,,analyst_A,2025-12-16 06:44:36,high
TXN-2019490,legit,,analyst_A,2025-12-16 06:51:54,medium
TXN-2004529,legit,,analyst_B,2025-12-16 07:49:16,low
TXN-2005229,legit,,analyst_A,2025-12-16 08:20:44,high
TXN-2013124,legit,,analyst_B,2025-12-16 09:12:34,medium
TXN-2009978,legit,,analyst_A,2025-12-16 09:18:02,high
TXN-2002223,legit,,analyst_B,2025-12-16 11:05:13,medium
TXN-2017608,legit,,analyst_B,2025-12-16 11:24:19,low
TXN-2001627,legit,,analyst_A,2025-12-16 15:45:38,medium
TXN-2018990,legit,,analyst_B,2025-12-16 16:14:05,high
TXN-2010044,legit,,analyst_B,2025-12-16 16:18:35,high
TXN-2004047,legit,,analyst_A,2025-12-16 16:55:19,high
TXN-2024778,legit,,analyst_B,2025-12-16 16:58:26,medium
TXN-2012605,legit,,analyst_A,2025-12-16 17:18:24,medium
TXN-2006436,legit,,analyst_B,2025-12-16 18:40:25,high
TXN-2006738,legit,,analyst_B,2025-12-16 18:51:03,medium
TXN-2022576,legit,,analyst_A,2025-12-16 20:22:50,high
TXN-2003905,legit,,analyst_B,2025-12-16 20:37:31,low
TXN-2006108,legit,,analyst_B,2025-12-16 21:36:32,medium
TXN-2004650,legit,,analyst_A,2025-12-16 22:16:24,low
TXN-2019685,legit,,analyst_A,2025-12-16 23:03:39,high
TXN-2009202,legit,,analyst_B,2025-12-17 00:22:06,medium
TXN-2002990,legit,,analyst_B,2025-12-17 00:33:01,medium
TXN-2005291,legit,,analyst_A,2025-12-17 02:57:12,high
TXN-2024500,legit,,analyst_A,2025-12-17 04:28:41,high
TXN-2017673,legit,,analyst_B,2025-12-17 04:57:46,medium
TXN-2014956,legit,,analyst_A,2025-12-17 05:27:51,high
TXN-2021141,legit,,analyst_B,2025-12-17 07:00:10,medium
TXN-2016329,legit,,analyst_B,2025-12-17 07:12:09,high
TXN-2009385,legit,,analyst_A,2025-12-17 07:18:34,low
TXN-2007657,legit,,analyst_B,2025-12-17 07:46:32,medium
TXN-2006662,legit,,analyst_B,2025-12-17 08:17:52,medium
TXN-2016132,legit,,analyst_B,2025-12-17 09:20:50,high
TXN-2019408,legit,,analyst_B,2025-12-17 10:33:39,medium
TXN-2019221,legit,,analyst_A,2025-12-17 13:07:35,low
TXN-2004847,legit,,analyst_A,2025-12-17 14:15:27,medium
TXN-2014648,legit,,analyst_A,2025-12-17 14:40:28,high
TXN-2009317,legit,,analyst_A,2025-12-17 14:49:30,medium
TXN-2023056,legit,,analyst_A,2025-12-17 15:20:24,medium
TXN-2022538,legit,,analyst_A,2025-12-17 16:57:59,low
TXN-2011038,legit,,analyst_B,2025-12-17 16:58:44,medium
TXN-2008412,legit,,analyst_A,2025-12-17 17:20:16,high
TXN-2020360,legit,,analyst_B,2025-12-17 17:42:10,medium
TXN-2011120,legit,,analyst_A,2025-12-17 18:11:32,high
TXN-2014632,legit,,analyst_A,2025-12-17 18:40:22,high
TXN-2009140,legit,,analyst_A,2025-12-17 18:45:27,medium
TXN-2005586,legit,,analyst_A,2025-12-17 19:13:49,low
TXN-2012235,legit,,analyst_B,2025-12-17 19:33:43,medium
TXN-2019135,legit,,analyst_B,2025-12-17 19:43:50,high
TXN-2005149,legit,,analyst_A,2025-12-17 21:00:40,medium
TXN-2002399,legit,,analyst_B,2025-12-17 21:20:16,high
TXN-2020346,legit,,analyst_B,2025-12-17 21:49:05,medium
TXN-2022607,legit,,analyst_A,2025-12-17 21:59:14,medium
TXN-2010491,legit,,analyst_B,2025-12-18 02:51:13,high
TXN-2021696,legit,,analyst_B,2025-12-18 02:57:19,high
TXN-2012206,legit,,analyst_B,2025-12-18 05:07:45,medium
TXN-2018366,legit,,analyst_B,2025-12-18 05:09:36,medium
TXN-2004848,legit,,analyst_A,2025-12-18 06:27:35,medium
TXN-2000393,legit,,analyst_B,2025-12-18 07:03:46,high
TXN-2003427,legit,,analyst_A,2025-12-18 08:25:44,medium
TXN-2008382,legit,,analyst_B,2025-12-18 09:01:47,medium
TXN-2011746,legit,,analyst_B,2025-12-18 11:12:43,low
TXN-2009797,legit,,analyst_A,2025-12-18 11:19:19,medium
TXN-2009203,legit,,analyst_B,2025-12-18 12:50:23,medium
TXN-2024407,legit,,analyst_A,2025-12-18 13:00:13,medium
TXN-2003591,legit,,analyst_A,2025-12-18 14:36:51,low
TXN-2014934,legit,,analyst_A,2025-12-18 14:50:25,high
TXN-2008387,legit,,analyst_B,2025-12-18 17:42:54,low
TXN-2020454,legit,,analyst_A,2025-12-18 19:14:57,medium
TXN-2016924,legit,,analyst_A,2025-12-18 19:25:49,medium
TXN-2011980,legit,,analyst_A,2025-12-18 20:51:34,high
TXN-2018734,legit,,analyst_B,2025-12-18 21:19:12,medium
TXN-2022463,legit,,analyst_A,2025-12-18 21:49:17,medium
TXN-2018832,legit,,analyst_A,2025-12-18 22:14:19,high
TXN-2018696,legit,,analyst_B,2025-12-18 22:39:40,high
TXN-2020130,legit,,analyst_A,2025-12-18 23:00:13,medium
TXN-2005165,legit,,analyst_A,2025-12-19 00:19:01,high
TXN-2013946,legit,,analyst_B,2025-12-19 01:44:19,low
TXN-2024057,legit,,analyst_B,2025-12-19 04:51:53,high
TXN-2018203,legit,,analyst_A,2025-12-19 07:36:44,medium
TXN-2019504,legit,,analyst_A,2025-12-19 07:38:12,high
TXN-2007872,legit,,analyst_A,2025-12-19 09:54:58,medium
TXN-2003050,legit,,analyst_B,2025-12-19 10:15:28,low
TXN-2012632,legit,,analyst_A,2025-12-19 10:20:57,medium
TXN-2013798,legit,,analyst_A,2025-12-19 14:24:06,medium
TXN-2009774,legit,,analyst_B,2025-12-19 14:46:56,high
TXN-2009547,legit,,analyst_B,2025-12-19 15:09:11,low
TXN-2012027,legit,,analyst_B,2025-12-19 15:50:16,medium
TXN-2000429,legit,,analyst_B,2025-12-19 16:27:00,medium
TXN-2005302,legit,,analyst_A,2025-12-19 17:38:26,medium
TXN-2013941,legit,,analyst_A,2025-12-19 20:40:23,low
TXN-2004934,legit,,analyst_A,2025-12-20 02:14:20,high
TXN-2001408,legit,,analyst_B,2025-12-20 04:11:03,medium
TXN-2000479,legit,,analyst_B,2025-12-20 04:55:27,high
TXN-2013708,legit,,analyst_B,2025-12-20 07:16:13,high
TXN-2021822,legit,,analyst_A,2025-12-20 08:23:26,medium
TXN-2010391,legit,,analyst_A,2025-12-20 08:32:51,medium
TXN-2020799,legit,,analyst_B,2025-12-20 08:40:41,high
TXN-2018615,legit,,analyst_A,2025-12-20 10:52:41,low
TXN-2013805,legit,,analyst_B,2025-12-20 11:01:57,medium
TXN-2007437,legit,,analyst_B,2025-12-20 12:31:48,high
TXN-2008704,legit,,analyst_B,2025-12-20 12:38:13,high
TXN-2010749,legit,,analyst_B,2025-12-20 13:12:08,medium
TXN-2016253,legit,,analyst_A,2025-12-20 14:46:53,medium
TXN-2003847,legit,,analyst_B,2025-12-20 15:20:04,high
TXN-2004229,legit,,analyst_A,2025-12-20 15:23:35,high
TXN-2021636,legit,,analyst_B,2025-12-20 17:19:35,medium
TXN-2012721,legit,,analyst_A,2025-12-20 18:21:01,low
TXN-2008203,legit,,analyst_B,2025-12-20 19:04:28,medium
TXN-2012554,legit,,analyst_A,2025-12-20 19:32:26,medium
TXN-2008494,legit,,analyst_A,2025-12-20 20:22:36,medium
TXN-2002552,legit,,analyst_B,2025-12-20 20:37:37,low
TXN-2004360,legit,,analyst_A,2025-12-20 20:42:56,low
TXN-2018791,legit,,analyst_B,2025-12-20 20:44:47,medium
TXN-2000974,legit,,analyst_A,2025-12-20 21:06:13,low
TXN-2015988,legit,,analyst_A,2025-12-20 21:51:29,high
TXN-2017862,legit,,analyst_A,2025-12-20 22:53:44,low
TXN-2012216,legit,,analyst_A,2025-12-20 22:56:07,high
TXN-2016745,legit,,analyst_A,2025-12-20 23:29:09,low
TXN-2011075,legit,,analyst_A,2025-12-21 00:51:48,high
TXN-2014591,legit,,analyst_B,2025-12-21 01:36:53,low
TXN-2011851,legit,,analyst_B,2025-12-21 02:39:23,high
TXN-2000344,legit,,analyst_B,2025-12-21 02:41:26,medium
TXN-2019368,legit,,analyst_A,2025-12-21 02:41:28,medium
TXN-2021769,legit,,analyst_A,2025-12-21 03:21:34,low
TXN-2013008,legit,,analyst_A,2025-12-21 04:00:11,medium
TXN-2007336,legit,,analyst_A,2025-12-21 04:00:57,low
TXN-2000391,legit,,analyst_B,2025-12-21 04:34:20,medium
TXN-2022785,legit,,analyst_A,2025-12-21 05:02:05,medium
TXN-2014669,legit,,analyst_B,2025-12-21 05:08:58,high
TXN-2013529,legit,,analyst_A,2025-12-21 05:56:20,medium
TXN-2006765,legit,,analyst_A,2025-12-21 06:11:44,medium
TXN-2005312,legit,,analyst_A,2025-12-21 07:00:14,high
TXN-2016706,legit,,analyst_B,2025-12-21 08:03:32,high
TXN-2004489,legit,,analyst_B,2025-12-21 10:35:06,low
TXN-2024828,legit,,analyst_B,2025-12-21 11:59:00,high
TXN-2002096,legit,,analyst_A,2025-12-21 12:36:03,medium
TXN-2019645,legit,,analyst_A,2025-12-21 13:31:49,medium
TXN-2009889,legit,,analyst_A,2025-12-21 13:42:36,medium
TXN-2006275,legit,,analyst_B,2025-12-21 17:11:15,low
TXN-2013811,legit,,analyst_A,2025-12-21 18:42:00,medium
TXN-2023770,legit,,analyst_B,2025-12-21 18:51:19,high
TXN-2009746,legit,,analyst_B,2025-12-21 19:04:03,low
TXN-2013265,legit,,analyst_A,2025-12-21 20:32:19,high
TXN-2020492,legit,,analyst_A,2025-12-21 22:52:30,medium
TXN-2014046,legit,,analyst_B,2025-12-21 23:11:34,medium
TXN-2000153,legit,,analyst_B,2025-12-22 00:26:35,low
TXN-2003128,legit,,analyst_A,2025-12-22 01:53:57,low
TXN-2007581,legit,,analyst_B,2025-12-22 02:01:12,medium
TXN-2021763,legit,,analyst_B,2025-12-22 02:19:58,medium
TXN-2008995,legit,,analyst_A,2025-12-22 02:25:29,high
TXN-2002048,legit,,analyst_A,2025-12-22 02:45:23,medium
TXN-2024343,legit,,analyst_B,2025-12-22 02:50:08,medium
TXN-2021425,legit,,analyst_B,2025-12-22 04:38:29,medium
TXN-2009140,legit,,analyst_B,2025-12-22 04:45:27,high
TXN-2018423,legit,,analyst_A,2025-12-22 05:17:51,high
TXN-2012658,legit,,analyst_A,2025-12-22 06:06:13,high
TXN-2006282,legit,,analyst_A,2025-12-22 07:15:41,medium
TXN-2017925,legit,,analyst_B,2025-12-22 07:48:48,high
TXN-2019663,legit,,analyst_A,2025-12-22 08:22:16,medium
TXN-2012040,legit,,analyst_A,2025-12-22 09:34:05,medium
TXN-2008322,legit,,analyst_A,2025-12-22 09:56:20,medium
TXN-2001890,legit,,analyst_B,2025-12-22 10:13:31,high
TXN-2005306,legit,,analyst_A,2025-12-22 10:20:25,low
TXN-2001677,legit,,analyst_B,2025-12-22 10:35:36,high
TXN-2013794,legit,,analyst_B,2025-12-22 10:59:53,medium
TXN-2006077,legit,,analyst_A,2025-12-22 11:28:05,high
TXN-2024888,legit,,analyst_B,2025-12-22 11:53:17,low
TXN-2022281,legit,,analyst_A,2025-12-22 12:35:51,medium
TXN-2000028,legit,,analyst_B,2025-12-22 13:07:56,low
TXN-2005776,legit,,analyst_A,2025-12-22 13:17:16,high
TXN-2011762,legit,,analyst_A,2025-12-22 13:48:08,medium
TXN-2021677,legit,,analyst_A,2025-12-22 14:11:28,low
TXN-2024917,legit,,analyst_A,2025-12-22 14:57:32,medium
TXN-2016529,legit,,analyst_A,2025-12-22 15:33:10,medium
TXN-2018788,legit,,analyst_A,2025-12-22 16:25:57,high
TXN-2016904,legit,,analyst_B,2025-12-22 16:56:08,high
TXN-2001528,legit,,analyst_B,2025-12-22 17:11:49,high
TXN-2010462,legit,,analyst_A,2025-12-22 17:49:36,high
TXN-2005725,legit,,analyst_A,2025-12-22 19:00:29,low
TXN-2020534,legit,,analyst_B,2025-12-22 19:15:35,medium
TXN-2004948,legit,,analyst_A,2025-12-22 20:22:13,high
TXN-2020767,legit,,analyst_A,2025-12-22 20:49:29,low
TXN-2020718,legit,,analyst_A,2025-12-22 21:16:00,medium
TXN-2021527,legit,,analyst_A,2025-12-22 22:13:31,high
TXN-2002210,legit,,analyst_A,2025-12-22 23:29:03,low
TXN-2008067,legit,,analyst_A,2025-12-22 23:43:47,high
TXN-2007149,legit,,analyst_A,2025-12-23 02:01:33,low
TXN-2020554,legit,,analyst_B,2025-12-23 04:36:24,medium
TXN-2010678,legit,,analyst_B,2025-12-23 04:43:34,high
TXN-2015465,legit,,analyst_A,2025-12-23 06:34:13,medium
TXN-2024350,legit,,analyst_B,2025-12-23 07:21:18,high
TXN-2008263,legit,,analyst_A,2025-12-23 08:18:23,medium
TXN-2004062,legit,,analyst_B,2025-12-23 08:48:26,low
TXN-2016380,legit,,analyst_B,2025-12-23 11:28:03,medium
TXN-2021924,legit,,analyst_A,2025-12-23 11:46:23,medium
TXN-2009535,legit,,analyst_B,2025-12-23 15:35:20,medium
TXN-2003244,legit,,analyst_A,2025-12-23 17:42:04,high
TXN-2002332,legit,,analyst_A,2025-12-23 19:09:45,high
TXN-2010417,legit,,analyst_A,2025-12-23 19:23:32,medium
TXN-2002761,legit,,analyst_B,2025-12-23 19:31:39,high
TXN-2007938,legit,,analyst_A,2025-12-23 21:09:25,low
TXN-2003410,legit,,analyst_A,2025-12-23 21:42:59,medium
TXN-2006147,legit,,analyst_A,2025-12-23 21:53:58,high
TXN-2010973,legit,,analyst_B,2025-12-23 22:20:25,high
TXN-2002365,legit,,analyst_B,2025-12-24 00:12:16,medium
TXN-2020488,legit,,analyst_A,2025-12-24 00:55:34,high
TXN-2019720,legit,,analyst_A,2025-12-24 01:25:00,low
TXN-2022562,legit,,analyst_A,2025-12-24 02:37:56,high
TXN-2021073,legit,,analyst_B,2025-12-24 03:17:24,medium
TXN-2017125,legit,,analyst_A,2025-12-24 04:58:55,low
TXN-2002711,legit,,analyst_A,2025-12-24 05:04:59,high
TXN-2012379,legit,,analyst_B,2025-12-24 05:23:11,medium
TXN-2013622,legit,,analyst_A,2025-12-24 05:28:40,high
TXN-2006360,legit,,analyst_B,2025-12-24 06:00:08,low
TXN-2014422,legit,,analyst_B,2025-12-24 07:12:48,high
TXN-2022986,legit,,analyst_B,2025-12-24 08:24:12,medium
TXN-2021844,legit,,analyst_A,2025-12-24 09:23:25,high
TXN-2019350,legit,,analyst_A,2025-12-24 10:18:41,high
TXN-2007984,legit,,analyst_B,2025-12-24 11:18:32,high
TXN-2003823,legit,,analyst_A,2025-12-24 16:00:17,high
TXN-2009733,legit,,analyst_A,2025-12-24 16:26:13,medium
TXN-2011981,legit,,analyst_A,2025-12-24 17:55:45,medium
TXN-2007692,legit,,analyst_B,2025-12-24 18:50:45,medium
TXN-2024599,legit,,analyst_B,2025-12-24 19:13:57,high
TXN-2000244,legit,,analyst_B,2025-12-24 19:22:32,medium
TXN-2002770,legit,,analyst_B,2025-12-24 19:58:21,medium
TXN-2020215,legit,,analyst_B,2025-12-24 20:34:47,low
TXN-2018626,legit,,analyst_B,2025-12-24 21:37:31,high
TXN-2009300,legit,,analyst_A,2025-12-24 21:48:30,low
TXN-2024047,legit,,analyst_A,2025-12-24 23:08:29,high
TXN-2006807,legit,,analyst_B,2025-12-24 23:12:34,high
TXN-2010580,legit,,analyst_B,2025-12-25 00:13:10,high
TXN-2000261,legit,,analyst_B,2025-12-25 00:39:57,medium
TXN-2020328,legit,,analyst_B,2025-12-25 00:52:58,high
TXN-2013406,legit,,analyst_B,2025-12-25 01:06:44,high
TXN-2003606,legit,,analyst_B,2025-12-25 01:19:06,high
TXN-2014368,legit,,analyst_A,2025-12-25 02:45:32,low
TXN-2019101,legit,,analyst_A,2025-12-25 05:41:11,high
TXN-2012565,legit,,analyst_A,2025-12-25 07:17:28,medium
TXN-2005530,legit,,analyst_B,2025-12-25 07:40:57,low
TXN-2018971,legit,,analyst_A,2025-12-25 08:08:15,high
TXN-2024422,legit,,analyst_A,2025-12-25 08:58:47,low
TXN-2009248,legit,,analyst_B,2025-12-25 10:37:16,high
TXN-2007505,legit,,analyst_A,2025-12-25 10:51:05,high
TXN-2019358,legit,,analyst_A,2025-12-25 14:10:30,low
TXN-2021199,legit,,analyst_B,2025-12-25 14:27:55,low
TXN-2005679,legit,,analyst_A,2025-12-25 15:02:30,medium
TXN-2022204,legit,,analyst_B,2025-12-25 16:07:58,low
TXN-2008323,legit,,analyst_B,2025-12-25 16:44:07,medium
TXN-2000356,legit,,analyst_A,2025-12-25 17:20:14,low
TXN-2005382,legit,,analyst_A,2025-12-25 17:28:36,low
TXN-2001807,legit,,analyst_B,2025-12-25 17:56:09,medium
TXN-2007145,legit,,analyst_B,2025-12-25 19:06:36,low
TXN-2016593,legit,,analyst_B,2025-12-25 21:22:06,medium
TXN-2003288,legit,,analyst_A,2025-12-25 22:28:02,low
TXN-2012358,legit,,analyst_A,2025-12-26 00:23:19,medium
TXN-2013891,legit,,analyst_A,2025-12-26 00:29:13,high
TXN-2005527,legit,,analyst_B,2025-12-26 00:32:40,medium
TXN-2013941,legit,,analyst_B,2025-12-26 00:40:23,medium
TXN-2020475,legit,,analyst_A,2025-12-26 03:07:45,medium
TXN-2005697,legit,,analyst_A,2025-12-26 05:06:18,medium
TXN-2024251,legit,,analyst_B,2025-12-26 06:48:53,medium
TXN-2017329,legit,,analyst_B,2025-12-26 06:55:17,high
TXN-2012852,legit,,analyst_B,2025-12-26 07:04:19,low
TXN-2002039,legit,,analyst_B,2025-12-26 07:42:20,medium
TXN-2007923,legit,,analyst_B,2025-12-26 09:40:39,high
TXN-2024212,legit,,analyst_A,2025-12-26 11:18:08,medium
TXN-2009889,legit,,analyst_B,2025-12-26 11:42:36,medium
TXN-2017015,legit,,analyst_B,2025-12-26 13:03:39,medium
TXN-2001008,legit,,analyst_B,2025-12-26 13:33:50,high
TXN-2001719,legit,,analyst_B,2025-12-26 16:28:45,medium
TXN-2005510,legit,,analyst_B,2025-12-26 17:43:30,low
TXN-2007394,legit,,analyst_B,2025-12-26 18:20:29,low
TXN-2016336,legit,,analyst_B,2025-12-26 19:05:03,high
TXN-2021454,legit,,analyst_B,2025-12-26 19:34:02,high
TXN-2006095,legit,,analyst_B,2025-12-26 19:37:06,high
TXN-2002394,legit,,analyst_A,2025-12-26 22:48:04,high
TXN-2014672,legit,,analyst_B,2025-12-26 23:16:20,medium
TXN-2013084,legit,,analyst_A,2025-12-27 00:43:35,low
TXN-2019131,legit,,analyst_B,2025-12-27 03:50:56,low
TXN-2022407,legit,,analyst_B,2025-12-27 04:17:57,medium
TXN-2003398,legit,,analyst_A,2025-12-27 04:38:45,high
TXN-2011355,legit,,analyst_A,2025-12-27 06:10:01,medium
TXN-2018600,legit,,analyst_B,2025-12-27 06:41:28,medium
TXN-2023797,legit,,analyst_B,2025-12-27 07:45:03,medium
TXN-2002820,legit,,analyst_B,2025-12-27 08:15:47,low
TXN-2013583,legit,,analyst_B,2025-12-27 08:57:06,medium
TXN-2010436,legit,,analyst_A,2025-12-27 09:56:12,high
TXN-2007705,legit,,analyst_A,2025-12-27 10:00:59,low
TXN-2022206,legit,,analyst_A,2025-12-27 12:17:48,medium
TXN-2018405,legit,,analyst_A,2025-12-27 12:50:35,medium
TXN-2021233,legit,,analyst_B,2025-12-27 13:00:03,medium
TXN-2019847,legit,,analyst_B,2025-12-27 14:15:31,medium
TXN-2017918,legit,,analyst_B,2025-12-27 14:23:31,high
TXN-2017068,legit,,analyst_A,2025-12-27 15:36:47,high
TXN-2000627,legit,,analyst_B,2025-12-27 18:12:50,medium
TXN-2016512,legit,,analyst_B,2025-12-27 19:28:25,high
TXN-2013947,legit,,analyst_A,2025-12-27 19:42:21,medium
TXN-2013482,legit,,analyst_B,2025-12-27 20:27:01,medium
TXN-2019771,legit,,analyst_A,2025-12-27 21:10:23,high
TXN-2006339,legit,,analyst_B,2025-12-27 21:34:16,low
TXN-2023283,legit,,analyst_A,2025-12-27 21:49:58,medium
TXN-2011005,legit,,analyst_B,2025-12-27 22:33:00,high
TXN-2000803,legit,,analyst_B,2025-12-27 23:13:56,medium
TXN-2002356,legit,,analyst_A,2025-12-27 23:44:49,medium
TXN-2020741,legit,,analyst_A,2025-12-28 01:30:10,medium
TXN-2023670,legit,,analyst_B,2025-12-28 03:39:03,high
TXN-2013282,legit,,analyst_A,2025-12-28 04:09:04,medium
TXN-2007557,legit,,analyst_A,2025-12-28 07:25:00,high
TXN-2019412,legit,,analyst_A,2025-12-28 08:29:22,medium
TXN-2005201,legit,,analyst_B,2025-12-28 08:49:44,low
TXN-2007371,legit,,analyst_A,2025-12-28 09:05:24,low
TXN-2013064,legit,,analyst_A,2025-12-28 10:07:35,low
TXN-2007898,legit,,analyst_A,2025-12-28 10:09:19,high
TXN-2003564,legit,,analyst_A,2025-12-28 13:16:06,low
TXN-2009191,legit,,analyst_A,2025-12-28 14:28:24,high
TXN-2014174,legit,,analyst_B,2025-12-28 16:54:19,high
TXN-2001166,legit,,analyst_A,2025-12-28 16:56:01,high
TXN-2024143,legit,,analyst_A,2025-12-28 17:08:28,high
TXN-2024671,legit,,analyst_A,2025-12-28 17:53:50,medium
TXN-2012993,legit,,analyst_B,2025-12-28 18:44:17,low
TXN-2016058,legit,,analyst_B,2025-12-28 21:07:48,high
TXN-2003629,legit,,analyst_A,2025-12-28 23:18:52,low
TXN-2020509,legit,,analyst_A,2025-12-28 23:48:30,medium
TXN-2021178,legit,,analyst_B,2025-12-29 01:09:26,high
TXN-2004577,legit,,analyst_A,2025-12-29 01:50:34,medium
TXN-2020467,legit,,analyst_A,2025-12-29 01:53:05,high
TXN-2005908,legit,,analyst_B,2025-12-29 02:32:32,medium
TXN-2019117,legit,,analyst_A,2025-12-29 03:37:42,medium
TXN-2018818,legit,,analyst_A,2025-12-29 04:31:25,high
TXN-2023281,legit,,analyst_A,2025-12-29 05:00:01,medium
TXN-2009354,legit,,analyst_B,2025-12-29 05:26:36,low
TXN-2006969,legit,,analyst_A,2025-12-29 05:28:35,high
TXN-2018981,legit,,analyst_A,2025-12-29 05:33:13,low
TXN-2016420,legit,,analyst_B,2025-12-29 06:11:55,low
TXN-2016052,legit,,analyst_A,2025-12-29 09:42:00,high
TXN-2003951,legit,,analyst_A,2025-12-29 11:37:40,low
TXN-2000741,legit,,analyst_B,2025-12-29 11:45:14,medium
TXN-2023037,legit,,analyst_B,2025-12-29 12:09:59,high
TXN-2024399,legit,,analyst_A,2025-12-29 12:24:53,high
TXN-2021736,legit,,analyst_A,2025-12-29 14:21:53,high
TXN-2005267,legit,,analyst_B,2025-12-29 14:39:42,high
TXN-2020243,legit,,analyst_B,2025-12-29 15:24:39,high
TXN-2021014,legit,,analyst_B,2025-12-29 17:19:18,medium
TXN-2002343,legit,,analyst_A,2025-12-29 17:46:52,high
TXN-2007645,legit,,analyst_A,2025-12-29 17:55:45,low
TXN-2007134,legit,,analyst_A,2025-12-29 18:29:29,low
TXN-2006375,legit,,analyst_A,2025-12-29 20:20:10,medium
TXN-2022999,legit,,analyst_B,2025-12-29 20:26:21,medium
TXN-2021974,legit,,analyst_B,2025-12-29 20:32:48,medium
TXN-2004903,legit,,analyst_B,2025-12-29 21:25:09,low
TXN-2012436,legit,,analyst_B,2025-12-29 22:07:06,high
TXN-2003829,legit,,analyst_A,2025-12-29 22:36:11,high
TXN-2016984,legit,,analyst_A,2025-12-29 22:39:38,medium
TXN-2000535,legit,,analyst_B,2025-12-29 23:35:29,high
TXN-2022765,legit,,analyst_B,2025-12-29 23:37:23,medium
TXN-2008404,legit,,analyst_B,2025-12-30 01:58:38,high
TXN-2017533,legit,,analyst_B,2025-12-30 02:46:27,medium
TXN-2022641,legit,,analyst_A,2025-12-30 02:50:01,medium
TXN-2008466,legit,,analyst_A,2025-12-30 02:54:42,high
TXN-2019623,legit,,analyst_A,2025-12-30 03:10:22,high
TXN-2016539,legit,,analyst_B,2025-12-30 04:20:27,low
TXN-2018237,legit,,analyst_B,2025-12-30 05:16:33,medium
TXN-2014949,legit,,analyst_B,2025-12-30 07:36:44,low
TXN-2024385,legit,,analyst_B,2025-12-30 08:36:10,medium
TXN-2004207,legit,,analyst_A,2025-12-30 09:02:49,high
TXN-2010290,legit,,analyst_A,2025-12-30 09:51:53,medium
TXN-2002403,legit,,analyst_A,2025-12-30 10:44:31,low
TXN-2005437,legit,,analyst_B,2025-12-30 11:40:36,medium
TXN-2022158,legit,,analyst_A,2025-12-30 11:50:02,medium
TXN-2024130,legit,,analyst_A,2025-12-30 12:19:20,medium
TXN-2012907,legit,,analyst_B,2025-12-30 13:50:16,high
TXN-2020388,legit,,analyst_A,2025-12-30 14:54:33,medium
TXN-2008035,legit,,analyst_A,2025-12-30 15:50:48,high
TXN-2022420,legit,,analyst_A,2025-12-30 15:55:19,medium
TXN-2023140,legit,,analyst_B,2025-12-30 17:25:01,high
TXN-2001532,legit,,analyst_A,2025-12-30 17:28:56,medium
TXN-2002749,legit,,analyst_A,2025-12-30 17:51:32,high
TXN-2019580,legit,,analyst_A,2025-12-30 18:05:23,low
TXN-2020692,legit,,analyst_A,2025-12-30 18:22:35,medium
TXN-2005962,legit,,analyst_B,2025-12-30 18:39:33,high
TXN-2024830,legit,,analyst_A,2025-12-30 18:57:04,high
TXN-2019800,legit,,analyst_A,2025-12-30 20:45:44,medium
TXN-2004473,legit,,analyst_A,2025-12-30 22:47:13,medium
TXN-2021800,legit,,analyst_A,2025-12-30 23:26:53,medium
TXN-2020527,legit,,analyst_A,2025-12-31 00:40:39,high
TXN-2002175,legit,,analyst_B,2025-12-31 01:00:30,low
TXN-2015478,legit,,analyst_B,2025-12-31 01:25:27,low
TXN-2022251,legit,,analyst_A,2025-12-31 01:28:43,low
TXN-2016135,legit,,analyst_A,2025-12-31 01:35:25,high
TXN-2019687,legit,,analyst_A,2025-12-31 02:10:31,low
TXN-2003184,legit,,analyst_A,2025-12-31 03:36:50,medium
TXN-2017385,legit,,analyst_A,2025-12-31 04:32:24,medium
TXN-2015772,legit,,analyst_B,2025-12-31 04:50:08,medium
TXN-2008671,legit,,analyst_B,2025-12-31 05:22:27,medium
TXN-2014922,legit,,analyst_B,2025-12-31 05:32:24,medium
TXN-2021866,legit,,analyst_A,2025-12-31 06:56:05,high
TXN-2004490,legit,,analyst_A,2025-12-31 07:29:34,high
TXN-2021334,legit,,analyst_A,2025-12-31 08:24:50,high
TXN-2018552,legit,,analyst_A,2025-12-31 09:49:30,low
TXN-2012177,legit,,analyst_A,2025-12-31 10:50:09,medium
TXN-2006719,legit,,analyst_B,2025-12-31 11:08:57,high
TXN-2010220,legit,,analyst_A,2025-12-31 12:02:14,medium
TXN-2017488,legit,,analyst_B,2025-12-31 12:28:04,low
TXN-2005943,legit,,analyst_B,2025-12-31 12:52:23,medium
TXN-2009840,legit,,analyst_A,2025-12-31 13:06:24,high
TXN-2011204,legit,,analyst_A,2025-12-31 14:33:22,low
TXN-2004254,legit,,analyst_B,2025-12-31 15:16:11,low
TXN-2002553,legit,,analyst_B,2025-12-31 17:09:17,medium
TXN-2020757,legit,,analyst_B,2025-12-31 17:09:24,low
TXN-2009041,legit,,analyst_B,2025-12-31 17:55:18,high
TXN-2009151,legit,,analyst_B,2025-12-31 18:20:16,high
TXN-2016628,legit,,analyst_B,2025-12-31 18:42:21,medium
TXN-2012463,legit,,analyst_A,2025-12-31 22:01:52,medium
TXN-2023008,legit,,analyst_B,2025-12-31 22:15:05,high
TXN-2000078,legit,,analyst_B,2025-12-31 22:42:20,low
TXN-2008964,legit,,analyst_B,2025-12-31 23:56:16,medium
TXN-2010760,legit,,analyst_A,2026-01-01 00:44:06,high
TXN-2016161,legit,,analyst_B,2026-01-01 01:55:11,medium
TXN-2014037,legit,,analyst_B,2026-01-01 02:16:21,high
TXN-2022153,legit,,analyst_A,2026-01-01 02:31:56,high
TXN-2017051,legit,,analyst_A,2026-01-01 03:15:43,medium
TXN-2021580,legit,,analyst_B,2026-01-01 04:17:41,high
TXN-2014434,legit,,analyst_B,2026-01-01 04:25:33,high
TXN-2008113,legit,,analyst_B,2026-01-01 05:15:47,high
TXN-2016088,legit,,analyst_B,2026-01-01 06:46:17,high
TXN-2023082,legit,,analyst_B,2026-01-01 06:55:02,medium
TXN-2022165,legit,,analyst_B,2026-01-01 06:58:40,high
TXN-2022489,legit,,analyst_A,2026-01-01 07:32:25,medium
TXN-2010715,legit,,analyst_B,2026-01-01 08:38:14,high
TXN-2018395,legit,,analyst_B,2026-01-01 08:40:16,medium
TXN-2013406,legit,,analyst_A,2026-01-01 09:06:44,medium
TXN-2016612,legit,,analyst_B,2026-01-01 09:22:29,high
TXN-2008244,legit,,analyst_B,2026-01-01 09:24:11,medium
TXN-2001452,legit,,analyst_A,2026-01-01 10:23:01,high
TXN-2010259,legit,,analyst_B,2026-01-01 10:52:55,high
TXN-2008325,legit,,analyst_A,2026-01-01 11:09:52,medium
TXN-2008909,legit,,analyst_A,2026-01-01 11:24:12,medium
TXN-2023746,legit,,analyst_B,2026-01-01 12:52:15,high
TXN-2019956,legit,,analyst_A,2026-01-01 13:12:39,medium
TXN-2006641,legit,,analyst_A,2026-01-01 13:31:53,high
TXN-2021452,legit,,analyst_B,2026-01-01 13:33:45,high
TXN-2000410,legit,,analyst_A,2026-01-01 14:16:53,medium
TXN-2012020,legit,,analyst_B,2026-01-01 14:26:45,high
TXN-2021074,legit,,analyst_B,2026-01-01 16:22:56,high
TXN-2017969,legit,,analyst_A,2026-01-01 16:26:36,high
TXN-2022548,legit,,analyst_A,2026-01-01 16:38:53,medium
TXN-2003267,legit,,analyst_B,2026-01-01 16:49:48,medium
TXN-2010948,legit,,analyst_B,2026-01-01 17:01:24,high
TXN-2014264,legit,,analyst_B,2026-01-01 17:16:24,low
TXN-2015487,legit,,analyst_B,2026-01-01 17:23:40,low
TXN-2013058,legit,,analyst_A,2026-01-01 17:56:12,high
TXN-2021135,legit,,analyst_B,2026-01-01 18:09:23,high
TXN-2013610,legit,,analyst_B,2026-01-01 18:24:55,high
TXN-2017835,legit,,analyst_A,2026-01-01 18:35:13,low
TXN-2016076,legit,,analyst_A,2026-01-01 21:05:18,medium
TXN-2024083,legit,,analyst_A,2026-01-01 21:22:28,high
TXN-2005378,legit,,analyst_B,2026-01-01 22:32:50,low
TXN-2005211,legit,,analyst_A,2026-01-01 22:49:57,medium
TXN-2008380,legit,,analyst_B,2026-01-01 22:53:02,medium
TXN-2020786,legit,,analyst_A,2026-01-01 23:10:21,high
TXN-2010696,legit,,analyst_A,2026-01-01 23:37:21,high
TXN-2005270,legit,,analyst_A,2026-01-02 00:30:53,medium
TXN-2000197,legit,,analyst_B,2026-01-02 01:42:21,low
TXN-2003814,legit,,analyst_B,2026-01-02 02:13:19,high
TXN-2022884,legit,,analyst_A,2026-01-02 02:19:07,medium
TXN-2012518,legit,,analyst_B,2026-01-02 02:24:44,high
TXN-2007176,legit,,analyst_B,2026-01-02 03:29:31,high
TXN-2022982,legit,,analyst_A,2026-01-02 03:39:36,medium
TXN-2014053,legit,,analyst_B,2026-01-02 05:02:46,low
TXN-2010226,legit,,analyst_A,2026-01-02 05:41:40,low
TXN-2013849,legit,,analyst_B,2026-01-02 06:06:04,high
TXN-2009210,legit,,analyst_A,2026-01-02 06:10:55,medium
TXN-2022728,legit,,analyst_A,2026-01-02 06:23:52,medium
TXN-2021667,legit,,analyst_B,2026-01-02 06:51:19,medium
TXN-2018650,legit,,analyst_A,2026-01-02 07:02:18,low
TXN-2023656,legit,,analyst_B,2026-01-02 07:41:04,medium
TXN-2005568,legit,,analyst_A,2026-01-02 07:47:19,high
TXN-2004545,legit,,analyst_A,2026-01-02 07:51:11,low
TXN-2019664,legit,,analyst_B,2026-01-02 07:53:46,medium
TXN-2004818,legit,,analyst_B,2026-01-02 08:08:53,medium
TXN-2005945,legit,,analyst_B,2026-01-02 08:20:00,medium
TXN-2023628,legit,,analyst_B,2026-01-02 09:24:29,medium
TXN-2007758,legit,,analyst_A,2026-01-02 09:46:30,medium
TXN-2018339,legit,,analyst_B,2026-01-02 09:52:28,high
TXN-2011913,legit,,analyst_A,2026-01-02 10:29:50,medium
TXN-2024123,legit,,analyst_B,2026-01-02 10:41:42,medium
TXN-2023030,legit,,analyst_B,2026-01-02 13:11:28,medium
TXN-2002317,legit,,analyst_A,2026-01-02 13:23:48,high
TXN-2012904,legit,,analyst_A,2026-01-02 15:15:56,low
TXN-2020596,legit,,analyst_B,2026-01-02 16:22:24,low
TXN-2010540,legit,,analyst_B,2026-01-02 17:21:00,medium
TXN-2021622,legit,,analyst_B,2026-01-02 17:25:03,high
TXN-2009490,legit,,analyst_A,2026-01-02 17:32:26,medium
TXN-2011383,legit,,analyst_B,2026-01-02 18:01:14,low
TXN-2024476,legit,,analyst_B,2026-01-02 18:34:12,medium
TXN-2021829,legit,,analyst_B,2026-01-02 18:59:25,high
TXN-2003431,legit,,analyst_B,2026-01-02 19:40:11,high
TXN-2000609,legit,,analyst_A,2026-01-02 22:27:33,high
TXN-2009827,legit,,analyst_B,2026-01-03 01:10:43,low
TXN-2015930,legit,,analyst_A,2026-01-03 02:03:09,high
TXN-2009126,legit,,analyst_A,2026-01-03 02:13:10,low
TXN-2022786,legit,,analyst_A,2026-01-03 03:01:31,low
TXN-2017126,legit,,analyst_A,2026-01-03 03:50:32,low
TXN-2015677,legit,,analyst_B,2026-01-03 08:03:00,low
TXN-2002572,legit,,analyst_A,2026-01-03 09:28:17,high
TXN-2020237,legit,,analyst_A,2026-01-03 09:51:27,high
TXN-2023207,legit,,analyst_A,2026-01-03 10:59:45,medium
TXN-2004508,legit,,analyst_A,2026-01-03 13:26:48,high
TXN-2022342,legit,,analyst_A,2026-01-03 14:08:12,low
TXN-2017487,legit,,analyst_B,2026-01-03 14:12:49,medium
TXN-2016975,legit,,analyst_A,2026-01-03 15:57:50,low
TXN-2020589,legit,,analyst_A,2026-01-03 17:09:43,low
TXN-2002835,legit,,analyst_B,2026-01-03 17:14:50,medium
TXN-2001671,legit,,analyst_A,2026-01-03 17:54:33,high
TXN-2011102,legit,,analyst_A,2026-01-03 18:10:00,low
TXN-2015049,legit,,analyst_B,2026-01-03 18:14:53,low
TXN-2023209,legit,,analyst_A,2026-01-03 19:46:44,medium
TXN-2002962,legit,,analyst_B,2026-01-03 19:56:16,high
TXN-2007468,legit,,analyst_A,2026-01-03 21:11:00,low
TXN-2013494,legit,,analyst_B,2026-01-03 21:58:57,high
TXN-2022135,legit,,analyst_A,2026-01-03 22:44:12,high
TXN-2022405,legit,,analyst_A,2026-01-03 23:05:33,high
TXN-2013385,legit,,analyst_B,2026-01-03 23:59:58,high
TXN-2015540,legit,,analyst_A,2026-01-04 00:35:47,high
TXN-2007359,legit,,analyst_B,2026-01-04 00:43:41,medium
TXN-2022716,legit,,analyst_B,2026-01-04 04:10:31,medium
TXN-2007066,legit,,analyst_A,2026-01-04 06:39:26,low
TXN-2008355,legit,,analyst_B,2026-01-04 06:40:49,medium
TXN-2009612,legit,,analyst_B,2026-01-04 06:51:02,high
TXN-2020880,legit,,analyst_A,2026-01-04 07:09:05,medium
TXN-2010369,legit,,analyst_A,2026-01-04 07:55:23,high
TXN-2024095,legit,,analyst_A,2026-01-04 08:10:43,medium
TXN-2023886,legit,,analyst_A,2026-01-04 09:34:33,high
TXN-2003505,legit,,analyst_A,2026-01-04 11:01:42,medium
TXN-2007335,legit,,analyst_A,2026-01-04 11:29:56,high
TXN-2000034,legit,,analyst_A,2026-01-04 11:52:02,high
TXN-2003880,legit,,analyst_A,2026-01-04 12:13:16,medium
TXN-2020072,legit,,analyst_A,2026-01-04 13:54:55,medium
TXN-2000424,legit,,analyst_A,2026-01-04 14:19:46,high
TXN-2009474,legit,,analyst_B,2026-01-04 14:25:38,high
TXN-2021927,legit,,analyst_B,2026-01-04 14:57:01,low
TXN-2014076,legit,,analyst_B,2026-01-04 15:03:59,medium
TXN-2014649,legit,,analyst_B,2026-01-04 15:47:28,low
TXN-2018730,legit,,analyst_B,2026-01-04 16:02:28,low
TXN-2001493,legit,,analyst_B,2026-01-04 16:06:39,medium
TXN-2010709,legit,,analyst_B,2026-01-04 16:55:01,high
TXN-2010021,legit,,analyst_B,2026-01-04 18:38:18,high
TXN-2018313,legit,,analyst_A,2026-01-04 19:11:43,medium
TXN-2017919,legit,,analyst_A,2026-01-04 20:26:28,high
TXN-2012052,legit,,analyst_B,2026-01-04 20:47:44,medium
TXN-2015488,legit,,analyst_B,2026-01-04 22:42:01,medium
TXN-2021774,legit,,analyst_B,2026-01-04 22:45:51,medium
TXN-2024178,legit,,analyst_A,2026-01-04 23:51:14,medium
TXN-2013430,legit,,analyst_B,2026-01-05 01:56:41,medium
TXN-2013420,legit,,analyst_B,2026-01-05 03:01:24,high
TXN-2014902,legit,,analyst_B,2026-01-05 03:32:56,low
TXN-2021764,legit,,analyst_A,2026-01-05 04:30:57,medium
TXN-2024726,legit,,analyst_A,2026-01-05 04:33:47,high
TXN-2005930,legit,,analyst_A,2026-01-05 04:59:41,medium
TXN-2020604,legit,,analyst_A,2026-01-05 05:21:48,medium
TXN-2000510,legit,,analyst_A,2026-01-05 06:39:48,medium
TXN-2005868,legit,,analyst_B,2026-01-05 09:51:01,medium
TXN-2005153,legit,,analyst_B,2026-01-05 11:02:04,low
TXN-2003281,legit,,analyst_A,2026-01-05 11:02:16,high
TXN-2012470,legit,,analyst_A,2026-01-05 18:07:22,high
TXN-2006847,legit,,analyst_B,2026-01-05 18:46:17,low
TXN-2020861,legit,,analyst_B,2026-01-05 18:46:56,high
TXN-2024905,legit,,analyst_A,2026-01-05 19:05:22,medium
TXN-2003805,legit,,analyst_B,2026-01-05 21:56:47,medium
TXN-2006443,legit,,analyst_B,2026-01-05 22:44:33,low
TXN-2000057,legit,,analyst_B,2026-01-05 22:46:44,medium
TXN-2017222,legit,,analyst_B,2026-01-06 00:04:00,high
TXN-2009102,legit,,analyst_B,2026-01-06 00:26:01,high
TXN-2006877,legit,,analyst_A,2026-01-06 00:43:46,high
TXN-2016213,legit,,analyst_A,2026-01-06 01:16:52,low
TXN-2000708,legit,,analyst_B,2026-01-06 02:05:17,medium
TXN-2005527,legit,,analyst_A,2026-01-06 02:32:40,medium
TXN-2010576,legit,,analyst_A,2026-01-06 03:01:44,high
TXN-2009134,legit,,analyst_A,2026-01-06 05:31:39,high
TXN-2003128,legit,,analyst_B,2026-01-06 05:53:57,medium
TXN-2007659,legit,,analyst_B,2026-01-06 06:21:12,medium
TXN-2012935,legit,,analyst_A,2026-01-06 06:30:36,medium
TXN-2002115,legit,,analyst_A,2026-01-06 07:10:27,low
TXN-2023653,legit,,analyst_A,2026-01-06 08:14:04,high
TXN-2016306,legit,,analyst_B,2026-01-06 09:18:50,high
TXN-2018434,legit,,analyst_A,2026-01-06 09:26:53,medium
TXN-2014975,legit,,analyst_A,2026-01-06 11:09:11,medium
TXN-2018330,legit,,analyst_A,2026-01-06 11:38:02,high
TXN-2002779,legit,,analyst_B,2026-01-06 12:28:55,high
TXN-2011600,legit,,analyst_B,2026-01-06 12:29:32,high
TXN-2004886,legit,,analyst_B,2026-01-06 13:31:22,medium
TXN-2014790,legit,,analyst_A,2026-01-06 13:54:26,high
TXN-2013088,legit,,analyst_A,2026-01-06 14:17:16,high
TXN-2020303,legit,,analyst_A,2026-01-06 15:06:41,high
TXN-2017837,legit,,analyst_A,2026-01-06 15:15:51,medium
TXN-2020741,legit,,analyst_B,2026-01-06 15:30:10,medium
TXN-2020017,legit,,analyst_A,2026-01-06 17:40:22,high
TXN-2006870,legit,,analyst_A,2026-01-06 18:49:01,high
TXN-2002638,legit,,analyst_A,2026-01-06 19:36:17,high
TXN-2001051,legit,,analyst_B,2026-01-06 20:39:32,medium
TXN-2019411,legit,,analyst_B,2026-01-06 22:01:04,low
TXN-2008578,legit,,analyst_A,2026-01-06 22:43:33,medium
TXN-2008780,legit,,analyst_B,2026-01-07 00:53:55,low
TXN-2009314,legit,,analyst_B,2026-01-07 01:29:13,medium
TXN-2014928,legit,,analyst_B,2026-01-07 01:50:32,high
TXN-2006441,legit,,analyst_B,2026-01-07 01:55:18,high
TXN-2006122,legit,,analyst_A,2026-01-07 02:43:28,medium
TXN-2018246,legit,,analyst_A,2026-01-07 02:44:39,medium
TXN-2021046,legit,,analyst_B,2026-01-07 03:16:10,high
TXN-2005909,legit,,analyst_A,2026-01-07 04:12:45,high
TXN-2009133,legit,,analyst_B,2026-01-07 04:59:55,medium
TXN-2010665,legit,,analyst_A,2026-01-07 05:06:45,medium
TXN-2011048,legit,,analyst_A,2026-01-07 06:05:30,high
TXN-2003639,legit,,analyst_A,2026-01-07 07:00:37,high
TXN-2024984,legit,,analyst_A,2026-01-07 07:15:13,high
TXN-2019710,legit,,analyst_B,2026-01-07 09:46:17,high
TXN-2007880,legit,,analyst_A,2026-01-07 09:57:36,medium
TXN-2018940,legit,,analyst_A,2026-01-07 10:16:32,high
TXN-2021106,legit,,analyst_A,2026-01-07 10:54:02,low
TXN-2024234,legit,,analyst_A,2026-01-07 11:18:06,high
TXN-2009828,legit,,analyst_B,2026-01-07 11:55:28,low
TXN-2003942,legit,,analyst_A,2026-01-07 12:16:51,high
TXN-2008607,legit,,analyst_B,2026-01-07 12:22:33,medium
TXN-2020371,legit,,analyst_B,2026-01-07 13:13:08,high
TXN-2021768,legit,,analyst_A,2026-01-07 13:17:07,low
TXN-2002570,legit,,analyst_B,2026-01-07 15:07:38,high
TXN-2013538,legit,,analyst_B,2026-01-07 15:16:39,low
TXN-2018478,legit,,analyst_A,2026-01-07 15:47:26,high
TXN-2021714,legit,,analyst_A,2026-01-07 16:30:00,high
TXN-2018960,legit,,analyst_B,2026-01-07 17:13:16,high
TXN-2004222,legit,,analyst_A,2026-01-07 18:52:37,medium
TXN-2023233,legit,,analyst_B,2026-01-07 20:49:41,low
TXN-2018481,legit,,analyst_A,2026-01-07 22:44:50,low
TXN-2017131,legit,,analyst_A,2026-01-07 23:32:37,medium
TXN-2022879,legit,,analyst_A,2026-01-08 00:46:09,low
TXN-2020651,legit,,analyst_A,2026-01-08 00:52:56,high
TXN-2001984,legit,,analyst_A,2026-01-08 00:57:00,medium
TXN-2000114,legit,,analyst_B,2026-01-08 01:31:26,low
TXN-2004828,legit,,analyst_B,2026-01-08 02:07:48,high
TXN-2003534,legit,,analyst_B,2026-01-08 03:18:18,medium
TXN-2022721,legit,,analyst_A,2026-01-08 03:30:55,high
TXN-2009686,legit,,analyst_A,2026-01-08 04:31:38,high
TXN-2022632,legit,,analyst_A,2026-01-08 05:52:06,medium
TXN-2017751,legit,,analyst_A,2026-01-08 06:49:08,medium
TXN-2012363,legit,,analyst_B,2026-01-08 07:18:58,medium
TXN-2013092,legit,,analyst_A,2026-01-08 08:11:37,medium
TXN-2014262,legit,,analyst_A,2026-01-08 08:58:40,high
TXN-2003708,legit,,analyst_A,2026-01-08 10:29:25,low
TXN-2006758,legit,,analyst_B,2026-01-08 10:38:43,high
TXN-2016799,legit,,analyst_A,2026-01-08 11:09:07,medium
TXN-2011292,legit,,analyst_A,2026-01-08 13:03:30,medium
TXN-2023169,legit,,analyst_B,2026-01-08 13:53:51,medium
TXN-2013007,legit,,analyst_A,2026-01-08 14:39:07,medium
TXN-2006899,legit,,analyst_A,2026-01-08 15:50:50,high
TXN-2022438,legit,,analyst_B,2026-01-08 17:52:14,medium
TXN-2019593,legit,,analyst_B,2026-01-08 18:58:28,low
TXN-2005863,legit,,analyst_B,2026-01-08 19:34:28,medium
TXN-2016439,legit,,analyst_B,2026-01-08 19:49:28,medium
TXN-2011359,legit,,analyst_A,2026-01-08 20:43:53,medium
TXN-2007064,legit,,analyst_A,2026-01-08 21:11:42,high
TXN-2004580,legit,,analyst_A,2026-01-08 22:02:13,medium
TXN-2008936,legit,,analyst_A,2026-01-08 22:26:03,medium
TXN-2020334,legit,,analyst_A,2026-01-09 00:44:13,medium
TXN-2019763,legit,,analyst_A,2026-01-09 01:28:04,medium
TXN-2005532,legit,,analyst_A,2026-01-09 02:20:10,high
TXN-2011532,legit,,analyst_B,2026-01-09 02:31:38,medium
TXN-2004374,legit,,analyst_B,2026-01-09 02:58:20,medium
TXN-2009708,legit,,analyst_A,2026-01-09 03:49:10,high
TXN-2022995,legit,,analyst_A,2026-01-09 03:55:19,low
TXN-2000463,legit,,analyst_A,2026-01-09 04:34:05,medium
TXN-2004143,legit,,analyst_B,2026-01-09 07:31:36,high
TXN-2020106,legit,,analyst_B,2026-01-09 07:35:21,medium
TXN-2008244,legit,,analyst_A,2026-01-09 09:24:11,high
TXN-2002327,legit,,analyst_B,2026-01-09 10:20:49,high
TXN-2005246,legit,,analyst_A,2026-01-09 11:36:48,high
TXN-2003563,legit,,analyst_B,2026-01-09 13:15:10,medium
TXN-2020089,legit,,analyst_B,2026-01-09 15:03:46,low
TXN-2019470,legit,,analyst_A,2026-01-09 17:36:17,medium
TXN-2017505,fraud,sim_swap,analyst_B,2026-01-09 17:40:40,medium
TXN-2003415,legit,,analyst_A,2026-01-09 18:10:54,high
TXN-2015218,legit,,analyst_B,2026-01-09 19:58:52,medium
TXN-2007682,legit,,analyst_A,2026-01-09 21:41:52,high
TXN-2022508,legit,,analyst_A,2026-01-09 22:06:03,medium
TXN-2019193,legit,,analyst_A,2026-01-09 22:51:05,high
TXN-2012870,legit,,analyst_A,2026-01-10 02:01:38,high
TXN-2022691,legit,,analyst_B,2026-01-10 02:13:08,medium
TXN-2024725,legit,,analyst_B,2026-01-10 02:24:21,low
TXN-2004843,legit,,analyst_A,2026-01-10 03:47:52,medium
TXN-2014826,legit,,analyst_B,2026-01-10 04:50:36,low
TXN-2020237,legit,,analyst_B,2026-01-10 04:51:27,medium
TXN-2001797,legit,,analyst_A,2026-01-10 05:45:06,medium
TXN-2014403,legit,,analyst_A,2026-01-10 05:46:34,medium
TXN-2012097,legit,,analyst_B,2026-01-10 07:02:40,high
TXN-2000163,legit,,analyst_B,2026-01-10 08:39:02,low
TXN-2017260,legit,,analyst_B,2026-01-10 09:17:43,low
TXN-2009623,legit,,analyst_A,2026-01-10 11:08:57,medium
TXN-2017006,legit,,analyst_A,2026-01-10 12:02:13,high
TXN-2004892,legit,,analyst_B,2026-01-10 13:23:38,high
TXN-2004947,legit,,analyst_B,2026-01-10 13:34:49,high
TXN-2010776,legit,,analyst_B,2026-01-10 16:25:30,high
TXN-2020619,legit,,analyst_A,2026-01-10 17:23:10,high
TXN-2019972,legit,,analyst_B,2026-01-10 17:28:18,medium
TXN-2007682,legit,,analyst_B,2026-01-10 17:41:52,high
TXN-2001294,legit,,analyst_A,2026-01-10 17:44:43,low
TXN-2021464,legit,,analyst_B,2026-01-10 18:27:46,medium
TXN-2014378,legit,,analyst_B,2026-01-10 18:55:43,medium
TXN-2020705,legit,,analyst_B,2026-01-10 19:10:21,high
TXN-2016736,legit,,analyst_A,2026-01-10 19:59:18,high
TXN-2018740,legit,,analyst_B,2026-01-10 20:37:20,high
TXN-2007947,legit,,analyst_B,2026-01-10 20:49:46,high
TXN-2004546,legit,,analyst_A,2026-01-10 23:34:17,medium
TXN-2003389,legit,,analyst_B,2026-01-11 01:26:34,high
TXN-2022368,legit,,analyst_A,2026-01-11 01:41:50,low
TXN-2003832,legit,,analyst_A,2026-01-11 02:18:33,low
TXN-2021399,legit,,analyst_A,2026-01-11 03:10:51,low
TXN-2019920,legit,,analyst_B,2026-01-11 03:36:51,high
TXN-2013533,legit,,analyst_B,2026-01-11 03:54:42,medium
TXN-2023361,legit,,analyst_B,2026-01-11 04:04:50,medium
TXN-2018747,legit,,analyst_A,2026-01-11 05:10:06,medium
TXN-2008218,legit,,analyst_B,2026-01-11 05:32:30,medium
TXN-2017722,legit,,analyst_A,2026-01-11 06:14:54,high
TXN-2016026,legit,,analyst_A,2026-01-11 06:55:36,low
TXN-2019831,legit,,analyst_A,2026-01-11 09:10:06,medium
TXN-2018862,legit,,analyst_A,2026-01-11 09:49:12,medium
TXN-2023053,legit,,analyst_A,2026-01-11 11:22:35,medium
TXN-2019440,fraud,merchant_collusion,analyst_A,2026-01-11 11:33:44,high
TXN-2017722,legit,,analyst_B,2026-01-11 12:14:54,medium
TXN-2000920,legit,,analyst_B,2026-01-11 12:45:01,high
TXN-2020565,legit,,analyst_B,2026-01-11 13:33:52,low
TXN-2016570,legit,,analyst_A,2026-01-11 13:38:42,medium
TXN-2017728,legit,,analyst_B,2026-01-11 16:25:30,medium
TXN-2000799,legit,,analyst_B,2026-01-11 17:29:52,high
TXN-2020974,legit,,analyst_A,2026-01-11 18:51:11,high
TXN-2017869,legit,,analyst_A,2026-01-11 18:56:57,medium
TXN-2012446,legit,,analyst_A,2026-01-11 19:17:00,medium
TXN-2018596,legit,,analyst_A,2026-01-11 19:22:49,high
TXN-2010130,legit,,analyst_B,2026-01-11 19:48:12,medium
TXN-2001478,legit,,analyst_B,2026-01-11 20:23:09,medium
TXN-2002772,legit,,analyst_B,2026-01-11 21:14:51,high
TXN-2018049,legit,,analyst_B,2026-01-11 22:38:28,high
TXN-2001036,legit,,analyst_A,2026-01-11 22:45:11,high
TXN-2021359,legit,,analyst_B,2026-01-11 22:55:15,high
TXN-2012305,legit,,analyst_A,2026-01-11 23:16:50,medium
TXN-2006075,legit,,analyst_B,2026-01-11 23:36:26,medium
TXN-2002499,legit,,analyst_B,2026-01-12 00:05:04,high
TXN-2004378,legit,,analyst_B,2026-01-12 00:29:37,high
TXN-2000301,legit,,analyst_A,2026-01-12 00:30:21,low
TXN-2002053,legit,,analyst_B,2026-01-12 02:18:23,low
TXN-2023807,legit,,analyst_A,2026-01-12 04:26:44,medium
TXN-2002335,legit,,analyst_B,2026-01-12 05:29:42,medium
TXN-2006042,legit,,analyst_B,2026-01-12 05:49:44,medium
TXN-2005818,legit,,analyst_A,2026-01-12 07:40:17,high
TXN-2011189,legit,,analyst_A,2026-01-12 08:48:37,high
TXN-2017431,legit,,analyst_A,2026-01-12 10:03:29,high
TXN-2014407,legit,,analyst_B,2026-01-12 11:40:59,high
TXN-2004746,legit,,analyst_A,2026-01-12 12:08:27,medium
TXN-2022752,legit,,analyst_B,2026-01-12 12:58:15,medium
TXN-2004891,legit,,analyst_A,2026-01-12 13:08:57,high
TXN-2001420,legit,,analyst_A,2026-01-12 13:16:47,low
TXN-2015414,legit,,analyst_B,2026-01-12 13:27:56,high
TXN-2013267,legit,,analyst_A,2026-01-12 14:04:22,low
TXN-2019118,legit,,analyst_A,2026-01-12 14:46:31,medium
TXN-2016987,legit,,analyst_B,2026-01-12 15:37:41,high
TXN-2012975,legit,,analyst_B,2026-01-12 15:39:10,low
TXN-2005055,legit,,analyst_B,2026-01-12 16:28:11,medium
TXN-2011097,legit,,analyst_A,2026-01-12 19:32:00,low
TXN-2018031,legit,,analyst_B,2026-01-12 21:00:44,high
TXN-2019918,fraud,stolen_credential,analyst_B,2026-01-12 21:23:04,high
TXN-2007009,legit,,analyst_A,2026-01-12 21:57:00,high
TXN-2023965,legit,,analyst_B,2026-01-12 22:11:31,medium
TXN-2007589,legit,,analyst_B,2026-01-13 00:07:25,medium
TXN-2022644,legit,,analyst_B,2026-01-13 00:58:27,medium
TXN-2011076,legit,,analyst_B,2026-01-13 01:19:43,medium
TXN-2011044,legit,,analyst_B,2026-01-13 01:42:19,medium
TXN-2002843,legit,,analyst_A,2026-01-13 03:07:50,medium
TXN-2013915,legit,,analyst_A,2026-01-13 03:14:17,medium
TXN-2013551,legit,,analyst_A,2026-01-13 05:28:42,medium
TXN-2016839,legit,,analyst_B,2026-01-13 06:06:03,high
TXN-2007206,legit,,analyst_B,2026-01-13 06:06:55,high
TXN-2001547,legit,,analyst_A,2026-01-13 07:01:48,high
TXN-2014305,legit,,analyst_B,2026-01-13 07:21:39,medium
TXN-2013517,legit,,analyst_A,2026-01-13 09:38:38,medium
TXN-2009840,legit,,analyst_B,2026-01-13 10:06:24,low
TXN-2012792,legit,,analyst_A,2026-01-13 10:09:02,low
TXN-2023890,legit,,analyst_A,2026-01-13 10:36:25,medium
TXN-2014539,legit,,analyst_A,2026-01-13 11:18:29,high
TXN-2014509,legit,,analyst_A,2026-01-13 11:24:19,medium
TXN-2024135,legit,,analyst_A,2026-01-13 13:47:44,medium
TXN-2000801,legit,,analyst_A,2026-01-13 13:51:28,high
TXN-2001522,legit,,analyst_B,2026-01-13 14:59:03,high
TXN-2008807,legit,,analyst_B,2026-01-13 15:02:13,high
TXN-2010389,legit,,analyst_A,2026-01-13 15:51:58,high
TXN-2024758,legit,,analyst_A,2026-01-13 16:08:28,high
TXN-2022409,legit,,analyst_A,2026-01-13 16:37:00,medium
TXN-2016778,legit,,analyst_B,2026-01-13 17:50:49,high
TXN-2004527,legit,,analyst_A,2026-01-13 18:32:59,medium
TXN-2001128,legit,,analyst_A,2026-01-13 23:08:45,medium
TXN-2014133,legit,,analyst_A,2026-01-13 23:30:23,low
TXN-2021366,legit,,analyst_A,2026-01-13 23:34:22,medium
TXN-2006467,legit,,analyst_B,2026-01-13 23:51:42,medium
TXN-2005365,legit,,analyst_A,2026-01-14 01:38:49,low
TXN-2020269,legit,,analyst_B,2026-01-14 02:15:58,high
TXN-2010148,legit,,analyst_A,2026-01-14 02:17:00,medium
TXN-2003688,legit,,analyst_A,2026-01-14 04:33:11,medium
TXN-2019121,legit,,analyst_A,2026-01-14 06:11:36,medium
TXN-2003274,legit,,analyst_A,2026-01-14 06:11:37,high
TXN-2018138,legit,,analyst_B,2026-01-14 06:11:47,low
TXN-2019841,legit,,analyst_A,2026-01-14 06:20:49,low
TXN-2008653,legit,,analyst_A,2026-01-14 06:23:55,medium
TXN-2024982,legit,,analyst_A,2026-01-14 07:36:22,medium
TXN-2019002,legit,,analyst_B,2026-01-14 07:58:16,high
TXN-2005664,legit,,analyst_A,2026-01-14 08:29:51,high
TXN-2007151,legit,,analyst_A,2026-01-14 08:50:51,medium
TXN-2017505,legit,,analyst_A,2026-01-14 09:40:40,medium
TXN-2010063,legit,,analyst_A,2026-01-14 09:55:04,high
TXN-2013677,legit,,analyst_B,2026-01-14 11:25:35,high
TXN-2006226,legit,,analyst_A,2026-01-14 11:27:46,medium
TXN-2002220,legit,,analyst_A,2026-01-14 13:02:31,medium
TXN-2010591,legit,,analyst_A,2026-01-14 14:14:46,low
TXN-2015478,legit,,analyst_A,2026-01-14 14:25:27,medium
TXN-2003366,legit,,analyst_A,2026-01-14 15:12:21,high
TXN-2023578,legit,,analyst_A,2026-01-14 16:10:38,high
TXN-2019322,legit,,analyst_A,2026-01-14 17:17:48,low
TXN-2012691,legit,,analyst_A,2026-01-14 17:26:31,medium
TXN-2024327,legit,,analyst_A,2026-01-14 17:36:16,high
TXN-2004581,legit,,analyst_B,2026-01-14 18:32:37,high
TXN-2003316,legit,,analyst_B,2026-01-14 22:04:39,low
TXN-2000849,legit,,analyst_A,2026-01-15 00:51:09,high
TXN-2024278,legit,,analyst_A,2026-01-15 01:06:57,low
TXN-2023836,legit,,analyst_A,2026-01-15 07:20:11,low
TXN-2015617,legit,,analyst_B,2026-01-15 08:30:28,high
TXN-2007531,legit,,analyst_A,2026-01-15 10:15:04,high
TXN-2022496,legit,,analyst_B,2026-01-15 11:30:17,low
TXN-2012088,legit,,analyst_B,2026-01-15 11:58:54,low
TXN-2016256,legit,,analyst_A,2026-01-15 14:03:43,high
TXN-2007426,legit,,analyst_B,2026-01-15 14:12:07,high
TXN-2006682,legit,,analyst_B,2026-01-15 14:28:28,medium
TXN-2000950,legit,,analyst_A,2026-01-15 14:52:12,medium
TXN-2017756,legit,,analyst_A,2026-01-15 15:04:34,high
TXN-2022417,legit,,analyst_A,2026-01-15 15:18:33,medium
TXN-2015374,legit,,analyst_B,2026-01-15 17:13:45,medium
TXN-2004159,legit,,analyst_A,2026-01-15 17:19:00,medium
TXN-2016162,legit,,analyst_A,2026-01-15 19:52:54,medium
TXN-2012884,legit,,analyst_A,2026-01-15 20:14:25,medium
TXN-2020126,legit,,analyst_A,2026-01-15 21:16:29,medium
TXN-2011330,legit,,analyst_A,2026-01-15 21:21:26,high
TXN-2005947,legit,,analyst_B,2026-01-15 22:34:53,low
TXN-2020278,legit,,analyst_A,2026-01-15 22:48:32,medium
TXN-2012226,legit,,analyst_A,2026-01-15 23:36:40,high
TXN-2009686,legit,,analyst_B,2026-01-16 02:31:38,low
TXN-2003587,legit,,analyst_B,2026-01-16 02:37:34,medium
TXN-2015479,legit,,analyst_B,2026-01-16 02:38:22,low
TXN-2005476,legit,,analyst_B,2026-01-16 03:05:23,high
TXN-2021267,legit,,analyst_A,2026-01-16 03:14:39,high
TXN-2007727,legit,,analyst_A,2026-01-16 03:45:34,low
TXN-2015348,legit,,analyst_A,2026-01-16 05:18:19,low
TXN-2011571,legit,,analyst_A,2026-01-16 06:28:33,medium
TXN-2008346,legit,,analyst_A,2026-01-16 06:43:09,high
TXN-2019853,legit,,analyst_A,2026-01-16 06:50:51,medium
TXN-2008820,legit,,analyst_A,2026-01-16 08:01:53,high
TXN-2015309,legit,,analyst_B,2026-01-16 08:07:39,low
TXN-2019543,legit,,analyst_B,2026-01-16 09:34:13,high
TXN-2017294,legit,,analyst_A,2026-01-16 10:10:24,low
TXN-2020855,legit,,analyst_A,2026-01-16 10:44:54,medium
TXN-2007223,legit,,analyst_A,2026-01-16 11:32:23,high
TXN-2018909,legit,,analyst_A,2026-01-16 12:07:38,low
TXN-2016740,legit,,analyst_A,2026-01-16 12:27:07,low
TXN-2004426,legit,,analyst_B,2026-01-16 13:08:06,medium
TXN-2004024,legit,,analyst_B,2026-01-16 13:31:34,medium
TXN-2000533,legit,,analyst_A,2026-01-16 14:33:56,high
TXN-2009756,legit,,analyst_A,2026-01-16 14:45:39,high
TXN-2023158,legit,,analyst_A,2026-01-16 14:56:21,high
TXN-2023269,legit,,analyst_A,2026-01-16 15:29:23,medium
TXN-2005016,legit,,analyst_B,2026-01-16 18:35:45,high
TXN-2016674,legit,,analyst_A,2026-01-16 18:41:20,medium
TXN-2020870,legit,,analyst_A,2026-01-16 18:44:44,low
TXN-2000138,legit,,analyst_A,2026-01-16 18:56:38,high
TXN-2009226,legit,,analyst_A,2026-01-16 19:48:03,medium
TXN-2010598,legit,,analyst_A,2026-01-16 20:13:10,high
TXN-2021587,legit,,analyst_A,2026-01-16 21:10:18,high
TXN-2024317,legit,,analyst_B,2026-01-16 22:19:31,low
TXN-2011410,legit,,analyst_A,2026-01-16 23:34:17,high
TXN-2007089,legit,,analyst_B,2026-01-16 23:53:00,high
TXN-2021161,legit,,analyst_B,2026-01-17 00:06:27,low
TXN-2022529,legit,,analyst_B,2026-01-17 00:48:39,high
TXN-2017495,legit,,analyst_A,2026-01-17 01:17:23,low
TXN-2006041,legit,,analyst_A,2026-01-17 02:18:08,medium
TXN-2014516,legit,,analyst_B,2026-01-17 03:06:56,low
TXN-2019018,legit,,analyst_A,2026-01-17 05:02:25,high
TXN-2001556,legit,,analyst_A,2026-01-17 05:16:08,high
TXN-2000675,legit,,analyst_B,2026-01-17 06:22:21,medium
TXN-2003116,legit,,analyst_B,2026-01-17 08:48:09,low
TXN-2004567,legit,,analyst_B,2026-01-17 11:07:15,low
TXN-2006938,legit,,analyst_A,2026-01-17 11:12:08,high
TXN-2000789,legit,,analyst_A,2026-01-17 12:05:30,medium
TXN-2012766,legit,,analyst_B,2026-01-17 12:51:30,medium
TXN-2008108,legit,,analyst_B,2026-01-17 13:03:57,medium
TXN-2012119,legit,,analyst_B,2026-01-17 13:58:50,low
TXN-2021473,legit,,analyst_B,2026-01-17 14:08:17,low
TXN-2001479,legit,,analyst_B,2026-01-17 14:10:14,high
TXN-2001729,legit,,analyst_A,2026-01-17 14:33:50,high
TXN-2007038,legit,,analyst_A,2026-01-17 14:59:57,medium
TXN-2008203,legit,,analyst_A,2026-01-17 15:04:28,medium
TXN-2012194,legit,,analyst_A,2026-01-17 15:08:07,medium
TXN-2005644,legit,,analyst_A,2026-01-17 15:58:09,low
TXN-2024529,legit,,analyst_B,2026-01-17 16:02:15,low
TXN-2003782,legit,,analyst_A,2026-01-17 17:26:15,medium
TXN-2001246,legit,,analyst_A,2026-01-17 18:23:36,low
TXN-2010980,legit,,analyst_B,2026-01-17 19:01:23,medium
TXN-2020977,legit,,analyst_B,2026-01-17 19:28:13,medium
TXN-2001489,legit,,analyst_B,2026-01-17 20:15:53,low
TXN-2007541,legit,,analyst_B,2026-01-17 20:19:42,high
TXN-2005428,legit,,analyst_B,2026-01-17 20:27:03,medium
TXN-2022120,legit,,analyst_A,2026-01-17 20:43:26,medium
TXN-2010139,legit,,analyst_A,2026-01-17 21:29:32,medium
TXN-2007641,legit,,analyst_B,2026-01-17 21:45:47,medium
TXN-2021709,legit,,analyst_A,2026-01-17 22:58:34,medium
TXN-2009098,legit,,analyst_A,2026-01-18 01:28:48,high
TXN-2018336,legit,,analyst_B,2026-01-18 03:15:35,medium
TXN-2006320,legit,,analyst_B,2026-01-18 05:00:46,high
TXN-2015095,legit,,analyst_B,2026-01-18 07:47:27,high
TXN-2020520,legit,,analyst_A,2026-01-18 08:41:33,high
TXN-2011203,legit,,analyst_A,2026-01-18 09:43:12,medium
TXN-2007581,legit,,analyst_A,2026-01-18 10:01:12,high
TXN-2019991,legit,,analyst_A,2026-01-18 11:50:53,high
TXN-2014971,legit,,analyst_A,2026-01-18 13:03:20,medium
TXN-2010473,legit,,analyst_B,2026-01-18 14:03:49,low
TXN-2024345,legit,,analyst_A,2026-01-18 14:11:28,high
TXN-2009538,legit,,analyst_A,2026-01-18 14:31:44,medium
TXN-2022008,legit,,analyst_A,2026-01-18 14:50:35,low
TXN-2012929,legit,,analyst_B,2026-01-18 15:04:43,low
TXN-2010448,legit,,analyst_A,2026-01-18 16:05:13,medium
TXN-2013051,legit,,analyst_A,2026-01-18 16:40:31,low
TXN-2020601,legit,,analyst_A,2026-01-18 16:44:26,low
TXN-2009516,legit,,analyst_B,2026-01-18 16:51:28,medium
TXN-2015827,legit,,analyst_B,2026-01-18 17:07:56,low
TXN-2022232,legit,,analyst_B,2026-01-18 17:17:35,high
TXN-2008981,legit,,analyst_A,2026-01-18 18:13:32,low
TXN-2020170,legit,,analyst_A,2026-01-18 18:14:25,medium
TXN-2010890,legit,,analyst_A,2026-01-18 18:24:02,medium
TXN-2000985,legit,,analyst_B,2026-01-18 18:45:07,medium
TXN-2017987,legit,,analyst_A,2026-01-18 18:54:25,medium
TXN-2022131,legit,,analyst_A,2026-01-18 19:17:27,low
TXN-2016568,legit,,analyst_B,2026-01-18 19:55:50,low
TXN-2004041,legit,,analyst_B,2026-01-18 20:25:04,high
TXN-2023858,legit,,analyst_B,2026-01-18 20:45:12,low
TXN-2004429,legit,,analyst_A,2026-01-18 21:36:39,low
TXN-2006429,legit,,analyst_A,2026-01-18 22:01:26,high
TXN-2009604,legit,,analyst_A,2026-01-18 23:41:54,high
TXN-2000136,legit,,analyst_B,2026-01-18 23:47:40,medium
TXN-2016941,legit,,analyst_B,2026-01-19 00:22:50,medium
TXN-2021383,legit,,analyst_A,2026-01-19 00:37:14,high
TXN-2023657,legit,,analyst_B,2026-01-19 01:22:56,medium
TXN-2009412,legit,,analyst_A,2026-01-19 02:49:56,high
TXN-2001788,legit,,analyst_A,2026-01-19 02:54:11,medium
TXN-2023692,legit,,analyst_B,2026-01-19 03:25:13,low
TXN-2007273,legit,,analyst_B,2026-01-19 03:27:20,medium
TXN-2017054,legit,,analyst_A,2026-01-19 03:29:47,high
TXN-2003051,legit,,analyst_A,2026-01-19 03:46:24,medium
TXN-2001980,legit,,analyst_A,2026-01-19 05:06:07,low
TXN-2015216,legit,,analyst_B,2026-01-19 07:13:32,high
TXN-2003143,legit,,analyst_B,2026-01-19 07:16:06,medium
TXN-2003719,legit,,analyst_B,2026-01-19 08:57:14,medium
TXN-2001018,legit,,analyst_A,2026-01-19 09:07:08,low
TXN-2022997,legit,,analyst_B,2026-01-19 10:19:23,medium
TXN-2022195,legit,,analyst_B,2026-01-19 10:51:27,medium
TXN-2022190,legit,,analyst_B,2026-01-19 11:01:29,high
TXN-2013957,legit,,analyst_A,2026-01-19 11:43:45,low
TXN-2004858,legit,,analyst_B,2026-01-19 13:02:32,medium
TXN-2010720,legit,,analyst_A,2026-01-19 13:14:44,medium
TXN-2011148,legit,,analyst_A,2026-01-19 13:58:33,high
TXN-2005608,legit,,analyst_A,2026-01-19 14:24:35,medium
TXN-2007653,legit,,analyst_B,2026-01-19 15:12:30,high
TXN-2010070,legit,,analyst_B,2026-01-19 15:16:39,high
TXN-2009844,legit,,analyst_B,2026-01-19 16:46:28,medium
TXN-2008713,legit,,analyst_B,2026-01-19 18:09:04,high
TXN-2006472,legit,,analyst_B,2026-01-19 19:27:33,low
TXN-2010402,legit,,analyst_B,2026-01-19 20:19:17,medium
TXN-2008867,legit,,analyst_A,2026-01-19 20:34:45,high
TXN-2001595,legit,,analyst_A,2026-01-19 22:54:00,low
TXN-2007258,legit,,analyst_B,2026-01-19 23:54:07,high
TXN-2006770,legit,,analyst_A,2026-01-20 00:25:53,medium
TXN-2012654,legit,,analyst_A,2026-01-20 01:20:08,high
TXN-2023748,legit,,analyst_B,2026-01-20 01:24:43,high
TXN-2014516,legit,,analyst_A,2026-01-20 03:06:56,high
TXN-2016085,legit,,analyst_B,2026-01-20 04:19:04,high
TXN-2006512,legit,,analyst_A,2026-01-20 05:13:33,medium
TXN-2006565,legit,,analyst_A,2026-01-20 06:15:44,low
TXN-2009138,legit,,analyst_A,2026-01-20 08:36:54,high
TXN-2018442,legit,,analyst_A,2026-01-20 09:24:12,low
TXN-2000735,legit,,analyst_A,2026-01-20 10:47:22,low
TXN-2009759,legit,,analyst_B,2026-01-20 11:11:06,high
TXN-2024330,legit,,analyst_A,2026-01-20 11:24:06,medium
TXN-2017312,legit,,analyst_B,2026-01-20 12:00:57,high
TXN-2004516,legit,,analyst_B,2026-01-20 13:35:51,medium
TXN-2003303,legit,,analyst_B,2026-01-20 14:25:24,high
TXN-2000945,legit,,analyst_B,2026-01-20 14:36:06,high
TXN-2012427,legit,,analyst_A,2026-01-20 14:37:35,low
TXN-2004707,legit,,analyst_A,2026-01-20 15:13:47,medium
TXN-2009205,legit,,analyst_A,2026-01-20 16:36:34,high
TXN-2013609,legit,,analyst_A,2026-01-20 17:12:23,high
TXN-2017325,legit,,analyst_A,2026-01-20 18:29:17,medium
TXN-2019423,legit,,analyst_A,2026-01-20 19:10:41,high
TXN-2010510,legit,,analyst_B,2026-01-20 19:11:10,medium
TXN-2007904,legit,,analyst_A,2026-01-20 21:32:55,high
TXN-2004486,legit,,analyst_B,2026-01-20 21:37:09,medium
TXN-2011830,legit,,analyst_B,2026-01-20 22:24:07,high
TXN-2021641,legit,,analyst_A,2026-01-20 23:23:39,high
TXN-2022263,legit,,analyst_A,2026-01-21 00:03:43,medium
TXN-2020586,legit,,analyst_A,2026-01-21 01:43:19,medium
TXN-2024769,legit,,analyst_A,2026-01-21 02:26:16,low
TXN-2005105,legit,,analyst_B,2026-01-21 02:49:49,low
TXN-2010680,legit,,analyst_B,2026-01-21 03:23:35,high
TXN-2020147,legit,,analyst_A,2026-01-21 05:09:36,high
TXN-2019033,legit,,analyst_B,2026-01-21 05:23:08,high
TXN-2009492,legit,,analyst_A,2026-01-21 05:24:11,medium
TXN-2009133,legit,,analyst_A,2026-01-21 06:59:55,medium
TXN-2009500,legit,,analyst_B,2026-01-21 08:17:23,medium
TXN-2000729,legit,,analyst_A,2026-01-21 09:09:08,medium
TXN-2024981,legit,,analyst_A,2026-01-21 10:18:47,high
TXN-2013021,legit,,analyst_A,2026-01-21 10:33:47,low
TXN-2011220,legit,,analyst_B,2026-01-21 10:41:49,medium
TXN-2019577,legit,,analyst_B,2026-01-21 11:02:38,medium
TXN-2009449,legit,,analyst_A,2026-01-21 11:10:56,medium
TXN-2000379,legit,,analyst_A,2026-01-21 11:21:52,medium
TXN-2007221,legit,,analyst_B,2026-01-21 12:29:52,high
TXN-2015529,legit,,analyst_A,2026-01-21 12:44:59,low
TXN-2016523,legit,,analyst_A,2026-01-21 13:37:50,high
TXN-2003229,legit,,analyst_A,2026-01-21 14:12:03,medium
TXN-2012086,legit,,analyst_A,2026-01-21 16:29:59,high
TXN-2012135,legit,,analyst_B,2026-01-21 16:48:34,high
TXN-2012339,legit,,analyst_A,2026-01-21 17:10:17,high
TXN-2005967,legit,,analyst_B,2026-01-21 17:53:10,high
TXN-2005100,legit,,analyst_B,2026-01-21 19:14:36,low
TXN-2019007,legit,,analyst_A,2026-01-21 19:26:13,medium
TXN-2020212,legit,,analyst_A,2026-01-21 19:29:45,high
TXN-2020101,legit,,analyst_A,2026-01-21 19:48:47,low
TXN-2000755,legit,,analyst_A,2026-01-21 20:08:20,medium
TXN-2001645,legit,,analyst_A,2026-01-21 20:13:43,medium
TXN-2003561,legit,,analyst_B,2026-01-21 20:37:29,high
TXN-2007463,legit,,analyst_B,2026-01-21 20:52:44,high
TXN-2010563,legit,,analyst_A,2026-01-21 21:31:53,medium
TXN-2010543,legit,,analyst_A,2026-01-21 22:22:01,low
TXN-2018823,legit,,analyst_A,2026-01-21 22:28:12,low
TXN-2024673,legit,,analyst_A,2026-01-21 23:02:29,medium
TXN-2018667,legit,,analyst_A,2026-01-21 23:31:26,medium
TXN-2011902,legit,,analyst_B,2026-01-22 00:21:55,high
TXN-2019551,legit,,analyst_B,2026-01-22 01:06:01,high
TXN-2014987,legit,,analyst_A,2026-01-22 02:07:57,high
TXN-2019918,legit,,analyst_A,2026-01-22 02:23:04,high
TXN-2019914,legit,,analyst_B,2026-01-22 02:48:46,high
TXN-2022959,legit,,analyst_A,2026-01-22 03:18:18,high
TXN-2024660,legit,,analyst_A,2026-01-22 04:14:48,medium
TXN-2023096,legit,,analyst_B,2026-01-22 06:56:39,medium
TXN-2009498,legit,,analyst_A,2026-01-22 08:25:52,high
TXN-2014689,legit,,analyst_B,2026-01-22 09:00:48,high
TXN-2010309,legit,,analyst_A,2026-01-22 09:09:57,high
TXN-2017901,legit,,analyst_A,2026-01-22 09:24:50,high
TXN-2005018,legit,,analyst_B,2026-01-22 09:45:22,medium
TXN-2019333,legit,,analyst_A,2026-01-22 10:20:09,medium
TXN-2011650,legit,,analyst_B,2026-01-22 11:17:13,high
TXN-2011213,legit,,analyst_A,2026-01-22 12:00:53,low
TXN-2007291,legit,,analyst_A,2026-01-22 14:04:27,high
TXN-2019563,legit,,analyst_B,2026-01-22 15:38:29,low
TXN-2006514,legit,,analyst_B,2026-01-22 15:52:43,medium
TXN-2005549,legit,,analyst_B,2026-01-22 16:23:40,high
TXN-2012425,legit,,analyst_B,2026-01-22 19:42:34,low
TXN-2006198,legit,,analyst_A,2026-01-22 20:41:29,high
TXN-2011819,legit,,analyst_A,2026-01-22 21:13:20,high
TXN-2018648,legit,,analyst_A,2026-01-22 21:37:35,medium
TXN-2022213,legit,,analyst_B,2026-01-22 22:03:27,high
TXN-2021300,legit,,analyst_A,2026-01-22 22:22:40,high
TXN-2019285,legit,,analyst_A,2026-01-22 22:38:02,medium
TXN-2001073,legit,,analyst_A,2026-01-22 23:18:40,low
TXN-2014031,legit,,analyst_A,2026-01-23 00:09:45,high
TXN-2008988,legit,,analyst_A,2026-01-23 00:35:42,high
TXN-2009612,legit,,analyst_A,2026-01-23 02:51:02,high
TXN-2015069,legit,,analyst_A,2026-01-23 03:22:34,high
TXN-2021591,legit,,analyst_B,2026-01-23 03:53:29,low
TXN-2006343,legit,,analyst_A,2026-01-23 04:58:37,low
TXN-2019355,legit,,analyst_A,2026-01-23 05:38:07,medium
TXN-2023582,legit,,analyst_A,2026-01-23 05:43:38,high
TXN-2001256,legit,,analyst_A,2026-01-23 06:13:44,low
TXN-2010246,legit,,analyst_B,2026-01-23 06:36:17,medium
TXN-2008623,legit,,analyst_A,2026-01-23 07:31:32,medium
TXN-2016416,legit,,analyst_A,2026-01-23 07:47:05,high
TXN-2007014,legit,,analyst_B,2026-01-23 08:17:40,medium
TXN-2010330,legit,,analyst_B,2026-01-23 10:39:31,low
TXN-2003214,legit,,analyst_B,2026-01-23 12:29:30,high
TXN-2008692,legit,,analyst_A,2026-01-23 13:25:51,high
TXN-2021851,legit,,analyst_B,2026-01-23 14:24:46,medium
TXN-2024963,legit,,analyst_A,2026-01-23 14:43:26,low
TXN-2020236,legit,,analyst_B,2026-01-23 15:02:56,medium
TXN-2024669,legit,,analyst_B,2026-01-23 15:42:18,medium
TXN-2008941,legit,,analyst_A,2026-01-23 15:45:51,high
TXN-2024795,legit,,analyst_B,2026-01-23 16:33:57,medium
TXN-2003611,legit,,analyst_A,2026-01-23 16:51:33,low
TXN-2002149,legit,,analyst_B,2026-01-23 17:10:38,medium
TXN-2006831,legit,,analyst_B,2026-01-23 17:17:43,medium
TXN-2023196,legit,,analyst_B,2026-01-23 19:18:14,medium
TXN-2013451,legit,,analyst_B,2026-01-23 20:15:45,high
TXN-2006555,legit,,analyst_A,2026-01-23 22:52:01,medium
TXN-2021318,legit,,analyst_B,2026-01-23 23:04:07,low
TXN-2012655,legit,,analyst_A,2026-01-23 23:31:33,high
TXN-2009876,legit,,analyst_B,2026-01-24 00:03:41,high
TXN-2014661,legit,,analyst_A,2026-01-24 00:09:46,high
TXN-2019414,legit,,analyst_A,2026-01-24 00:40:38,low
TXN-2022842,legit,,analyst_B,2026-01-24 01:49:25,high
TXN-2003447,legit,,analyst_A,2026-01-24 02:36:25,high
TXN-2005040,legit,,analyst_B,2026-01-24 03:03:09,medium
TXN-2007023,legit,,analyst_B,2026-01-24 04:08:36,high
TXN-2003331,legit,,analyst_B,2026-01-24 04:23:40,medium
TXN-2007001,legit,,analyst_B,2026-01-24 05:02:12,low
TXN-2014698,legit,,analyst_A,2026-01-24 07:47:57,high
TXN-2023965,legit,,analyst_A,2026-01-24 09:11:31,low
TXN-2018443,legit,,analyst_B,2026-01-24 10:01:12,medium
TXN-2000282,legit,,analyst_A,2026-01-24 10:04:12,high
TXN-2018382,legit,,analyst_A,2026-01-24 10:21:00,high
TXN-2015257,legit,,analyst_A,2026-01-24 10:30:20,medium
TXN-2003217,legit,,analyst_A,2026-01-24 11:26:04,high
TXN-2014265,legit,,analyst_B,2026-01-24 11:27:29,low
TXN-2021850,legit,,analyst_A,2026-01-24 12:05:54,high
TXN-2021474,legit,,analyst_B,2026-01-24 12:30:04,medium
TXN-2016877,legit,,analyst_B,2026-01-24 12:45:49,high
TXN-2021389,legit,,analyst_A,2026-01-24 13:23:31,medium
TXN-2006678,legit,,analyst_B,2026-01-24 14:52:14,high
TXN-2011964,legit,,analyst_A,2026-01-24 16:59:32,medium
TXN-2003598,legit,,analyst_A,2026-01-24 18:09:08,medium
TXN-2008966,legit,,analyst_B,2026-01-24 18:17:38,high
TXN-2016465,legit,,analyst_A,2026-01-24 18:59:40,high
TXN-2019426,legit,,analyst_B,2026-01-24 20:22:07,high
TXN-2004643,legit,,analyst_A,2026-01-24 21:31:17,medium
TXN-2022380,legit,,analyst_B,2026-01-24 21:39:56,high
TXN-2018455,legit,,analyst_B,2026-01-24 21:48:42,low
TXN-2007279,legit,,analyst_A,2026-01-24 22:19:06,medium
TXN-2002905,legit,,analyst_B,2026-01-24 22:20:41,high
TXN-2017965,legit,,analyst_B,2026-01-24 23:01:23,low
TXN-2013531,legit,,analyst_A,2026-01-24 23:08:10,medium
TXN-2021818,legit,,analyst_A,2026-01-24 23:41:26,high
TXN-2014278,legit,,analyst_A,2026-01-24 23:52:31,high
TXN-2018450,legit,,analyst_B,2026-01-25 00:05:04,low
TXN-2013434,legit,,analyst_A,2026-01-25 00:50:52,high
TXN-2017674,legit,,analyst_A,2026-01-25 02:03:05,high
TXN-2009585,legit,,analyst_A,2026-01-25 02:04:08,low
TXN-2023627,legit,,analyst_B,2026-01-25 02:29:35,high
TXN-2006237,legit,,analyst_A,2026-01-25 02:50:10,high
TXN-2019316,legit,,analyst_A,2026-01-25 06:55:24,high
TXN-2000622,legit,,analyst_B,2026-01-25 07:23:42,medium
TXN-2016724,legit,,analyst_B,2026-01-25 09:32:05,low
TXN-2021037,legit,,analyst_B,2026-01-25 10:04:23,medium
TXN-2011115,legit,,analyst_B,2026-01-25 10:08:08,medium
TXN-2004271,legit,,analyst_A,2026-01-25 11:24:29,medium
TXN-2002490,legit,,analyst_B,2026-01-25 12:20:36,medium
TXN-2020839,legit,,analyst_A,2026-01-25 12:32:17,high
TXN-2014942,legit,,analyst_A,2026-01-25 12:54:54,high
TXN-2023934,legit,,analyst_A,2026-01-25 13:09:30,high
TXN-2019921,legit,,analyst_B,2026-01-25 13:24:23,high
TXN-2002548,legit,,analyst_A,2026-01-25 13:40:33,high
TXN-2002730,legit,,analyst_A,2026-01-25 15:40:40,high
TXN-2001384,legit,,analyst_A,2026-01-25 17:20:52,high
TXN-2008170,legit,,analyst_A,2026-01-25 17:28:48,low
TXN-2023642,legit,,analyst_A,2026-01-25 17:40:55,low
TXN-2003555,legit,,analyst_A,2026-01-25 18:26:11,medium
TXN-2017882,legit,,analyst_A,2026-01-25 19:07:10,high
TXN-2005114,legit,,analyst_B,2026-01-25 21:27:17,medium
TXN-2007596,legit,,analyst_B,2026-01-25 22:05:35,medium
TXN-2023016,legit,,analyst_A,2026-01-25 22:27:42,low
TXN-2005755,legit,,analyst_B,2026-01-25 23:00:08,high
TXN-2013852,legit,,analyst_A,2026-01-26 01:05:42,high
TXN-2010384,legit,,analyst_A,2026-01-26 01:41:33,high
TXN-2007617,legit,,analyst_A,2026-01-26 02:25:39,medium
TXN-2018317,legit,,analyst_B,2026-01-26 02:31:40,medium
TXN-2004632,legit,,analyst_B,2026-01-26 03:44:59,medium
TXN-2021200,legit,,analyst_A,2026-01-26 03:45:31,medium
TXN-2003098,legit,,analyst_A,2026-01-26 04:53:13,high
TXN-2020013,legit,,analyst_A,2026-01-26 07:39:33,high
TXN-2015129,legit,,analyst_B,2026-01-26 07:55:37,medium
TXN-2018508,legit,,analyst_A,2026-01-26 08:11:55,high
TXN-2007374,legit,,analyst_A,2026-01-26 08:12:47,high
TXN-2018659,legit,,analyst_A,2026-01-26 08:38:26,medium
TXN-2022659,legit,,analyst_B,2026-01-26 08:42:35,medium
TXN-2023516,legit,,analyst_B,2026-01-26 10:30:43,medium
TXN-2019261,legit,,analyst_A,2026-01-26 10:52:34,high
TXN-2014219,legit,,analyst_B,2026-01-26 11:26:46,medium
TXN-2024888,legit,,analyst_A,2026-01-26 12:53:17,high
TXN-2021712,legit,,analyst_B,2026-01-26 12:57:26,medium
TXN-2001941,legit,,analyst_B,2026-01-26 12:58:55,high
TXN-2005921,legit,,analyst_A,2026-01-26 13:07:47,low
TXN-2020385,legit,,analyst_A,2026-01-26 15:11:17,medium
TXN-2023858,legit,,analyst_A,2026-01-26 15:45:12,medium
TXN-2009990,legit,,analyst_B,2026-01-26 16:47:09,low
TXN-2007031,legit,,analyst_A,2026-01-26 18:04:56,medium
TXN-2001576,legit,,analyst_A,2026-01-26 18:20:06,medium
TXN-2013634,legit,,analyst_A,2026-01-26 19:04:26,high
TXN-2021499,legit,,analyst_B,2026-01-26 20:14:22,high
TXN-2023534,legit,,analyst_B,2026-01-26 20:15:41,high
TXN-2001487,legit,,analyst_B,2026-01-26 21:47:09,high
TXN-2019750,legit,,analyst_A,2026-01-26 21:56:06,high
TXN-2011805,legit,,analyst_B,2026-01-26 22:57:09,high
TXN-2004815,legit,,analyst_A,2026-01-26 22:58:53,high
TXN-2016039,legit,,analyst_B,2026-01-26 23:45:28,medium
TXN-2009398,legit,,analyst_B,2026-01-27 00:08:17,high
TXN-2007815,legit,,analyst_A,2026-01-27 00:31:58,high
TXN-2005148,legit,,analyst_A,2026-01-27 00:43:51,high
TXN-2023746,legit,,analyst_A,2026-01-27 01:52:15,low
TXN-2013911,legit,,analyst_A,2026-01-27 02:24:15,high
TXN-2006025,legit,,analyst_B,2026-01-27 03:28:55,high
TXN-2020247,legit,,analyst_B,2026-01-27 03:43:15,low
TXN-2022120,legit,,analyst_B,2026-01-27 03:43:26,high
TXN-2001650,legit,,analyst_B,2026-01-27 03:58:33,high
TXN-2015859,legit,,analyst_A,2026-01-27 04:46:31,medium
TXN-2011147,legit,,analyst_A,2026-01-27 05:27:50,medium
TXN-2002692,legit,,analyst_B,2026-01-27 05:44:34,high
TXN-2008966,legit,,analyst_A,2026-01-27 06:17:38,high
TXN-2021105,legit,,analyst_A,2026-01-27 06:37:00,high
TXN-2010381,legit,,analyst_B,2026-01-27 07:10:24,medium
TXN-2020311,legit,,analyst_A,2026-01-27 08:01:51,high
TXN-2005366,legit,,analyst_A,2026-01-27 08:26:25,low
TXN-2001981,legit,,analyst_A,2026-01-27 10:17:40,medium
TXN-2002639,legit,,analyst_B,2026-01-27 11:46:55,medium
TXN-2019732,legit,,analyst_A,2026-01-27 13:54:56,medium
TXN-2008268,legit,,analyst_A,2026-01-27 16:17:12,medium
TXN-2012532,legit,,analyst_B,2026-01-27 17:12:06,medium
TXN-2002537,legit,,analyst_B,2026-01-27 19:13:57,high
TXN-2004589,legit,,analyst_A,2026-01-27 19:50:22,high
TXN-2004810,legit,,analyst_A,2026-01-27 19:57:01,high
TXN-2005011,legit,,analyst_A,2026-01-27 20:08:31,low
TXN-2017482,legit,,analyst_B,2026-01-27 20:12:10,medium
TXN-2013443,legit,,analyst_A,2026-01-27 21:18:35,low
TXN-2005486,legit,,analyst_B,2026-01-27 22:17:41,medium
TXN-2007106,legit,,analyst_A,2026-01-27 22:20:27,high
TXN-2011308,legit,,analyst_A,2026-01-27 22:48:27,medium
TXN-2013159,legit,,analyst_A,2026-01-27 23:00:38,low
TXN-2006512,legit,,analyst_B,2026-01-27 23:13:33,medium
TXN-2007412,legit,,analyst_A,2026-01-28 04:33:58,high
TXN-2019338,legit,,analyst_B,2026-01-28 05:22:03,high
TXN-2011484,legit,,analyst_B,2026-01-28 05:22:31,medium
TXN-2024725,legit,,analyst_A,2026-01-28 05:24:21,medium
TXN-2000001,legit,,analyst_B,2026-01-28 05:29:59,high
TXN-2020395,legit,,analyst_A,2026-01-28 05:48:57,low
TXN-2024871,legit,,analyst_B,2026-01-28 05:51:31,medium
TXN-2003228,legit,,analyst_A,2026-01-28 07:11:04,high
TXN-2009456,legit,,analyst_A,2026-01-28 07:20:47,medium
TXN-2009462,legit,,analyst_B,2026-01-28 09:09:10,medium
TXN-2021657,legit,,analyst_A,2026-01-28 09:37:00,medium
TXN-2019160,legit,,analyst_B,2026-01-28 09:48:20,medium
TXN-2005967,legit,,analyst_A,2026-01-28 09:53:10,high
TXN-2014710,legit,,analyst_A,2026-01-28 10:14:54,high
TXN-2020156,legit,,analyst_A,2026-01-28 11:56:52,low
TXN-2019855,legit,,analyst_A,2026-01-28 12:21:41,low
TXN-2008806,legit,,analyst_A,2026-01-28 14:50:41,medium
TXN-2007504,legit,,analyst_A,2026-01-28 14:53:06,medium
TXN-2013796,legit,,analyst_A,2026-01-28 15:00:05,high
TXN-2016615,legit,,analyst_A,2026-01-28 15:21:24,low
TXN-2020390,legit,,analyst_B,2026-01-28 16:23:31,low
TXN-2005373,legit,,analyst_A,2026-01-28 16:32:27,low
TXN-2005513,legit,,analyst_B,2026-01-28 17:11:37,low
TXN-2008539,legit,,analyst_A,2026-01-28 17:32:38,medium
TXN-2000962,legit,,analyst_A,2026-01-28 18:05:41,medium
TXN-2010720,legit,,analyst_B,2026-01-28 19:14:44,medium
TXN-2003314,legit,,analyst_B,2026-01-28 19:40:36,medium
TXN-2014267,legit,,analyst_A,2026-01-28 20:06:04,medium
TXN-2000324,legit,,analyst_A,2026-01-28 20:15:04,low
TXN-2017382,legit,,analyst_A,2026-01-28 20:20:21,high
TXN-2001519,legit,,analyst_A,2026-01-28 21:40:46,medium
TXN-2021044,legit,,analyst_B,2026-01-28 23:01:14,high
TXN-2023249,legit,,analyst_A,2026-01-29 00:54:17,high
TXN-2001006,legit,,analyst_A,2026-01-29 02:20:02,medium
TXN-2015983,legit,,analyst_A,2026-01-29 03:20:02,high
TXN-2014041,legit,,analyst_A,2026-01-29 03:29:47,high
TXN-2010209,legit,,analyst_B,2026-01-29 03:50:35,high
TXN-2004714,legit,,analyst_B,2026-01-29 04:09:47,high
TXN-2013670,legit,,analyst_A,2026-01-29 04:11:04,medium
TXN-2000669,legit,,analyst_B,2026-01-29 04:37:24,medium
TXN-2004527,legit,,analyst_B,2026-01-29 06:32:59,low
TXN-2003675,legit,,analyst_B,2026-01-29 07:26:07,medium
TXN-2024856,legit,,analyst_A,2026-01-29 07:27:59,medium
TXN-2020766,legit,,analyst_A,2026-01-29 07:47:51,high
TXN-2001612,legit,,analyst_B,2026-01-29 09:23:06,medium
TXN-2002056,legit,,analyst_B,2026-01-29 09:25:02,medium
TXN-2007051,legit,,analyst_B,2026-01-29 09:38:15,low
TXN-2015862,legit,,analyst_A,2026-01-29 10:56:00,high
TXN-2021347,legit,,analyst_B,2026-01-29 11:07:07,medium
TXN-2005591,legit,,analyst_B,2026-01-29 11:18:35,high
TXN-2013401,legit,,analyst_B,2026-01-29 12:19:19,low
TXN-2015758,legit,,analyst_A,2026-01-29 14:03:48,low
TXN-2002741,legit,,analyst_A,2026-01-29 14:17:26,medium
TXN-2015578,legit,,analyst_B,2026-01-29 14:37:26,medium
TXN-2011027,legit,,analyst_A,2026-01-29 14:51:39,medium
TXN-2009189,legit,,analyst_A,2026-01-29 15:04:13,high
TXN-2004279,legit,,analyst_B,2026-01-29 15:15:30,high
TXN-2004565,legit,,analyst_A,2026-01-29 15:24:49,high
TXN-2005470,legit,,analyst_A,2026-01-29 18:31:36,medium
TXN-2023634,legit,,analyst_A,2026-01-29 19:57:15,high
TXN-2006429,legit,,analyst_B,2026-01-29 20:01:26,medium
TXN-2020078,legit,,analyst_B,2026-01-29 22:07:32,medium
TXN-2011819,legit,,analyst_B,2026-01-29 22:13:20,high
TXN-2022583,legit,,analyst_A,2026-01-29 22:14:19,medium
TXN-2010887,legit,,analyst_A,2026-01-29 22:57:15,medium
TXN-2022778,legit,,analyst_B,2026-01-29 23:05:23,low
TXN-2006439,legit,,analyst_B,2026-01-29 23:22:28,medium
TXN-2005237,legit,,analyst_B,2026-01-29 23:46:49,low
TXN-2007522,legit,,analyst_A,2026-01-30 00:24:05,low
TXN-2014257,legit,,analyst_A,2026-01-30 00:53:41,low
TXN-2016014,legit,,analyst_A,2026-01-30 02:29:25,low
TXN-2016011,legit,,analyst_A,2026-01-30 03:31:48,medium
TXN-2008523,legit,,analyst_A,2026-01-30 03:47:14,medium
TXN-2014641,legit,,analyst_A,2026-01-30 04:29:53,medium
TXN-2000728,legit,,analyst_A,2026-01-30 05:30:47,low
TXN-2003695,legit,,analyst_A,2026-01-30 06:54:20,low
TXN-2005964,legit,,analyst_B,2026-01-30 07:05:46,high
TXN-2007138,legit,,analyst_B,2026-01-30 09:01:15,high
TXN-2009939,legit,,analyst_B,2026-01-30 10:52:57,high
TXN-2017748,legit,,analyst_A,2026-01-30 11:34:34,medium
TXN-2007548,legit,,analyst_A,2026-01-30 11:41:59,medium
TXN-2003780,legit,,analyst_A,2026-01-30 11:44:52,high
TXN-2005434,legit,,analyst_B,2026-01-30 11:47:38,high
TXN-2016972,legit,,analyst_A,2026-01-30 11:53:53,low
TXN-2008076,legit,,analyst_A,2026-01-30 13:29:21,medium
TXN-2000592,legit,,analyst_A,2026-01-30 15:13:35,medium
TXN-2007896,legit,,analyst_A,2026-01-30 15:18:55,medium
TXN-2015205,legit,,analyst_B,2026-01-30 16:59:10,medium
TXN-2002286,legit,,analyst_B,2026-01-30 17:29:26,low
TXN-2012959,legit,,analyst_A,2026-01-30 20:59:36,high
TXN-2022902,legit,,analyst_B,2026-01-30 22:32:04,high
TXN-2018194,legit,,analyst_A,2026-01-30 23:21:26,medium
TXN-2018367,legit,,analyst_B,2026-01-31 00:54:04,medium
TXN-2013807,legit,,analyst_B,2026-01-31 01:24:16,medium
TXN-2008802,legit,,analyst_A,2026-01-31 02:02:09,medium
TXN-2006579,legit,,analyst_A,2026-01-31 02:20:57,medium
TXN-2010205,legit,,analyst_A,2026-01-31 02:21:27,medium
TXN-2015882,legit,,analyst_A,2026-01-31 02:44:04,medium
TXN-2017252,legit,,analyst_A,2026-01-31 03:08:38,medium
TXN-2018552,legit,,analyst_B,2026-01-31 04:49:30,medium
TXN-2023033,legit,,analyst_A,2026-01-31 05:08:55,medium
TXN-2001185,legit,,analyst_A,2026-01-31 11:18:54,high
TXN-2021031,legit,,analyst_B,2026-01-31 11:54:42,low
TXN-2001920,legit,,analyst_A,2026-01-31 13:10:55,high
TXN-2001327,legit,,analyst_A,2026-01-31 14:28:30,medium
TXN-2016885,legit,,analyst_A,2026-01-31 14:41:28,high
TXN-2013387,legit,,analyst_B,2026-01-31 15:12:17,medium
TXN-2007279,legit,,analyst_B,2026-01-31 17:19:06,medium
TXN-2007252,legit,,analyst_A,2026-01-31 17:50:03,high
TXN-2003950,legit,,analyst_B,2026-01-31 18:24:33,high
TXN-2020064,legit,,analyst_A,2026-01-31 19:57:18,medium
TXN-2021846,legit,,analyst_A,2026-01-31 20:44:27,medium
TXN-2012979,legit,,analyst_B,2026-01-31 20:55:28,medium
TXN-2000675,legit,,analyst_A,2026-01-31 21:22:21,medium
TXN-2007335,legit,,analyst_B,2026-01-31 21:29:56,high
TXN-2020544,legit,,analyst_A,2026-01-31 21:55:01,medium
TXN-2011846,legit,,analyst_A,2026-01-31 22:43:25,medium
TXN-2012692,legit,,analyst_A,2026-01-31 22:50:31,low
TXN-2011104,legit,,analyst_A,2026-01-31 23:41:09,medium
TXN-2014895,legit,,analyst_B,2026-01-31 23:46:26,high
TXN-2003192,legit,,analyst_B,2026-01-31 23:54:08,low
TXN-2004810,legit,,analyst_B,2026-02-01 01:57:01,high
TXN-2014086,legit,,analyst_A,2026-02-01 01:59:07,high
TXN-2012280,legit,,analyst_B,2026-02-01 03:42:44,medium
TXN-2001603,legit,,analyst_B,2026-02-01 04:23:41,high
TXN-2014679,legit,,analyst_B,2026-02-01 04:31:37,low
TXN-2010793,legit,,analyst_A,2026-02-01 05:13:48,medium
TXN-2023539,legit,,analyst_B,2026-02-01 05:42:49,medium
TXN-2021720,legit,,analyst_A,2026-02-01 05:48:47,medium
TXN-2006467,legit,,analyst_A,2026-02-01 06:51:42,medium
TXN-2020823,legit,,analyst_B,2026-02-01 06:56:11,high
TXN-2015251,legit,,analyst_A,2026-02-01 07:02:41,low
TXN-2009275,legit,,analyst_A,2026-02-01 07:45:49,low
TXN-2004494,legit,,analyst_B,2026-02-01 07:52:46,high
TXN-2013740,legit,,analyst_A,2026-02-01 08:01:14,high
TXN-2002133,legit,,analyst_B,2026-02-01 08:51:12,medium
TXN-2020354,legit,,analyst_A,2026-02-01 09:26:44,high
TXN-2005893,legit,,analyst_A,2026-02-01 09:48:14,medium
TXN-2020711,legit,,analyst_B,2026-02-01 10:38:09,low
TXN-2023883,legit,,analyst_A,2026-02-01 10:44:16,high
TXN-2016140,legit,,analyst_B,2026-02-01 11:08:07,high
TXN-2023529,legit,,analyst_A,2026-02-01 11:41:10,medium
TXN-2001648,legit,,analyst_B,2026-02-01 12:19:25,medium
TXN-2003795,legit,,analyst_B,2026-02-01 13:37:34,medium
TXN-2009181,legit,,analyst_B,2026-02-01 14:15:23,medium
TXN-2017308,legit,,analyst_A,2026-02-01 15:37:46,high
TXN-2017962,legit,,analyst_A,2026-02-01 17:32:01,medium
TXN-2012528,legit,,analyst_B,2026-02-01 17:39:27,high
TXN-2013664,legit,,analyst_B,2026-02-01 18:40:48,low
TXN-2020486,legit,,analyst_B,2026-02-01 18:45:39,low
TXN-2015682,legit,,analyst_B,2026-02-01 21:37:22,high
TXN-2011661,legit,,analyst_A,2026-02-01 21:37:51,low
TXN-2021937,legit,,analyst_A,2026-02-01 22:19:44,low
TXN-2015569,legit,,analyst_B,2026-02-01 23:40:41,high
TXN-2009247,legit,,analyst_B,2026-02-02 00:00:43,low
TXN-2022185,legit,,analyst_B,2026-02-02 02:25:35,low
TXN-2020800,legit,,analyst_A,2026-02-02 03:12:18,high
TXN-2020975,legit,,analyst_B,2026-02-02 03:34:43,low
TXN-2018837,legit,,analyst_B,2026-02-02 04:15:44,medium
TXN-2020021,legit,,analyst_B,2026-02-02 04:36:56,medium
TXN-2014625,legit,,analyst_A,2026-02-02 05:27:49,high
TXN-2017303,legit,,analyst_B,2026-02-02 06:26:38,high
TXN-2003326,legit,,analyst_A,2026-02-02 06:38:59,high
TXN-2024851,legit,,analyst_B,2026-02-02 08:36:04,medium
TXN-2020616,legit,,analyst_B,2026-02-02 09:10:55,high
TXN-2008878,legit,,analyst_A,2026-02-02 09:43:11,high
TXN-2019567,legit,,analyst_A,2026-02-02 10:01:59,high
TXN-2007073,legit,,analyst_B,2026-02-02 11:29:24,medium
TXN-2017055,legit,,analyst_A,2026-02-02 11:34:04,low
TXN-2016251,legit,,analyst_A,2026-02-02 12:00:24,high
TXN-2002923,legit,,analyst_A,2026-02-02 12:15:56,low
TXN-2001335,legit,,analyst_B,2026-02-02 12:38:14,medium
TXN-2000597,legit,,analyst_A,2026-02-02 13:11:15,medium
TXN-2009488,legit,,analyst_A,2026-02-02 13:34:11,medium
TXN-2010693,legit,,analyst_B,2026-02-02 13:34:28,high
TXN-2022200,legit,,analyst_B,2026-02-02 13:49:00,medium
TXN-2020293,legit,,analyst_A,2026-02-02 13:52:26,high
TXN-2022459,legit,,analyst_A,2026-02-02 15:06:08,high
TXN-2016451,legit,,analyst_B,2026-02-02 15:10:28,medium
TXN-2011091,legit,,analyst_B,2026-02-02 15:49:47,high
TXN-2002607,legit,,analyst_A,2026-02-02 16:05:10,high
TXN-2010310,legit,,analyst_A,2026-02-02 17:34:21,medium
TXN-2001769,legit,,analyst_A,2026-02-02 18:16:04,high
TXN-2004126,legit,,analyst_B,2026-02-02 18:24:38,high
TXN-2009944,legit,,analyst_A,2026-02-02 19:03:14,medium
TXN-2008919,legit,,analyst_B,2026-02-02 19:11:38,low
TXN-2011251,legit,,analyst_B,2026-02-02 20:25:33,high
TXN-2018882,legit,,analyst_B,2026-02-02 20:44:20,high
TXN-2007973,legit,,analyst_B,2026-02-02 23:18:41,high
TXN-2007729,legit,,analyst_A,2026-02-03 02:04:45,high
TXN-2000599,legit,,analyst_B,2026-02-03 02:15:40,medium
TXN-2016003,legit,,analyst_A,2026-02-03 02:53:09,medium
TXN-2001644,legit,,analyst_A,2026-02-03 02:59:46,medium
TXN-2000342,legit,,analyst_A,2026-02-03 03:19:52,medium
TXN-2019627,legit,,analyst_A,2026-02-03 03:27:51,high
TXN-2005171,legit,,analyst_A,2026-02-03 03:40:21,high
TXN-2014985,legit,,analyst_A,2026-02-03 04:06:40,low
TXN-2018295,legit,,analyst_B,2026-02-03 04:26:44,medium
TXN-2002601,legit,,analyst_A,2026-02-03 04:29:17,high
TXN-2003506,legit,,analyst_A,2026-02-03 04:41:36,medium
TXN-2019096,legit,,analyst_A,2026-02-03 04:58:25,high
TXN-2010308,legit,,analyst_A,2026-02-03 05:48:51,medium
TXN-2012547,legit,,analyst_A,2026-02-03 07:04:21,low
TXN-2000872,legit,,analyst_A,2026-02-03 08:08:11,medium
TXN-2008847,legit,,analyst_A,2026-02-03 08:29:04,high
TXN-2008660,legit,,analyst_A,2026-02-03 08:31:35,medium
TXN-2005518,legit,,analyst_A,2026-02-03 09:22:34,high
TXN-2002290,legit,,analyst_A,2026-02-03 09:56:58,medium
TXN-2021624,legit,,analyst_B,2026-02-03 12:41:44,high
TXN-2003393,legit,,analyst_B,2026-02-03 12:59:26,high
TXN-2015938,legit,,analyst_B,2026-02-03 14:42:13,high
TXN-2000579,legit,,analyst_A,2026-02-03 14:47:46,medium
TXN-2014194,legit,,analyst_A,2026-02-03 15:17:57,medium
TXN-2003658,legit,,analyst_B,2026-02-03 16:18:18,high
TXN-2023914,legit,,analyst_A,2026-02-03 17:34:37,medium
TXN-2002487,legit,,analyst_A,2026-02-03 19:16:01,low
TXN-2009392,legit,,analyst_A,2026-02-03 19:48:32,high
TXN-2001048,legit,,analyst_A,2026-02-03 19:52:06,medium
TXN-2015982,legit,,analyst_B,2026-02-03 20:32:06,high
TXN-2015929,legit,,analyst_A,2026-02-03 21:29:29,medium
TXN-2003192,legit,,analyst_A,2026-02-03 21:54:08,medium
TXN-2018784,legit,,analyst_B,2026-02-03 22:42:41,low
TXN-2009284,legit,,analyst_B,2026-02-03 23:24:55,medium
TXN-2010969,legit,,analyst_B,2026-02-03 23:35:19,high
TXN-2000624,legit,,analyst_B,2026-02-04 01:04:38,low
TXN-2012759,legit,,analyst_A,2026-02-04 01:08:15,low
TXN-2017928,legit,,analyst_B,2026-02-04 01:14:40,high
TXN-2016664,legit,,analyst_B,2026-02-04 01:46:32,high
TXN-2014285,legit,,analyst_B,2026-02-04 04:08:17,high
TXN-2022713,legit,,analyst_A,2026-02-04 04:11:25,high
TXN-2019212,legit,,analyst_B,2026-02-04 05:13:21,medium
TXN-2008992,legit,,analyst_B,2026-02-04 07:23:58,medium
TXN-2020697,legit,,analyst_A,2026-02-04 07:31:36,low
TXN-2009261,legit,,analyst_B,2026-02-04 07:37:06,low
TXN-2002481,legit,,analyst_B,2026-02-04 08:18:56,high
TXN-2021918,legit,,analyst_B,2026-02-04 08:24:07,medium
TXN-2024283,legit,,analyst_B,2026-02-04 09:25:43,medium
TXN-2016463,legit,,analyst_A,2026-02-04 09:36:41,medium
TXN-2019509,legit,,analyst_A,2026-02-04 09:54:38,medium
TXN-2017253,legit,,analyst_A,2026-02-04 10:12:24,medium
TXN-2017876,legit,,analyst_B,2026-02-04 11:04:08,high
TXN-2020304,legit,,analyst_A,2026-02-04 11:07:37,low
TXN-2003470,legit,,analyst_A,2026-02-04 11:44:54,medium
TXN-2004524,legit,,analyst_A,2026-02-04 11:47:30,medium
TXN-2014230,legit,,analyst_B,2026-02-04 11:52:48,medium
TXN-2024951,legit,,analyst_A,2026-02-04 13:05:12,medium
TXN-2004185,legit,,analyst_B,2026-02-04 13:47:17,medium
TXN-2003856,legit,,analyst_A,2026-02-04 14:58:38,medium
TXN-2000730,legit,,analyst_B,2026-02-04 15:34:08,high
TXN-2000481,legit,,analyst_B,2026-02-04 15:41:29,medium
TXN-2005575,legit,,analyst_B,2026-02-04 16:08:28,medium
TXN-2013857,legit,,analyst_B,2026-02-04 16:11:53,medium
TXN-2003884,legit,,analyst_B,2026-02-04 17:08:03,low
TXN-2023562,legit,,analyst_A,2026-02-04 18:19:31,low
TXN-2019690,legit,,analyst_A,2026-02-04 18:40:11,low
TXN-2014062,legit,,analyst_B,2026-02-04 20:24:58,medium
TXN-2018872,legit,,analyst_A,2026-02-04 21:46:00,high
TXN-2006575,legit,,analyst_B,2026-02-04 23:01:08,high
TXN-2002337,legit,,analyst_A,2026-02-05 02:18:18,medium
TXN-2019333,legit,,analyst_B,2026-02-05 02:20:09,low
TXN-2001513,legit,,analyst_B,2026-02-05 02:40:02,medium
TXN-2019604,legit,,analyst_A,2026-02-05 03:45:41,medium
TXN-2009254,legit,,analyst_A,2026-02-05 04:42:37,low
TXN-2018262,legit,,analyst_A,2026-02-05 05:10:27,high
TXN-2000571,legit,,analyst_A,2026-02-05 07:10:22,medium
TXN-2016106,legit,,analyst_A,2026-02-05 07:44:17,high
TXN-2013621,legit,,analyst_B,2026-02-05 09:06:19,high
TXN-2000112,legit,,analyst_A,2026-02-05 09:12:29,medium
TXN-2004462,legit,,analyst_B,2026-02-05 09:30:25,high
TXN-2001827,legit,,analyst_B,2026-02-05 10:05:19,medium
TXN-2019953,legit,,analyst_A,2026-02-05 10:17:37,medium
TXN-2016261,legit,,analyst_B,2026-02-05 10:21:56,high
TXN-2001433,legit,,analyst_A,2026-02-05 10:42:14,high
TXN-2023877,legit,,analyst_B,2026-02-05 10:43:11,low
TXN-2005430,legit,,analyst_B,2026-02-05 11:20:13,medium
TXN-2005448,legit,,analyst_B,2026-02-05 12:28:48,low
TXN-2012889,legit,,analyst_B,2026-02-05 14:19:22,high
TXN-2013704,legit,,analyst_B,2026-02-05 14:39:46,low
TXN-2012702,legit,,analyst_A,2026-02-05 15:04:37,medium
TXN-2002475,legit,,analyst_A,2026-02-05 15:11:20,low
TXN-2005853,legit,,analyst_B,2026-02-05 16:09:22,high
TXN-2023375,legit,,analyst_A,2026-02-05 16:31:45,medium
TXN-2015175,legit,,analyst_B,2026-02-05 16:49:37,medium
TXN-2000562,legit,,analyst_A,2026-02-05 19:13:42,medium
TXN-2005760,legit,,analyst_B,2026-02-05 19:27:59,high
TXN-2015833,legit,,analyst_B,2026-02-05 19:38:18,medium
TXN-2013201,legit,,analyst_A,2026-02-05 19:51:32,medium
TXN-2021516,legit,,analyst_A,2026-02-05 23:48:07,medium
TXN-2013516,legit,,analyst_B,2026-02-06 01:11:26,medium
TXN-2019002,legit,,analyst_A,2026-02-06 03:58:16,medium
TXN-2017431,legit,,analyst_B,2026-02-06 04:03:29,low
TXN-2007041,legit,,analyst_A,2026-02-06 05:24:25,high
TXN-2017290,legit,,analyst_A,2026-02-06 07:28:49,medium
TXN-2002202,legit,,analyst_A,2026-02-06 09:40:50,medium
TXN-2016778,legit,,analyst_A,2026-02-06 09:50:49,high
TXN-2016388,legit,,analyst_A,2026-02-06 09:51:03,high
TXN-2009044,legit,,analyst_A,2026-02-06 10:24:59,low
TXN-2022804,legit,,analyst_A,2026-02-06 10:28:59,medium
TXN-2002773,legit,,analyst_B,2026-02-06 10:34:14,high
TXN-2007901,legit,,analyst_B,2026-02-06 10:40:43,high
TXN-2009182,legit,,analyst_A,2026-02-06 13:19:59,medium
TXN-2003997,legit,,analyst_A,2026-02-06 13:57:22,medium
TXN-2024030,legit,,analyst_A,2026-02-06 14:02:35,high
TXN-2006988,legit,,analyst_A,2026-02-06 15:19:20,low
TXN-2023542,legit,,analyst_A,2026-02-06 17:30:09,high
TXN-2013958,legit,,analyst_B,2026-02-06 18:54:45,low
TXN-2018944,legit,,analyst_B,2026-02-06 18:55:38,high
TXN-2007218,legit,,analyst_A,2026-02-06 19:24:23,low
TXN-2013446,legit,,analyst_A,2026-02-06 19:32:25,high
TXN-2017456,legit,,analyst_A,2026-02-06 19:37:05,medium
TXN-2018816,legit,,analyst_A,2026-02-06 19:40:20,medium
TXN-2003938,legit,,analyst_A,2026-02-06 19:43:35,high
TXN-2006832,legit,,analyst_A,2026-02-06 20:56:04,low
TXN-2011738,legit,,analyst_A,2026-02-06 21:20:06,high
TXN-2021604,legit,,analyst_B,2026-02-06 21:57:35,low
TXN-2014323,legit,,analyst_B,2026-02-06 22:08:02,high
TXN-2004876,legit,,analyst_A,2026-02-06 22:09:52,high
TXN-2019894,legit,,analyst_A,2026-02-06 22:11:20,high
TXN-2013695,legit,,analyst_A,2026-02-06 22:20:23,medium
TXN-2017549,legit,,analyst_A,2026-02-06 23:45:30,high
TXN-2020020,legit,,analyst_A,2026-02-06 23:56:31,medium
TXN-2012975,legit,,analyst_A,2026-02-07 00:39:10,high
TXN-2013158,legit,,analyst_B,2026-02-07 01:05:16,high
TXN-2008961,legit,,analyst_A,2026-02-07 01:45:46,low
TXN-2021772,legit,,analyst_A,2026-02-07 01:51:30,medium
TXN-2005501,legit,,analyst_B,2026-02-07 02:56:46,high
TXN-2018727,legit,,analyst_A,2026-02-07 03:02:36,medium
TXN-2022139,legit,,analyst_A,2026-02-07 04:15:27,low
TXN-2000900,legit,,analyst_B,2026-02-07 05:11:00,medium
TXN-2019090,legit,,analyst_A,2026-02-07 06:55:00,medium
TXN-2024552,legit,,analyst_B,2026-02-07 07:50:29,high
TXN-2013543,legit,,analyst_A,2026-02-07 07:56:26,high
TXN-2014531,legit,,analyst_B,2026-02-07 08:15:45,medium
TXN-2014219,legit,,analyst_A,2026-02-07 08:26:46,high
TXN-2008974,legit,,analyst_B,2026-02-07 08:44:37,low
TXN-2019034,legit,,analyst_B,2026-02-07 09:21:10,low
TXN-2019642,legit,,analyst_A,2026-02-07 10:08:17,high
TXN-2014860,legit,,analyst_A,2026-02-07 10:31:25,high
TXN-2008931,legit,,analyst_B,2026-02-07 13:34:20,medium
TXN-2020577,legit,,analyst_B,2026-02-07 14:22:21,high
TXN-2017977,legit,,analyst_B,2026-02-07 14:48:09,low
TXN-2001504,legit,,analyst_B,2026-02-07 15:23:50,high
TXN-2019472,legit,,analyst_A,2026-02-07 16:23:26,low
TXN-2002148,legit,,analyst_A,2026-02-07 16:27:00,low
TXN-2009966,legit,,analyst_B,2026-02-07 17:02:53,high
TXN-2022422,legit,,analyst_A,2026-02-07 17:14:54,low
TXN-2001484,legit,,analyst_A,2026-02-07 17:26:17,medium
TXN-2014987,legit,,analyst_B,2026-02-07 19:07:57,medium
TXN-2020962,legit,,analyst_B,2026-02-07 19:57:04,high
TXN-2011347,legit,,analyst_B,2026-02-07 20:05:42,medium
TXN-2014978,legit,,analyst_A,2026-02-07 20:07:36,low
TXN-2017715,legit,,analyst_B,2026-02-07 20:25:35,high
TXN-2017786,legit,,analyst_A,2026-02-07 20:49:56,low
TXN-2007347,legit,,analyst_A,2026-02-07 21:27:47,high
TXN-2002460,legit,,analyst_B,2026-02-07 21:59:31,low
TXN-2004632,legit,,analyst_A,2026-02-07 22:44:59,medium
TXN-2011893,legit,,analyst_A,2026-02-07 22:53:41,low
TXN-2016639,legit,,analyst_A,2026-02-07 23:19:12,low
TXN-2022532,legit,,analyst_A,2026-02-07 23:29:27,high
TXN-2008436,legit,,analyst_A,2026-02-07 23:45:54,high
TXN-2013613,legit,,analyst_A,2026-02-08 01:04:20,low
TXN-2020316,legit,,analyst_B,2026-02-08 03:17:13,medium
TXN-2000793,legit,,analyst_B,2026-02-08 03:32:36,low
TXN-2005162,legit,,analyst_B,2026-02-08 04:12:13,medium
TXN-2024066,legit,,analyst_B,2026-02-08 04:30:32,high
TXN-2011911,legit,,analyst_A,2026-02-08 04:52:51,high
TXN-2020645,legit,,analyst_B,2026-02-08 06:53:33,low
TXN-2012435,legit,,analyst_B,2026-02-08 07:49:23,high
TXN-2014699,legit,,analyst_A,2026-02-08 08:59:44,medium
TXN-2015574,legit,,analyst_A,2026-02-08 09:33:15,high
TXN-2008741,legit,,analyst_A,2026-02-08 10:27:06,high
TXN-2014499,legit,,analyst_B,2026-02-08 10:53:03,medium
TXN-2017116,legit,,analyst_A,2026-02-08 11:17:05,medium
TXN-2001504,legit,,analyst_A,2026-02-08 11:23:50,medium
TXN-2023423,legit,,analyst_B,2026-02-08 14:55:51,medium
TXN-2003980,legit,,analyst_A,2026-02-08 15:05:33,medium
TXN-2018989,legit,,analyst_B,2026-02-08 16:04:46,medium
TXN-2008508,legit,,analyst_B,2026-02-08 17:24:51,medium
TXN-2007729,legit,,analyst_B,2026-02-08 18:04:45,medium
TXN-2023573,legit,,analyst_B,2026-02-08 18:43:44,low
TXN-2024813,legit,,analyst_A,2026-02-08 19:16:14,medium
TXN-2009938,legit,,analyst_B,2026-02-08 19:29:06,high
TXN-2021084,legit,,analyst_B,2026-02-08 19:40:51,medium
TXN-2005765,legit,,analyst_B,2026-02-08 19:58:46,high
TXN-2012238,legit,,analyst_B,2026-02-08 20:12:08,low
TXN-2014786,legit,,analyst_A,2026-02-08 20:48:14,medium
TXN-2011128,legit,,analyst_B,2026-02-08 20:56:23,low
TXN-2004548,legit,,analyst_A,2026-02-08 23:06:00,high
TXN-2022148,legit,,analyst_A,2026-02-08 23:47:34,high
TXN-2023870,legit,,analyst_B,2026-02-09 00:07:56,high
TXN-2013864,legit,,analyst_B,2026-02-09 00:27:09,medium
TXN-2000326,legit,,analyst_A,2026-02-09 00:49:40,high
TXN-2024101,legit,,analyst_A,2026-02-09 01:58:00,medium
TXN-2017621,legit,,analyst_B,2026-02-09 02:45:20,high
TXN-2003383,legit,,analyst_A,2026-02-09 04:37:19,medium
TXN-2012507,legit,,analyst_B,2026-02-09 04:55:17,medium
TXN-2005995,legit,,analyst_B,2026-02-09 04:57:21,high
TXN-2021791,legit,,analyst_B,2026-02-09 05:16:03,low
TXN-2000573,legit,,analyst_A,2026-02-09 06:18:17,low
TXN-2008724,legit,,analyst_A,2026-02-09 06:24:56,medium
TXN-2012578,legit,,analyst_B,2026-02-09 07:19:43,medium
TXN-2000840,legit,,analyst_A,2026-02-09 07:20:10,high
TXN-2022313,legit,,analyst_A,2026-02-09 08:46:11,high
TXN-2023224,legit,,analyst_A,2026-02-09 09:27:52,medium
TXN-2024972,legit,,analyst_A,2026-02-09 09:54:03,low
TXN-2005513,legit,,analyst_A,2026-02-09 10:11:37,high
TXN-2006411,legit,,analyst_B,2026-02-09 11:38:16,medium
TXN-2014432,legit,,analyst_B,2026-02-09 12:13:26,medium
TXN-2002630,legit,,analyst_B,2026-02-09 12:48:53,high
TXN-2017288,legit,,analyst_A,2026-02-09 12:54:25,medium
TXN-2001300,legit,,analyst_A,2026-02-09 14:04:05,low
TXN-2009950,legit,,analyst_A,2026-02-09 14:09:10,medium
TXN-2005733,legit,,analyst_A,2026-02-09 16:16:15,low
TXN-2023937,legit,,analyst_B,2026-02-09 18:58:31,high
TXN-2015756,legit,,analyst_B,2026-02-09 19:15:53,high
TXN-2023335,legit,,analyst_B,2026-02-09 21:26:17,low
TXN-2009220,legit,,analyst_B,2026-02-09 21:38:02,high
TXN-2007843,legit,,analyst_B,2026-02-09 21:44:04,medium
TXN-2003315,legit,,analyst_A,2026-02-09 21:55:24,low
TXN-2002709,legit,,analyst_B,2026-02-09 22:38:23,high
TXN-2009841,legit,,analyst_A,2026-02-09 23:08:06,high
TXN-2008819,legit,,analyst_A,2026-02-10 00:01:02,medium
TXN-2005971,legit,,analyst_B,2026-02-10 00:05:08,medium
TXN-2015455,legit,,analyst_B,2026-02-10 00:09:21,high
TXN-2000454,legit,,analyst_A,2026-02-10 00:16:12,high
TXN-2019796,legit,,analyst_A,2026-02-10 00:47:37,high
TXN-2023509,legit,,analyst_A,2026-02-10 00:49:20,low
TXN-2022074,legit,,analyst_B,2026-02-10 04:10:21,high
TXN-2013607,legit,,analyst_B,2026-02-10 04:18:58,medium
TXN-2003699,legit,,analyst_A,2026-02-10 06:13:17,medium
TXN-2012060,legit,,analyst_A,2026-02-10 06:17:11,medium
TXN-2015888,legit,,analyst_B,2026-02-10 07:08:26,medium
TXN-2000125,legit,,analyst_B,2026-02-10 07:55:44,low
TXN-2022911,legit,,analyst_B,2026-02-10 11:03:36,medium
TXN-2009914,legit,,analyst_A,2026-02-10 11:18:39,low
TXN-2017198,legit,,analyst_B,2026-02-10 12:09:49,low
TXN-2015780,legit,,analyst_B,2026-02-10 12:24:50,medium
TXN-2024582,legit,,analyst_A,2026-02-10 13:19:48,medium
TXN-2018309,legit,,analyst_A,2026-02-10 15:13:02,low
TXN-2009935,legit,,analyst_A,2026-02-10 15:14:05,high
TXN-2021013,legit,,analyst_A,2026-02-10 16:46:33,medium
TXN-2003007,legit,,analyst_B,2026-02-10 18:17:13,medium
TXN-2005886,legit,,analyst_B,2026-02-10 19:57:11,low
TXN-2007418,legit,,analyst_A,2026-02-10 20:23:54,low
TXN-2008840,legit,,analyst_A,2026-02-10 20:46:06,high
TXN-2000605,legit,,analyst_B,2026-02-10 21:21:52,low
TXN-2019129,legit,,analyst_A,2026-02-10 22:50:17,medium
TXN-2021091,legit,,analyst_A,2026-02-11 00:51:56,low
TXN-2020446,legit,,analyst_B,2026-02-11 01:04:03,high
TXN-2011858,legit,,analyst_A,2026-02-11 01:09:52,medium
TXN-2010496,legit,,analyst_A,2026-02-11 02:39:06,low
TXN-2023256,legit,,analyst_A,2026-02-11 02:49:27,high
TXN-2006069,legit,,analyst_A,2026-02-11 04:32:35,high
TXN-2016816,legit,,analyst_B,2026-02-11 06:17:25,medium
TXN-2004205,legit,,analyst_B,2026-02-11 06:33:45,medium
TXN-2022499,legit,,analyst_B,2026-02-11 07:45:01,medium
TXN-2020036,legit,,analyst_A,2026-02-11 08:05:49,low
TXN-2019373,legit,,analyst_A,2026-02-11 09:45:51,low
TXN-2012597,legit,,analyst_A,2026-02-11 10:14:30,high
TXN-2008292,legit,,analyst_A,2026-02-11 10:29:36,medium
TXN-2002600,legit,,analyst_B,2026-02-11 11:09:31,high
TXN-2017623,legit,,analyst_A,2026-02-11 12:18:52,high
TXN-2009682,legit,,analyst_A,2026-02-11 12:43:51,high
TXN-2003507,legit,,analyst_B,2026-02-11 14:13:47,medium
TXN-2009027,legit,,analyst_A,2026-02-11 14:25:14,low
TXN-2024165,legit,,analyst_A,2026-02-11 14:47:19,high
TXN-2008080,legit,,analyst_B,2026-02-11 15:58:07,medium
TXN-2015609,legit,,analyst_B,2026-02-11 16:00:37,low
TXN-2013793,legit,,analyst_A,2026-02-11 16:07:48,low
TXN-2008458,legit,,analyst_A,2026-02-11 16:41:46,high
TXN-2007266,legit,,analyst_A,2026-02-11 17:19:50,low
TXN-2015808,legit,,analyst_A,2026-02-11 17:48:43,medium
TXN-2012277,legit,,analyst_B,2026-02-11 18:27:30,high
TXN-2005184,legit,,analyst_B,2026-02-11 20:02:20,high
TXN-2003115,legit,,analyst_A,2026-02-11 20:51:04,low
TXN-2013642,legit,,analyst_A,2026-02-11 21:23:58,high
TXN-2021393,legit,,analyst_B,2026-02-11 21:27:04,high
TXN-2021449,legit,,analyst_A,2026-02-11 21:34:59,medium
TXN-2000460,legit,,analyst_B,2026-02-11 22:15:05,medium
TXN-2004462,legit,,analyst_A,2026-02-11 22:30:25,low
TXN-2000916,legit,,analyst_B,2026-02-11 23:47:54,high
TXN-2000795,legit,,analyst_A,2026-02-12 00:08:03,medium
TXN-2012229,legit,,analyst_B,2026-02-12 01:09:17,medium
TXN-2017830,legit,,analyst_A,2026-02-12 01:56:45,low
TXN-2022010,legit,,analyst_B,2026-02-12 02:39:39,high
TXN-2012176,legit,,analyst_A,2026-02-12 05:11:44,high
TXN-2024730,legit,,analyst_A,2026-02-12 11:09:28,medium
TXN-2021783,legit,,analyst_A,2026-02-12 11:25:51,high
TXN-2015345,legit,,analyst_A,2026-02-12 11:54:26,medium
TXN-2016477,legit,,analyst_A,2026-02-12 14:09:20,high
TXN-2023346,legit,,analyst_A,2026-02-12 14:33:43,high
TXN-2015023,legit,,analyst_B,2026-02-12 14:54:27,medium
TXN-2014190,legit,,analyst_A,2026-02-12 15:24:51,medium
TXN-2000353,legit,,analyst_A,2026-02-12 16:27:02,low
TXN-2020232,legit,,analyst_A,2026-02-12 16:34:24,medium
TXN-2022224,legit,,analyst_B,2026-02-12 16:56:58,medium
TXN-2002480,legit,,analyst_B,2026-02-12 17:18:32,low
TXN-2020147,legit,,analyst_B,2026-02-12 20:09:36,low
TXN-2009199,legit,,analyst_B,2026-02-12 20:29:12,low
TXN-2010633,legit,,analyst_B,2026-02-12 20:29:26,high
TXN-2014487,legit,,analyst_A,2026-02-12 20:29:55,medium
TXN-2008298,legit,,analyst_A,2026-02-12 21:48:56,low
TXN-2019642,legit,,analyst_B,2026-02-12 22:08:17,high
TXN-2014849,legit,,analyst_A,2026-02-13 03:24:45,medium
TXN-2013242,legit,,analyst_A,2026-02-13 03:25:22,high
TXN-2007269,legit,,analyst_B,2026-02-13 03:42:31,medium
TXN-2000488,legit,,analyst_B,2026-02-13 04:33:36,medium
TXN-2006111,legit,,analyst_B,2026-02-13 04:59:19,low
TXN-2021171,legit,,analyst_B,2026-02-13 05:57:41,high
TXN-2011716,legit,,analyst_B,2026-02-13 06:19:23,medium
TXN-2019087,legit,,analyst_B,2026-02-13 06:33:14,medium
TXN-2022114,legit,,analyst_B,2026-02-13 06:53:11,high
TXN-2008275,legit,,analyst_A,2026-02-13 06:53:16,high
TXN-2009627,legit,,analyst_B,2026-02-13 07:23:53,low
TXN-2003605,legit,,analyst_B,2026-02-13 07:24:00,medium
TXN-2001847,legit,,analyst_A,2026-02-13 07:42:12,high
TXN-2012805,legit,,analyst_A,2026-02-13 07:50:50,high
TXN-2002741,legit,,analyst_B,2026-02-13 08:17:26,high
TXN-2015877,legit,,analyst_B,2026-02-13 08:52:45,high
TXN-2002792,legit,,analyst_B,2026-02-13 10:13:58,high
TXN-2004834,legit,,analyst_A,2026-02-13 11:25:45,medium
TXN-2004897,legit,,analyst_A,2026-02-13 11:31:22,medium
TXN-2019826,legit,,analyst_A,2026-02-13 11:45:58,low
TXN-2014529,legit,,analyst_A,2026-02-13 12:41:02,high
TXN-2018206,legit,,analyst_B,2026-02-13 12:57:14,medium
TXN-2002843,legit,,analyst_B,2026-02-13 13:07:50,medium
TXN-2003358,legit,,analyst_A,2026-02-13 13:59:08,low
TXN-2022590,legit,,analyst_A,2026-02-13 14:07:53,medium
TXN-2021848,legit,,analyst_A,2026-02-13 15:02:56,high
TXN-2010695,legit,,analyst_B,2026-02-13 15:35:50,medium
TXN-2018604,legit,,analyst_A,2026-02-13 15:43:51,high
TXN-2002058,legit,,analyst_A,2026-02-13 16:26:03,low
TXN-2002015,legit,,analyst_A,2026-02-13 17:03:21,medium
TXN-2002819,legit,,analyst_A,2026-02-13 17:13:43,medium
TXN-2012320,legit,,analyst_B,2026-02-13 18:28:13,medium
TXN-2012253,legit,,analyst_A,2026-02-13 19:26:02,high
TXN-2014839,legit,,analyst_A,2026-02-13 19:45:31,high
TXN-2022823,legit,,analyst_B,2026-02-13 19:56:32,high
TXN-2003507,legit,,analyst_A,2026-02-13 20:13:47,high
TXN-2008157,legit,,analyst_B,2026-02-13 21:10:06,medium
TXN-2022528,legit,,analyst_B,2026-02-13 21:30:05,low
TXN-2002949,legit,,analyst_A,2026-02-13 22:53:46,high
TXN-2009262,legit,,analyst_B,2026-02-14 00:55:26,medium
TXN-2002279,legit,,analyst_B,2026-02-14 01:39:24,medium
TXN-2014566,legit,,analyst_A,2026-02-14 03:43:41,high
TXN-2024165,legit,,analyst_B,2026-02-14 03:47:19,medium
TXN-2020501,legit,,analyst_A,2026-02-14 04:28:12,high
TXN-2000833,legit,,analyst_B,2026-02-14 04:31:17,medium
TXN-2014797,legit,,analyst_B,2026-02-14 05:00:29,high
TXN-2004731,legit,,analyst_B,2026-02-14 05:24:41,low
TXN-2008670,legit,,analyst_A,2026-02-14 06:13:05,high
TXN-2020046,legit,,analyst_B,2026-02-14 06:21:32,low
TXN-2003467,legit,,analyst_A,2026-02-14 09:01:28,high
TXN-2000549,legit,,analyst_B,2026-02-14 09:20:21,medium
TXN-2007404,legit,,analyst_B,2026-02-14 12:26:06,medium
TXN-2005743,legit,,analyst_A,2026-02-14 12:42:12,low
TXN-2015141,legit,,analyst_B,2026-02-14 13:51:08,high
TXN-2014294,legit,,analyst_B,2026-02-14 15:24:04,low
TXN-2021914,legit,,analyst_A,2026-02-14 15:42:07,high
TXN-2008283,legit,,analyst_B,2026-02-14 16:48:40,medium
TXN-2012010,legit,,analyst_A,2026-02-14 17:02:29,medium
TXN-2007722,legit,,analyst_B,2026-02-14 17:10:04,low
TXN-2016492,legit,,analyst_B,2026-02-14 17:46:32,medium
TXN-2023852,legit,,analyst_A,2026-02-14 17:57:39,medium
TXN-2024773,legit,,analyst_A,2026-02-14 20:08:57,medium
TXN-2020768,legit,,analyst_B,2026-02-14 20:09:14,medium
TXN-2007390,legit,,analyst_A,2026-02-14 20:24:28,high
TXN-2016657,legit,,analyst_B,2026-02-14 21:34:30,low
TXN-2004135,legit,,analyst_A,2026-02-15 00:08:59,high
TXN-2020626,legit,,analyst_B,2026-02-15 01:58:36,low
TXN-2021530,legit,,analyst_B,2026-02-15 03:43:27,high
TXN-2015831,legit,,analyst_B,2026-02-15 03:48:29,low
TXN-2014729,legit,,analyst_B,2026-02-15 04:04:09,low
TXN-2004215,legit,,analyst_A,2026-02-15 04:08:16,medium
TXN-2013565,legit,,analyst_A,2026-02-15 04:22:48,high
TXN-2017670,legit,,analyst_B,2026-02-15 04:36:34,low
TXN-2004693,legit,,analyst_B,2026-02-15 05:54:29,high
TXN-2023701,legit,,analyst_B,2026-02-15 06:28:22,medium
TXN-2007173,legit,,analyst_A,2026-02-15 08:34:44,medium
TXN-2017597,legit,,analyst_A,2026-02-15 09:09:49,high
TXN-2012005,legit,,analyst_B,2026-02-15 09:27:24,medium
TXN-2001666,legit,,analyst_B,2026-02-15 09:49:02,high
TXN-2003178,legit,,analyst_B,2026-02-15 09:56:18,high
TXN-2000620,legit,,analyst_B,2026-02-15 10:23:09,medium
TXN-2021095,legit,,analyst_B,2026-02-15 10:48:05,medium
TXN-2008048,legit,,analyst_B,2026-02-15 11:27:05,medium
TXN-2009793,legit,,analyst_A,2026-02-15 11:41:08,high
TXN-2001836,legit,,analyst_A,2026-02-15 12:32:11,low
TXN-2014134,legit,,analyst_A,2026-02-15 12:42:44,medium
TXN-2016091,legit,,analyst_A,2026-02-15 12:46:11,high
TXN-2018858,legit,,analyst_A,2026-02-15 13:22:44,low
TXN-2008498,legit,,analyst_A,2026-02-15 13:58:04,medium
TXN-2008352,legit,,analyst_A,2026-02-15 14:59:17,high
TXN-2003666,legit,,analyst_B,2026-02-15 15:26:22,low
TXN-2003323,legit,,analyst_A,2026-02-15 15:46:47,medium
TXN-2019575,legit,,analyst_B,2026-02-15 15:53:23,high
TXN-2018128,legit,,analyst_A,2026-02-15 15:56:54,high
TXN-2003566,legit,,analyst_B,2026-02-15 16:37:50,medium
TXN-2009101,legit,,analyst_A,2026-02-15 18:05:45,medium
TXN-2011726,legit,,analyst_A,2026-02-15 20:37:09,low
TXN-2012001,legit,,analyst_B,2026-02-15 21:34:51,high
TXN-2015400,legit,,analyst_B,2026-02-15 21:43:58,low
TXN-2009887,legit,,analyst_B,2026-02-15 22:29:03,high
TXN-2010414,legit,,analyst_A,2026-02-15 23:43:33,medium
TXN-2006334,legit,,analyst_A,2026-02-16 00:28:23,medium
TXN-2009938,legit,,analyst_A,2026-02-16 00:29:06,medium
TXN-2017401,legit,,analyst_A,2026-02-16 03:21:50,low
TXN-2002764,legit,,analyst_A,2026-02-16 03:56:23,medium
TXN-2000498,legit,,analyst_B,2026-02-16 05:36:48,high
TXN-2020674,legit,,analyst_A,2026-02-16 07:56:47,high
TXN-2008064,legit,,analyst_B,2026-02-16 08:04:57,high
TXN-2002493,legit,,analyst_B,2026-02-16 08:07:04,low
TXN-2000161,legit,,analyst_B,2026-02-16 09:34:57,high
TXN-2013076,legit,,analyst_B,2026-02-16 09:59:51,high
TXN-2020716,legit,,analyst_A,2026-02-16 11:17:02,medium
TXN-2000825,legit,,analyst_A,2026-02-16 12:02:14,medium
TXN-2007416,legit,,analyst_A,2026-02-16 12:18:37,high
TXN-2018206,legit,,analyst_A,2026-02-16 13:57:14,medium
TXN-2001280,legit,,analyst_A,2026-02-16 14:56:43,medium
TXN-2024616,legit,,analyst_A,2026-02-16 15:21:25,high
TXN-2004385,legit,,analyst_B,2026-02-16 15:59:59,high
TXN-2008660,legit,,analyst_B,2026-02-16 16:31:35,medium
TXN-2013209,legit,,analyst_B,2026-02-16 18:25:34,high
TXN-2008665,legit,,analyst_B,2026-02-16 18:27:36,low
TXN-2007991,legit,,analyst_B,2026-02-16 19:53:15,high
TXN-2014186,legit,,analyst_A,2026-02-16 19:59:31,medium
TXN-2000559,legit,,analyst_B,2026-02-16 21:04:21,high
TXN-2012636,legit,,analyst_B,2026-02-16 22:44:07,medium
TXN-2024380,legit,,analyst_A,2026-02-16 22:55:23,medium
TXN-2003511,legit,,analyst_B,2026-02-16 23:28:09,medium
TXN-2004334,legit,,analyst_B,2026-02-17 02:54:29,medium
TXN-2020507,legit,,analyst_A,2026-02-17 04:26:34,high
TXN-2021171,legit,,analyst_A,2026-02-17 07:57:41,medium
TXN-2010241,legit,,analyst_B,2026-02-17 09:45:12,medium
TXN-2010875,legit,,analyst_B,2026-02-17 09:56:26,medium
TXN-2013138,legit,,analyst_A,2026-02-17 11:47:22,high
TXN-2009269,legit,,analyst_B,2026-02-17 14:30:52,high
TXN-2020294,legit,,analyst_B,2026-02-17 14:39:34,low
TXN-2001288,legit,,analyst_A,2026-02-17 15:50:55,low
TXN-2016530,legit,,analyst_A,2026-02-17 18:01:12,medium
TXN-2010353,legit,,analyst_A,2026-02-17 19:24:06,high
TXN-2004430,legit,,analyst_B,2026-02-17 19:32:34,high
TXN-2012917,legit,,analyst_B,2026-02-17 20:39:58,high
TXN-2017092,legit,,analyst_B,2026-02-17 21:49:26,medium
TXN-2015316,legit,,analyst_A,2026-02-17 21:51:52,medium
TXN-2022097,legit,,analyst_B,2026-02-18 00:59:56,low
TXN-2023725,legit,,analyst_B,2026-02-18 02:42:07,high
TXN-2012069,legit,,analyst_B,2026-02-18 02:50:05,low
TXN-2002697,legit,,analyst_B,2026-02-18 04:37:50,medium
TXN-2001770,legit,,analyst_B,2026-02-18 05:14:06,medium
TXN-2020513,legit,,analyst_A,2026-02-18 06:56:39,medium
TXN-2022850,legit,,analyst_B,2026-02-18 07:52:55,medium
TXN-2016974,legit,,analyst_A,2026-02-18 08:49:17,high
TXN-2005503,legit,,analyst_B,2026-02-18 08:56:15,high
TXN-2003973,legit,,analyst_A,2026-02-18 09:38:43,medium
TXN-2008474,legit,,analyst_B,2026-02-18 10:22:50,high
TXN-2012183,legit,,analyst_A,2026-02-18 11:16:08,high
TXN-2009630,legit,,analyst_A,2026-02-18 11:59:24,medium
TXN-2006266,legit,,analyst_B,2026-02-18 13:04:11,high
TXN-2016653,legit,,analyst_A,2026-02-18 13:51:28,high
TXN-2006051,legit,,analyst_A,2026-02-18 14:08:05,high
TXN-2008558,legit,,analyst_B,2026-02-18 14:52:38,high
TXN-2000754,legit,,analyst_A,2026-02-18 14:57:15,medium
TXN-2013483,legit,,analyst_B,2026-02-18 15:05:01,medium
TXN-2012397,legit,,analyst_A,2026-02-18 15:13:31,medium
TXN-2008921,legit,,analyst_B,2026-02-18 15:59:38,medium
TXN-2008868,legit,,analyst_A,2026-02-18 16:19:19,high
TXN-2003895,legit,,analyst_B,2026-02-18 16:33:38,medium
TXN-2009939,legit,,analyst_A,2026-02-18 16:52:57,medium
TXN-2003825,legit,,analyst_B,2026-02-18 18:02:57,medium
TXN-2005307,legit,,analyst_B,2026-02-18 19:17:16,high
TXN-2021731,legit,,analyst_A,2026-02-18 19:43:41,high
TXN-2010624,legit,,analyst_B,2026-02-18 20:20:10,high
TXN-2006530,legit,,analyst_B,2026-02-18 21:51:14,low
TXN-2022096,legit,,analyst_B,2026-02-18 23:31:07,high
TXN-2003668,legit,,analyst_B,2026-02-19 00:05:38,medium
TXN-2023602,legit,,analyst_A,2026-02-19 00:28:33,low
TXN-2009564,legit,,analyst_A,2026-02-19 00:47:00,medium
TXN-2002956,legit,,analyst_B,2026-02-19 01:30:25,medium
TXN-2000793,legit,,analyst_A,2026-02-19 01:32:36,high
TXN-2022176,legit,,analyst_B,2026-02-19 03:34:25,medium
TXN-2019493,legit,,analyst_A,2026-02-19 04:14:24,high
TXN-2002100,legit,,analyst_A,2026-02-19 04:32:28,high
TXN-2003035,legit,,analyst_B,2026-02-19 05:40:31,medium
TXN-2011841,legit,,analyst_A,2026-02-19 05:51:32,medium
TXN-2000257,legit,,analyst_A,2026-02-19 06:00:12,medium
TXN-2018216,legit,,analyst_B,2026-02-19 08:02:07,medium
TXN-2008064,legit,,analyst_A,2026-02-19 08:04:57,low
TXN-2019635,legit,,analyst_B,2026-02-19 10:37:37,medium
TXN-2011324,legit,,analyst_A,2026-02-19 10:57:17,high
TXN-2002989,legit,,analyst_B,2026-02-19 10:59:00,low
TXN-2022930,legit,,analyst_B,2026-02-19 11:54:19,low
TXN-2014256,legit,,analyst_B,2026-02-19 12:05:19,high
TXN-2015571,legit,,analyst_A,2026-02-19 12:53:17,low
TXN-2016403,legit,,analyst_A,2026-02-19 13:00:57,high
TXN-2004676,legit,,analyst_B,2026-02-19 14:08:29,medium
TXN-2005375,legit,,analyst_A,2026-02-19 14:23:58,medium
TXN-2003467,legit,,analyst_B,2026-02-19 15:01:28,medium
TXN-2013507,legit,,analyst_A,2026-02-19 16:35:04,low
TXN-2009177,legit,,analyst_A,2026-02-19 17:09:58,high
TXN-2023401,legit,,analyst_B,2026-02-19 17:43:09,low
TXN-2016881,legit,,analyst_A,2026-02-19 19:10:22,high
TXN-2001854,legit,,analyst_A,2026-02-19 19:58:00,low
TXN-2008287,legit,,analyst_B,2026-02-19 20:19:01,high
TXN-2003511,legit,,analyst_A,2026-02-19 21:28:09,high
TXN-2006370,legit,,analyst_A,2026-02-19 23:36:58,medium
TXN-2016326,legit,,analyst_B,2026-02-20 00:31:14,medium
TXN-2007739,legit,,analyst_A,2026-02-20 01:48:30,medium
TXN-2019772,legit,,analyst_A,2026-02-20 02:22:29,medium
TXN-2010040,legit,,analyst_B,2026-02-20 03:05:00,high
TXN-2022038,legit,,analyst_A,2026-02-20 03:51:34,medium
TXN-2006727,legit,,analyst_B,2026-02-20 03:52:03,low
TXN-2001792,legit,,analyst_B,2026-02-20 04:32:12,high
TXN-2022883,legit,,analyst_B,2026-02-20 05:43:53,medium
TXN-2009090,legit,,analyst_A,2026-02-20 07:23:36,low
TXN-2016767,legit,,analyst_A,2026-02-20 09:29:27,high
TXN-2006569,legit,,analyst_A,2026-02-20 12:29:02,high
TXN-2016130,legit,,analyst_A,2026-02-20 12:36:37,medium
TXN-2017440,legit,,analyst_A,2026-02-20 14:11:31,medium
TXN-2008932,legit,,analyst_A,2026-02-20 14:14:38,medium
TXN-2000790,legit,,analyst_A,2026-02-20 14:37:39,low
TXN-2003091,legit,,analyst_B,2026-02-20 15:12:30,high
TXN-2005139,legit,,analyst_A,2026-02-20 16:17:49,high
TXN-2008877,legit,,analyst_A,2026-02-20 18:03:53,medium
TXN-2013518,legit,,analyst_B,2026-02-20 19:03:18,low
TXN-2015612,legit,,analyst_A,2026-02-20 19:12:11,high
TXN-2021260,legit,,analyst_A,2026-02-20 19:25:03,medium
TXN-2009039,legit,,analyst_B,2026-02-20 20:14:56,high
TXN-2008354,legit,,analyst_A,2026-02-20 21:04:55,low
TXN-2001049,legit,,analyst_A,2026-02-20 22:07:01,medium
TXN-2023650,legit,,analyst_A,2026-02-20 22:09:47,high
TXN-2023626,legit,,analyst_A,2026-02-20 22:29:36,medium
TXN-2005472,legit,,analyst_A,2026-02-20 22:38:04,medium
TXN-2020885,legit,,analyst_A,2026-02-20 22:41:30,medium
TXN-2024185,legit,,analyst_A,2026-02-21 00:42:26,low
TXN-2005864,legit,,analyst_A,2026-02-21 02:23:22,high
TXN-2013212,legit,,analyst_A,2026-02-21 02:28:12,low
TXN-2004158,legit,,analyst_A,2026-02-21 02:30:22,medium
TXN-2012331,legit,,analyst_A,2026-02-21 03:56:21,medium
TXN-2023804,legit,,analyst_B,2026-02-21 04:04:12,medium
TXN-2007703,legit,,analyst_B,2026-02-21 04:46:21,low
TXN-2010467,legit,,analyst_B,2026-02-21 06:42:02,medium
TXN-2017865,legit,,analyst_A,2026-02-21 10:00:13,medium
TXN-2015884,legit,,analyst_B,2026-02-21 11:30:50,medium
TXN-2007794,legit,,analyst_A,2026-02-21 11:45:42,low
TXN-2004984,legit,,analyst_A,2026-02-21 12:39:19,high
TXN-2021487,legit,,analyst_B,2026-02-21 13:10:19,medium
TXN-2023697,legit,,analyst_A,2026-02-21 14:27:55,high
TXN-2007204,legit,,analyst_A,2026-02-21 16:17:11,medium
TXN-2024058,legit,,analyst_B,2026-02-21 16:59:25,low
TXN-2019391,legit,,analyst_A,2026-02-21 17:17:13,high
TXN-2024064,legit,,analyst_A,2026-02-21 18:18:22,high
TXN-2019711,legit,,analyst_B,2026-02-21 19:40:38,medium
TXN-2010473,legit,,analyst_A,2026-02-21 21:03:49,low
TXN-2000637,legit,,analyst_A,2026-02-21 21:20:05,high
TXN-2004313,legit,,analyst_A,2026-02-21 23:37:41,high
TXN-2005738,legit,,analyst_A,2026-02-21 23:44:51,high
TXN-2019814,legit,,analyst_B,2026-02-21 23:47:33,high
TXN-2011740,legit,,analyst_A,2026-02-22 03:08:53,medium
TXN-2018749,legit,,analyst_B,2026-02-22 03:26:54,high
TXN-2002941,legit,,analyst_B,2026-02-22 03:36:20,medium
TXN-2003480,legit,,analyst_B,2026-02-22 03:43:18,high
TXN-2015527,legit,,analyst_A,2026-02-22 03:53:28,high
TXN-2010237,legit,,analyst_A,2026-02-22 06:15:27,medium
TXN-2016993,legit,,analyst_A,2026-02-22 07:36:04,low
TXN-2005338,legit,,analyst_A,2026-02-22 07:56:52,high
TXN-2007608,legit,,analyst_B,2026-02-22 08:01:50,high
TXN-2009603,legit,,analyst_B,2026-02-22 08:25:25,high
TXN-2001065,legit,,analyst_B,2026-02-22 09:37:12,high
TXN-2009784,legit,,analyst_A,2026-02-22 10:09:57,medium
TXN-2000689,legit,,analyst_A,2026-02-22 10:18:26,high
TXN-2002973,legit,,analyst_B,2026-02-22 11:25:55,medium
TXN-2017324,legit,,analyst_A,2026-02-22 11:57:33,high
TXN-2007065,legit,,analyst_A,2026-02-22 12:33:44,high
TXN-2010497,legit,,analyst_A,2026-02-22 13:45:51,medium
TXN-2005272,legit,,analyst_A,2026-02-22 13:56:38,high
TXN-2006335,legit,,analyst_A,2026-02-22 14:28:14,low
TXN-2009619,legit,,analyst_B,2026-02-22 15:51:45,low
TXN-2016047,legit,,analyst_B,2026-02-22 16:02:42,medium
TXN-2002585,legit,,analyst_B,2026-02-22 16:59:53,low
TXN-2011010,legit,,analyst_A,2026-02-22 20:00:56,high
TXN-2007087,legit,,analyst_A,2026-02-22 20:03:42,low
TXN-2008462,legit,,analyst_A,2026-02-23 02:24:39,medium
TXN-2005553,legit,,analyst_B,2026-02-23 02:25:35,low
TXN-2007808,legit,,analyst_B,2026-02-23 03:46:23,low
TXN-2005842,legit,,analyst_A,2026-02-23 05:32:44,medium
TXN-2014137,legit,,analyst_A,2026-02-23 06:32:28,medium
TXN-2002793,legit,,analyst_A,2026-02-23 07:40:11,high
TXN-2014315,legit,,analyst_B,2026-02-23 08:31:54,low
TXN-2016850,legit,,analyst_B,2026-02-23 08:50:14,low
TXN-2021449,legit,,analyst_B,2026-02-23 09:34:59,high
TXN-2011821,legit,,analyst_B,2026-02-23 09:40:24,high
TXN-2017288,legit,,analyst_B,2026-02-23 09:54:25,high
TXN-2021873,legit,,analyst_A,2026-02-23 09:54:51,medium
TXN-2015571,legit,,analyst_B,2026-02-23 10:53:17,medium
TXN-2021284,legit,,analyst_B,2026-02-23 11:34:05,low
TXN-2012459,legit,,analyst_B,2026-02-23 11:41:48,medium
TXN-2019397,legit,,analyst_A,2026-02-23 14:34:33,medium
TXN-2015764,legit,,analyst_B,2026-02-23 15:08:59,high
TXN-2006153,legit,,analyst_B,2026-02-23 17:06:50,high
TXN-2003041,legit,,analyst_A,2026-02-23 18:25:30,high
TXN-2005035,legit,,analyst_A,2026-02-23 18:45:14,high
TXN-2004195,legit,,analyst_B,2026-02-23 19:15:34,high
TXN-2021001,legit,,analyst_A,2026-02-23 19:16:27,high
TXN-2013739,legit,,analyst_B,2026-02-23 19:17:09,high
TXN-2005957,legit,,analyst_B,2026-02-23 21:40:07,medium
TXN-2005128,legit,,analyst_A,2026-02-23 23:19:01,high
TXN-2018398,legit,,analyst_B,2026-02-23 23:36:14,medium
TXN-2003131,legit,,analyst_B,2026-02-23 23:48:58,low
TXN-2009039,legit,,analyst_A,2026-02-24 00:14:56,medium
TXN-2002208,legit,,analyst_B,2026-02-24 00:57:28,high
TXN-2023268,legit,,analyst_A,2026-02-24 02:38:13,low
TXN-2022724,legit,,analyst_A,2026-02-24 03:11:33,medium
TXN-2020583,legit,,analyst_A,2026-02-24 05:46:19,low
TXN-2006976,legit,,analyst_B,2026-02-24 06:27:22,low
TXN-2021596,legit,,analyst_A,2026-02-24 06:33:44,medium
TXN-2013399,legit,,analyst_A,2026-02-24 07:55:18,medium
TXN-2001332,legit,,analyst_A,2026-02-24 08:25:17,high
TXN-2000368,legit,,analyst_A,2026-02-24 08:58:19,high
TXN-2005363,legit,,analyst_A,2026-02-24 09:17:22,low
TXN-2012371,legit,,analyst_B,2026-02-24 09:50:04,medium
TXN-2006933,legit,,analyst_B,2026-02-24 10:34:10,high
TXN-2013913,legit,,analyst_B,2026-02-24 11:38:27,medium
TXN-2012667,legit,,analyst_A,2026-02-24 12:46:37,medium
TXN-2020595,legit,,analyst_A,2026-02-24 14:49:22,high
TXN-2004852,legit,,analyst_B,2026-02-24 15:20:02,low
TXN-2000623,legit,,analyst_B,2026-02-24 16:58:19,low
TXN-2008062,legit,,analyst_A,2026-02-24 17:56:57,high
TXN-2004338,legit,,analyst_A,2026-02-24 18:50:19,high
TXN-2012273,legit,,analyst_A,2026-02-24 19:45:54,high
TXN-2019262,legit,,analyst_A,2026-02-24 19:46:25,low
TXN-2008600,legit,,analyst_A,2026-02-24 20:10:18,high
TXN-2017979,legit,,analyst_A,2026-02-24 20:44:12,medium
TXN-2016118,legit,,analyst_A,2026-02-24 20:50:59,medium
TXN-2011591,legit,,analyst_B,2026-02-24 20:59:04,medium
TXN-2019661,legit,,analyst_A,2026-02-24 21:55:34,low
TXN-2009100,legit,,analyst_B,2026-02-24 22:25:55,medium
TXN-2022553,legit,,analyst_B,2026-02-24 23:00:05,medium
TXN-2009188,legit,,analyst_A,2026-02-25 00:07:24,medium
TXN-2019171,legit,,analyst_B,2026-02-25 01:10:59,low
TXN-2008508,legit,,analyst_A,2026-02-25 01:24:51,medium
TXN-2000419,legit,,analyst_B,2026-02-25 03:13:39,medium
TXN-2014773,legit,,analyst_A,2026-02-25 04:03:43,high
TXN-2019573,legit,,analyst_A,2026-02-25 04:15:31,medium
TXN-2023654,legit,,analyst_A,2026-02-25 04:35:32,high
TXN-2021131,legit,,analyst_B,2026-02-25 04:41:30,high
TXN-2004326,fraud,sim_swap,analyst_B,2026-02-25 05:01:15,medium
TXN-2001355,legit,,analyst_B,2026-02-25 05:06:02,medium
TXN-2008011,legit,,analyst_A,2026-02-25 06:14:26,low
TXN-2008314,legit,,analyst_A,2026-02-25 06:15:45,medium
TXN-2023355,legit,,analyst_A,2026-02-25 06:49:43,high
TXN-2010582,legit,,analyst_B,2026-02-25 07:32:13,high
TXN-2007184,legit,,analyst_A,2026-02-25 07:47:58,medium
TXN-2002180,legit,,analyst_B,2026-02-25 09:29:19,medium
TXN-2012931,legit,,analyst_A,2026-02-25 09:45:37,medium
TXN-2018213,legit,,analyst_B,2026-02-25 09:55:36,low
TXN-2006693,legit,,analyst_B,2026-02-25 11:06:16,medium
TXN-2021669,legit,,analyst_A,2026-02-25 13:52:09,high
TXN-2007171,legit,,analyst_A,2026-02-25 13:58:16,medium
TXN-2010489,legit,,analyst_B,2026-02-25 14:05:29,medium
TXN-2013778,legit,,analyst_B,2026-02-25 15:12:01,medium
TXN-2010817,legit,,analyst_B,2026-02-25 17:22:43,high
TXN-2018014,legit,,analyst_A,2026-02-25 17:26:23,low
TXN-2015695,legit,,analyst_A,2026-02-25 18:10:12,medium
TXN-2016045,legit,,analyst_B,2026-02-25 18:59:55,low
TXN-2022990,legit,,analyst_B,2026-02-25 19:52:54,low
TXN-2009632,legit,,analyst_A,2026-02-25 20:15:50,medium
TXN-2015644,legit,,analyst_B,2026-02-25 21:19:14,low
TXN-2024653,legit,,analyst_A,2026-02-25 22:54:04,high
TXN-2007087,legit,,analyst_B,2026-02-25 23:03:42,medium
TXN-2023076,legit,,analyst_B,2026-02-26 00:16:30,high
TXN-2003925,legit,,analyst_A,2026-02-26 00:34:00,low
TXN-2009566,legit,,analyst_A,2026-02-26 01:21:56,high
TXN-2013435,legit,,analyst_B,2026-02-26 02:19:14,medium
TXN-2015975,legit,,analyst_B,2026-02-26 03:09:33,medium
TXN-2001993,legit,,analyst_B,2026-02-26 03:46:14,high
TXN-2003890,legit,,analyst_A,2026-02-26 04:12:18,medium
TXN-2009180,legit,,analyst_A,2026-02-26 04:31:59,high
TXN-2006931,legit,,analyst_A,2026-02-26 05:08:51,high
TXN-2018799,legit,,analyst_A,2026-02-26 05:18:59,high
TXN-2012492,legit,,analyst_B,2026-02-26 07:36:58,high
TXN-2018086,legit,,analyst_A,2026-02-26 09:41:35,high
TXN-2010001,legit,,analyst_A,2026-02-26 10:02:32,high
TXN-2010555,legit,,analyst_B,2026-02-26 11:13:34,low
TXN-2006743,legit,,analyst_A,2026-02-26 11:44:56,low
TXN-2008880,legit,,analyst_B,2026-02-26 12:19:36,medium
TXN-2017173,legit,,analyst_A,2026-02-26 12:50:00,medium
TXN-2009434,legit,,analyst_A,2026-02-26 13:06:25,medium
TXN-2020137,legit,,analyst_B,2026-02-26 13:15:01,low
TXN-2020591,legit,,analyst_A,2026-02-26 15:28:11,medium
TXN-2020210,legit,,analyst_A,2026-02-26 16:15:45,high
TXN-2007027,legit,,analyst_B,2026-02-26 17:36:51,low
TXN-2004880,legit,,analyst_A,2026-02-26 18:28:14,high
TXN-2007739,legit,,analyst_B,2026-02-26 19:48:30,medium
TXN-2024094,legit,,analyst_B,2026-02-27 02:51:52,high
TXN-2002338,legit,,analyst_A,2026-02-27 02:58:36,medium
TXN-2016403,fraud,sim_swap,analyst_B,2026-02-27 04:00:57,high
TXN-2002976,legit,,analyst_B,2026-02-27 04:03:41,medium
TXN-2009360,legit,,analyst_B,2026-02-27 04:09:54,low
TXN-2021008,legit,,analyst_A,2026-02-27 04:17:28,medium
TXN-2002341,legit,,analyst_B,2026-02-27 04:24:22,medium
TXN-2000250,legit,,analyst_A,2026-02-27 05:15:55,medium
TXN-2024335,legit,,analyst_B,2026-02-27 06:03:28,high
TXN-2020779,legit,,analyst_A,2026-02-27 06:08:35,low
TXN-2001446,legit,,analyst_B,2026-02-27 06:43:21,high
TXN-2022649,legit,,analyst_A,2026-02-27 08:59:04,high
TXN-2003125,legit,,analyst_A,2026-02-27 10:26:08,medium
TXN-2021388,legit,,analyst_B,2026-02-27 10:33:17,high
TXN-2005224,legit,,analyst_B,2026-02-27 11:03:31,low
TXN-2020966,legit,,analyst_A,2026-02-27 11:25:10,low
TXN-2005979,legit,,analyst_B,2026-02-27 12:50:59,medium
TXN-2015483,legit,,analyst_B,2026-02-27 13:21:44,medium
TXN-2019025,legit,,analyst_B,2026-02-27 13:25:21,medium
TXN-2005707,legit,,analyst_A,2026-02-27 13:46:57,low
TXN-2002853,legit,,analyst_B,2026-02-27 14:49:18,medium
TXN-2021550,legit,,analyst_B,2026-02-27 14:57:43,medium
TXN-2010726,legit,,analyst_B,2026-02-27 15:13:23,high
TXN-2013001,legit,,analyst_B,2026-02-27 15:17:08,low
TXN-2022767,legit,,analyst_B,2026-02-27 15:31:08,high
TXN-2019339,legit,,analyst_B,2026-02-27 15:44:47,medium
TXN-2009662,legit,,analyst_A,2026-02-27 16:40:46,high
TXN-2003570,legit,,analyst_A,2026-02-27 16:56:36,medium
TXN-2022507,legit,,analyst_B,2026-02-27 17:24:47,high
TXN-2000343,legit,,analyst_B,2026-02-27 18:12:23,high
TXN-2015034,legit,,analyst_A,2026-02-27 18:13:02,low
TXN-2007991,legit,,analyst_A,2026-02-27 18:53:15,medium
TXN-2014372,legit,,analyst_A,2026-02-27 19:12:16,medium
TXN-2023479,legit,,analyst_B,2026-02-27 20:39:40,high
TXN-2007552,legit,,analyst_A,2026-02-27 20:45:28,medium
TXN-2002349,legit,,analyst_A,2026-02-27 21:30:20,high
TXN-2002158,legit,,analyst_A,2026-02-27 21:46:52,low
TXN-2010217,legit,,analyst_B,2026-02-27 23:08:13,medium
TXN-2023350,legit,,analyst_B,2026-02-27 23:29:04,medium
TXN-2006550,legit,,analyst_B,2026-02-28 00:20:21,high
TXN-2019149,legit,,analyst_A,2026-02-28 00:22:01,high
TXN-2019883,legit,,analyst_A,2026-02-28 01:07:26,low
TXN-2024307,legit,,analyst_A,2026-02-28 01:52:53,high
TXN-2010912,legit,,analyst_B,2026-02-28 02:05:39,medium
TXN-2007867,legit,,analyst_B,2026-02-28 02:27:06,low
TXN-2017475,legit,,analyst_A,2026-02-28 02:59:01,medium
TXN-2014393,legit,,analyst_B,2026-02-28 03:03:08,high
TXN-2001022,legit,,analyst_B,2026-02-28 07:21:26,low
TXN-2022946,legit,,analyst_A,2026-02-28 07:45:16,low
TXN-2012328,legit,,analyst_A,2026-02-28 07:51:12,medium
TXN-2005781,legit,,analyst_B,2026-02-28 07:54:49,low
TXN-2016830,legit,,analyst_B,2026-02-28 07:55:51,medium
TXN-2011896,legit,,analyst_B,2026-02-28 09:15:09,low
TXN-2024328,legit,,analyst_A,2026-02-28 09:20:22,high
TXN-2014853,legit,,analyst_A,2026-02-28 10:54:29,low
TXN-2001285,legit,,analyst_A,2026-02-28 11:40:16,medium
TXN-2017193,legit,,analyst_A,2026-02-28 11:59:53,high
TXN-2015531,legit,,analyst_A,2026-02-28 12:06:20,low
TXN-2005506,legit,,analyst_A,2026-02-28 12:50:23,low
TXN-2021486,legit,,analyst_A,2026-02-28 13:36:17,high
TXN-2007955,legit,,analyst_A,2026-02-28 14:40:55,medium
TXN-2021166,legit,,analyst_B,2026-02-28 14:59:08,high
TXN-2011751,legit,,analyst_A,2026-02-28 16:12:12,high
TXN-2018329,legit,,analyst_A,2026-02-28 16:21:31,medium
TXN-2007269,legit,,analyst_A,2026-02-28 16:42:31,high
TXN-2013661,legit,,analyst_A,2026-02-28 17:36:34,medium
TXN-2003208,legit,,analyst_B,2026-02-28 18:33:12,high
TXN-2004066,legit,,analyst_B,2026-02-28 18:38:26,medium
TXN-2005048,legit,,analyst_A,2026-02-28 19:20:18,medium
TXN-2007240,legit,,analyst_A,2026-02-28 19:45:19,medium
TXN-2009562,legit,,analyst_A,2026-02-28 20:47:36,medium
TXN-2016873,legit,,analyst_B,2026-02-28 22:45:20,high
TXN-2018718,legit,,analyst_A,2026-02-28 23:32:43,high
TXN-2013392,legit,,analyst_A,2026-02-28 23:41:48,high
TXN-2008603,legit,,analyst_B,2026-03-01 00:07:37,high
TXN-2009022,legit,,analyst_A,2026-03-01 00:29:30,medium
TXN-2001247,legit,,analyst_A,2026-03-01 00:41:18,low
TXN-2001649,legit,,analyst_B,2026-03-01 00:41:55,medium
TXN-2019097,legit,,analyst_B,2026-03-01 00:57:40,high
TXN-2000392,legit,,analyst_A,2026-03-01 01:15:24,high
TXN-2016513,legit,,analyst_A,2026-03-01 01:37:37,medium
TXN-2023528,legit,,analyst_A,2026-03-01 01:56:22,medium
TXN-2011603,legit,,analyst_A,2026-03-01 02:31:58,high
TXN-2004900,legit,,analyst_A,2026-03-01 03:02:09,low
TXN-2017782,legit,,analyst_A,2026-03-01 04:19:38,high
TXN-2005213,legit,,analyst_B,2026-03-01 05:03:36,high
TXN-2022121,legit,,analyst_A,2026-03-01 05:16:00,medium
TXN-2019629,legit,,analyst_A,2026-03-01 06:55:41,high
TXN-2006142,legit,,analyst_B,2026-03-01 08:18:38,medium
TXN-2024813,legit,,analyst_B,2026-03-01 09:16:14,high
TXN-2022734,fraud,social_engineering,analyst_B,2026-03-01 09:48:46,high
TXN-2011030,legit,,analyst_B,2026-03-01 10:17:56,medium
TXN-2010146,legit,,analyst_A,2026-03-01 11:26:14,medium
TXN-2016925,legit,,analyst_A,2026-03-01 11:27:25,low
TXN-2002834,legit,,analyst_B,2026-03-01 12:52:36,low
TXN-2001199,legit,,analyst_A,2026-03-01 13:34:35,high
TXN-2005443,legit,,analyst_B,2026-03-01 17:07:26,medium
TXN-2006961,legit,,analyst_A,2026-03-01 17:55:05,high
TXN-2004369,legit,,analyst_B,2026-03-01 18:05:57,low
TXN-2005189,legit,,analyst_B,2026-03-01 18:08:39,medium
TXN-2003150,legit,,analyst_A,2026-03-01 18:33:27,high
TXN-2024593,legit,,analyst_A,2026-03-01 18:35:32,low
TXN-2022082,legit,,analyst_A,2026-03-01 18:47:15,high
TXN-2009042,legit,,analyst_B,2026-03-01 21:00:41,medium
TXN-2022336,legit,,analyst_A,2026-03-01 21:49:41,medium
TXN-2023178,legit,,analyst_A,2026-03-01 22:18:25,low
TXN-2013925,legit,,analyst_A,2026-03-01 22:57:09,low
TXN-2001994,legit,,analyst_B,2026-03-01 23:03:56,high
TXN-2009773,legit,,analyst_B,2026-03-01 23:56:27,high
TXN-2007408,legit,,analyst_A,2026-03-02 00:05:50,medium
TXN-2024120,legit,,analyst_A,2026-03-02 00:40:10,medium
TXN-2020249,legit,,analyst_A,2026-03-02 01:16:08,high
TXN-2020725,legit,,analyst_B,2026-03-02 01:39:03,high
TXN-2000800,legit,,analyst_B,2026-03-02 01:44:56,high
TXN-2024880,legit,,analyst_B,2026-03-02 01:47:38,high
TXN-2013034,legit,,analyst_A,2026-03-02 03:35:23,medium
TXN-2024452,legit,,analyst_B,2026-03-02 03:39:41,low
TXN-2000585,legit,,analyst_A,2026-03-02 04:14:16,high
TXN-2012751,legit,,analyst_B,2026-03-02 04:34:08,high
TXN-2001146,legit,,analyst_A,2026-03-02 04:43:28,high
TXN-2013214,legit,,analyst_B,2026-03-02 07:21:18,high
TXN-2005480,legit,,analyst_B,2026-03-02 08:13:56,medium
TXN-2020943,legit,,analyst_A,2026-03-02 08:56:37,medium
TXN-2015239,legit,,analyst_A,2026-03-02 09:32:59,medium
TXN-2015596,legit,,analyst_B,2026-03-02 10:34:22,medium
TXN-2003733,legit,,analyst_B,2026-03-02 11:26:12,low
TXN-2003535,legit,,analyst_A,2026-03-02 12:16:35,low
TXN-2015811,legit,,analyst_A,2026-03-02 12:45:30,high
TXN-2004290,legit,,analyst_A,2026-03-02 13:13:45,medium
TXN-2019906,legit,,analyst_B,2026-03-02 13:23:33,medium
TXN-2014291,legit,,analyst_B,2026-03-02 13:43:46,high
TXN-2012099,legit,,analyst_A,2026-03-02 14:27:04,medium
TXN-2016075,legit,,analyst_B,2026-03-02 15:15:56,low
TXN-2019297,legit,,analyst_B,2026-03-02 15:37:14,low
TXN-2005294,legit,,analyst_B,2026-03-02 17:00:57,high
TXN-2011586,legit,,analyst_B,2026-03-02 19:43:19,low
TXN-2018400,legit,,analyst_B,2026-03-02 21:00:05,medium
TXN-2018605,legit,,analyst_B,2026-03-02 22:06:52,medium
TXN-2022091,legit,,analyst_B,2026-03-02 22:27:48,high
TXN-2015143,legit,,analyst_B,2026-03-02 22:46:53,high
TXN-2005056,legit,,analyst_B,2026-03-02 23:00:18,low
TXN-2022205,legit,,analyst_A,2026-03-02 23:30:38,high
TXN-2019271,legit,,analyst_A,2026-03-02 23:34:20,medium
TXN-2019754,legit,,analyst_A,2026-03-02 23:50:21,high
TXN-2018370,legit,,analyst_A,2026-03-03 00:29:56,medium
TXN-2001498,legit,,analyst_A,2026-03-03 00:46:12,medium
TXN-2001760,legit,,analyst_A,2026-03-03 00:55:34,high
TXN-2020179,legit,,analyst_B,2026-03-03 01:14:52,high
TXN-2003349,legit,,analyst_A,2026-03-03 03:08:49,medium
TXN-2020187,legit,,analyst_A,2026-03-03 03:40:28,high
TXN-2004505,legit,,analyst_A,2026-03-03 04:23:18,low
TXN-2019170,legit,,analyst_B,2026-03-03 04:46:01,high
TXN-2005223,legit,,analyst_B,2026-03-03 05:13:27,low
TXN-2024880,legit,,analyst_A,2026-03-03 06:47:38,low
TXN-2006376,legit,,analyst_A,2026-03-03 07:20:19,high
TXN-2002747,legit,,analyst_B,2026-03-03 08:24:26,high
TXN-2004511,legit,,analyst_B,2026-03-03 10:42:39,medium
TXN-2010866,legit,,analyst_B,2026-03-03 10:43:13,medium
TXN-2018173,legit,,analyst_A,2026-03-03 12:03:35,high
TXN-2023845,legit,,analyst_A,2026-03-03 13:15:35,low
TXN-2022981,legit,,analyst_B,2026-03-03 13:17:49,high
TXN-2000321,legit,,analyst_A,2026-03-03 14:18:47,high
TXN-2020133,legit,,analyst_B,2026-03-03 14:42:18,low
TXN-2007297,legit,,analyst_A,2026-03-03 15:02:11,low
TXN-2023046,legit,,analyst_A,2026-03-03 15:05:24,high
TXN-2014643,legit,,analyst_A,2026-03-03 17:33:34,low
TXN-2000025,legit,,analyst_A,2026-03-03 17:39:09,medium
TXN-2022269,legit,,analyst_A,2026-03-03 17:55:23,high
TXN-2007117,legit,,analyst_A,2026-03-03 18:03:23,low
TXN-2018816,legit,,analyst_B,2026-03-03 19:40:20,medium
TXN-2020590,legit,,analyst_B,2026-03-03 19:40:36,medium
TXN-2002824,legit,,analyst_A,2026-03-03 20:35:57,high
TXN-2009562,legit,,analyst_B,2026-03-03 20:47:36,high
TXN-2003982,legit,,analyst_B,2026-03-03 22:20:09,high
TXN-2000324,legit,,analyst_B,2026-03-03 23:15:04,low
TXN-2014384,legit,,analyst_A,2026-03-04 00:01:33,high
TXN-2017626,legit,,analyst_B,2026-03-04 00:03:08,medium
TXN-2011407,legit,,analyst_B,2026-03-04 00:13:08,medium
TXN-2022647,legit,,analyst_B,2026-03-04 00:58:25,medium
TXN-2022051,legit,,analyst_A,2026-03-04 01:51:36,medium
TXN-2006031,legit,,analyst_B,2026-03-04 02:16:23,medium
TXN-2019500,legit,,analyst_A,2026-03-04 02:45:50,high
TXN-2001101,legit,,analyst_B,2026-03-04 04:53:03,medium
TXN-2007207,legit,,analyst_B,2026-03-04 07:30:04,low
TXN-2014475,legit,,analyst_A,2026-03-04 09:54:51,medium
TXN-2018793,legit,,analyst_A,2026-03-04 11:02:55,medium
TXN-2009213,legit,,analyst_A,2026-03-04 11:16:50,high
TXN-2000015,legit,,analyst_A,2026-03-04 11:41:53,high
TXN-2002656,legit,,analyst_A,2026-03-04 12:12:09,medium
TXN-2001157,legit,,analyst_A,2026-03-04 13:10:46,high
TXN-2010581,legit,,analyst_A,2026-03-04 13:18:20,high
TXN-2011524,legit,,analyst_A,2026-03-04 13:36:29,low
TXN-2001920,legit,,analyst_B,2026-03-04 15:10:55,medium
TXN-2023956,legit,,analyst_B,2026-03-04 15:50:42,medium
TXN-2023062,legit,,analyst_A,2026-03-04 16:32:49,low
TXN-2008291,legit,,analyst_A,2026-03-04 16:40:14,high
TXN-2019029,legit,,analyst_B,2026-03-04 17:16:49,medium
TXN-2000225,legit,,analyst_B,2026-03-04 18:29:03,medium
TXN-2019643,legit,,analyst_A,2026-03-04 18:49:30,medium
TXN-2007956,legit,,analyst_A,2026-03-04 19:22:02,medium
TXN-2022507,legit,,analyst_A,2026-03-04 19:24:47,high
TXN-2015404,legit,,analyst_A,2026-03-04 20:08:38,high
TXN-2005693,legit,,analyst_A,2026-03-04 20:40:38,low
TXN-2001413,legit,,analyst_B,2026-03-04 20:55:16,high
TXN-2023505,legit,,analyst_A,2026-03-04 20:59:24,medium
TXN-2024724,legit,,analyst_B,2026-03-04 21:09:39,medium
TXN-2006033,legit,,analyst_B,2026-03-04 21:17:29,medium
TXN-2007393,legit,,analyst_B,2026-03-04 21:47:43,low
TXN-2003160,legit,,analyst_B,2026-03-04 21:55:53,high
TXN-2024968,legit,,analyst_A,2026-03-04 23:20:01,medium
TXN-2004624,legit,,analyst_A,2026-03-05 00:40:32,low
TXN-2009762,legit,,analyst_B,2026-03-05 01:15:56,high
TXN-2016945,legit,,analyst_A,2026-03-05 01:31:15,low
TXN-2006123,legit,,analyst_A,2026-03-05 02:52:03,medium
TXN-2013566,legit,,analyst_B,2026-03-05 03:33:12,medium
TXN-2015272,legit,,analyst_A,2026-03-05 03:47:41,medium
TXN-2002605,legit,,analyst_A,2026-03-05 03:49:26,low
TXN-2006864,legit,,analyst_A,2026-03-05 06:23:09,high
TXN-2016210,legit,,analyst_B,2026-03-05 06:59:37,medium
TXN-2022653,legit,,analyst_A,2026-03-05 07:34:26,high
TXN-2009143,legit,,analyst_B,2026-03-05 08:00:19,high
TXN-2019522,legit,,analyst_B,2026-03-05 08:19:53,high
TXN-2000655,legit,,analyst_B,2026-03-05 10:36:41,high
TXN-2006966,legit,,analyst_B,2026-03-05 10:42:57,low
TXN-2013993,legit,,analyst_A,2026-03-05 11:43:38,high
TXN-2013738,legit,,analyst_A,2026-03-05 11:57:38,medium
TXN-2000180,legit,,analyst_A,2026-03-05 13:03:11,high
TXN-2009714,legit,,analyst_A,2026-03-05 13:20:01,low
TXN-2007648,legit,,analyst_A,2026-03-05 13:30:39,medium
TXN-2016108,legit,,analyst_A,2026-03-05 13:43:26,high
TXN-2017544,legit,,analyst_B,2026-03-05 14:57:08,high
TXN-2013271,legit,,analyst_A,2026-03-05 15:09:45,medium
TXN-2004120,legit,,analyst_A,2026-03-05 15:42:01,high
TXN-2002397,legit,,analyst_B,2026-03-05 16:51:09,high
TXN-2015059,legit,,analyst_A,2026-03-05 17:20:27,medium
TXN-2020463,legit,,analyst_A,2026-03-05 18:11:47,high
TXN-2021388,legit,,analyst_A,2026-03-05 18:33:17,high
TXN-2017992,legit,,analyst_A,2026-03-05 18:40:45,medium
TXN-2009884,legit,,analyst_A,2026-03-05 19:25:52,high
TXN-2018702,legit,,analyst_A,2026-03-05 19:43:27,medium
TXN-2000867,legit,,analyst_B,2026-03-05 19:53:48,high
TXN-2020250,legit,,analyst_A,2026-03-05 20:21:17,medium
TXN-2015076,legit,,analyst_A,2026-03-06 00:35:04,high
TXN-2002261,legit,,analyst_B,2026-03-06 01:17:53,low
TXN-2024035,legit,,analyst_A,2026-03-06 01:57:45,medium
TXN-2018736,legit,,analyst_B,2026-03-06 01:59:33,medium
TXN-2018942,legit,,analyst_B,2026-03-06 02:32:59,low
TXN-2010743,legit,,analyst_B,2026-03-06 03:04:55,low
TXN-2012955,legit,,analyst_A,2026-03-06 04:06:36,high
TXN-2006124,legit,,analyst_B,2026-03-06 05:12:34,medium
TXN-2000844,legit,,analyst_B,2026-03-06 05:43:27,low
TXN-2022993,legit,,analyst_A,2026-03-06 06:09:03,low
TXN-2007547,legit,,analyst_A,2026-03-06 07:19:47,high
TXN-2011319,legit,,analyst_B,2026-03-06 07:53:42,high
TXN-2005740,legit,,analyst_B,2026-03-06 09:59:54,medium
TXN-2006941,legit,,analyst_B,2026-03-06 10:36:56,low
TXN-2015905,legit,,analyst_A,2026-03-06 12:42:58,high
TXN-2014363,legit,,analyst_B,2026-03-06 13:18:48,high
TXN-2008336,legit,,analyst_B,2026-03-06 15:10:15,high
TXN-2002619,legit,,analyst_A,2026-03-06 17:54:03,high
TXN-2002320,legit,,analyst_B,2026-03-06 19:03:30,high
TXN-2014522,legit,,analyst_A,2026-03-06 20:48:27,low
TXN-2004125,legit,,analyst_A,2026-03-06 20:57:37,medium
TXN-2014611,legit,,analyst_B,2026-03-06 21:05:13,low
TXN-2013578,legit,,analyst_A,2026-03-06 21:29:35,high
TXN-2008148,legit,,analyst_B,2026-03-06 22:52:11,medium
TXN-2011741,legit,,analyst_A,2026-03-06 23:25:34,high
TXN-2016985,legit,,analyst_B,2026-03-06 23:43:10,low
TXN-2016574,legit,,analyst_B,2026-03-07 00:41:38,medium
TXN-2006822,legit,,analyst_A,2026-03-07 01:29:14,medium
TXN-2015307,legit,,analyst_B,2026-03-07 01:54:14,high
TXN-2001471,legit,,analyst_A,2026-03-07 03:08:44,medium
TXN-2010270,legit,,analyst_B,2026-03-07 04:46:12,medium
TXN-2000041,legit,,analyst_A,2026-03-07 04:49:44,medium
TXN-2009360,legit,,analyst_A,2026-03-07 05:09:54,low
TXN-2003711,legit,,analyst_B,2026-03-07 05:43:56,low
TXN-2014295,legit,,analyst_B,2026-03-07 07:47:40,high
TXN-2014529,legit,,analyst_B,2026-03-07 08:41:02,high
TXN-2014868,legit,,analyst_B,2026-03-07 08:49:53,medium
TXN-2021707,legit,,analyst_A,2026-03-07 09:37:42,medium
TXN-2002200,legit,,analyst_B,2026-03-07 09:41:09,low
TXN-2024788,legit,,analyst_B,2026-03-07 10:01:45,medium
TXN-2013077,legit,,analyst_A,2026-03-07 11:37:51,low
TXN-2018278,legit,,analyst_A,2026-03-07 12:25:16,high
TXN-2002470,legit,,analyst_A,2026-03-07 12:58:41,medium
TXN-2009258,legit,,analyst_B,2026-03-07 14:07:14,medium
TXN-2017645,legit,,analyst_B,2026-03-07 16:15:51,medium
TXN-2008948,legit,,analyst_B,2026-03-07 16:30:14,medium
TXN-2017299,legit,,analyst_A,2026-03-07 17:39:26,high
TXN-2022123,legit,,analyst_A,2026-03-07 18:53:33,medium
TXN-2010927,legit,,analyst_B,2026-03-07 18:54:43,low
TXN-2010798,legit,,analyst_B,2026-03-07 18:58:01,low
TXN-2019802,legit,,analyst_A,2026-03-07 19:12:33,high
TXN-2024540,legit,,analyst_A,2026-03-07 19:35:46,medium
TXN-2023270,legit,,analyst_B,2026-03-07 20:19:55,high
TXN-2005740,legit,,analyst_A,2026-03-07 20:59:54,low
TXN-2001899,legit,,analyst_A,2026-03-07 21:07:16,medium
TXN-2009310,legit,,analyst_B,2026-03-07 21:33:07,medium
TXN-2017187,legit,,analyst_A,2026-03-07 22:19:31,low
TXN-2007708,legit,,analyst_A,2026-03-07 23:47:12,high
TXN-2011896,legit,,analyst_A,2026-03-08 00:15:09,medium
TXN-2015468,legit,,analyst_A,2026-03-08 00:28:09,high
TXN-2014077,legit,,analyst_B,2026-03-08 00:45:05,medium
TXN-2023830,legit,,analyst_B,2026-03-08 01:31:21,medium
TXN-2022183,legit,,analyst_A,2026-03-08 01:41:51,high
TXN-2009369,legit,,analyst_B,2026-03-08 01:54:41,medium
TXN-2001178,legit,,analyst_A,2026-03-08 02:21:47,medium
TXN-2012763,legit,,analyst_B,2026-03-08 02:54:50,medium
TXN-2016825,legit,,analyst_B,2026-03-08 03:35:44,medium
TXN-2023410,legit,,analyst_B,2026-03-08 05:13:47,medium
TXN-2004326,legit,,analyst_A,2026-03-08 07:01:15,medium
TXN-2014128,legit,,analyst_B,2026-03-08 07:18:20,medium
TXN-2013380,legit,,analyst_A,2026-03-08 07:19:09,high
TXN-2013513,legit,,analyst_B,2026-03-08 11:23:18,medium
TXN-2002033,legit,,analyst_B,2026-03-08 11:26:59,high
TXN-2024498,legit,,analyst_B,2026-03-08 11:49:44,high
TXN-2015042,legit,,analyst_B,2026-03-08 11:56:22,medium
TXN-2014038,legit,,analyst_A,2026-03-08 12:55:44,high
TXN-2020949,legit,,analyst_A,2026-03-08 17:44:47,high
TXN-2000946,legit,,analyst_A,2026-03-08 17:53:40,low
TXN-2015628,legit,,analyst_A,2026-03-08 20:04:31,high
TXN-2001699,legit,,analyst_A,2026-03-08 21:09:08,high
TXN-2000353,legit,,analyst_B,2026-03-08 21:27:02,low
TXN-2014642,legit,,analyst_A,2026-03-08 22:15:20,high
TXN-2006863,legit,,analyst_A,2026-03-08 23:45:59,high
TXN-2023455,legit,,analyst_A,2026-03-09 00:13:31,high
TXN-2012926,legit,,analyst_A,2026-03-09 00:54:42,high
TXN-2004353,legit,,analyst_B,2026-03-09 05:05:47,medium
TXN-2000753,legit,,analyst_A,2026-03-09 05:24:23,high
TXN-2022164,legit,,analyst_A,2026-03-09 05:47:50,high
TXN-2010017,legit,,analyst_A,2026-03-09 05:51:46,medium
TXN-2016613,legit,,analyst_B,2026-03-09 06:20:28,medium
TXN-2006760,legit,,analyst_A,2026-03-09 06:50:11,medium
TXN-2024373,legit,,analyst_B,2026-03-09 07:15:57,medium
TXN-2009771,legit,,analyst_A,2026-03-09 07:42:10,high
TXN-2012264,legit,,analyst_B,2026-03-09 09:10:14,medium
TXN-2002143,legit,,analyst_A,2026-03-09 09:18:50,medium
TXN-2004679,legit,,analyst_A,2026-03-09 12:07:05,high
TXN-2018389,legit,,analyst_A,2026-03-09 12:08:05,medium
TXN-2017242,legit,,analyst_B,2026-03-09 13:16:08,high
TXN-2022276,legit,,analyst_B,2026-03-09 14:16:59,high
TXN-2018142,legit,,analyst_B,2026-03-09 16:04:33,high
TXN-2015754,legit,,analyst_B,2026-03-09 16:19:28,medium
TXN-2019124,legit,,analyst_A,2026-03-09 22:27:21,medium
TXN-2001520,legit,,analyst_A,2026-03-09 22:42:56,high
TXN-2018897,legit,,analyst_A,2026-03-09 23:17:35,low
TXN-2019526,legit,,analyst_A,2026-03-10 00:31:47,high
TXN-2000139,legit,,analyst_A,2026-03-10 01:28:53,medium
TXN-2002689,legit,,analyst_A,2026-03-10 02:30:21,low
TXN-2001471,legit,,analyst_B,2026-03-10 03:08:44,low
TXN-2011100,legit,,analyst_A,2026-03-10 04:53:58,high
TXN-2005640,legit,,analyst_A,2026-03-10 06:27:28,medium
TXN-2011271,legit,,analyst_A,2026-03-10 07:19:23,medium
TXN-2004051,legit,,analyst_A,2026-03-10 09:25:51,medium
TXN-2016186,legit,,analyst_B,2026-03-10 09:54:44,high
TXN-2016407,legit,,analyst_B,2026-03-10 11:55:13,low
TXN-2006591,legit,,analyst_A,2026-03-10 13:55:49,medium
TXN-2015598,legit,,analyst_A,2026-03-10 14:28:11,high
TXN-2018482,legit,,analyst_A,2026-03-10 14:39:40,high
TXN-2022427,legit,,analyst_A,2026-03-10 15:14:59,medium
TXN-2018496,legit,,analyst_B,2026-03-10 16:12:47,high
TXN-2000303,legit,,analyst_A,2026-03-10 16:35:09,low
TXN-2002281,legit,,analyst_A,2026-03-10 16:53:29,medium
TXN-2017563,legit,,analyst_A,2026-03-10 17:45:20,low
TXN-2003477,legit,,analyst_B,2026-03-10 18:06:39,medium
TXN-2001445,legit,,analyst_B,2026-03-10 23:34:07,high
TXN-2024643,legit,,analyst_A,2026-03-11 00:13:35,high
TXN-2006186,legit,,analyst_A,2026-03-11 00:39:30,medium
TXN-2011803,legit,,analyst_B,2026-03-11 01:14:49,high
TXN-2006302,legit,,analyst_B,2026-03-11 02:32:10,medium
TXN-2006018,legit,,analyst_B,2026-03-11 03:00:55,low
TXN-2004243,legit,,analyst_A,2026-03-11 03:09:31,medium
TXN-2016769,legit,,analyst_B,2026-03-11 04:00:44,medium
TXN-2002518,legit,,analyst_A,2026-03-11 04:06:52,low
TXN-2013602,legit,,analyst_A,2026-03-11 04:08:23,medium
TXN-2009540,legit,,analyst_A,2026-03-11 04:26:12,low
TXN-2021948,legit,,analyst_A,2026-03-11 05:29:58,medium
TXN-2013963,legit,,analyst_A,2026-03-11 05:34:32,medium
TXN-2003237,legit,,analyst_A,2026-03-11 05:52:32,low
TXN-2002217,legit,,analyst_A,2026-03-11 06:23:18,high
TXN-2009302,legit,,analyst_A,2026-03-11 07:44:53,high
TXN-2015868,legit,,analyst_B,2026-03-11 08:07:56,high
TXN-2023397,legit,,analyst_A,2026-03-11 08:28:24,low
TXN-2013437,legit,,analyst_B,2026-03-11 08:56:25,medium
TXN-2024038,legit,,analyst_B,2026-03-11 09:03:46,medium
TXN-2023931,legit,,analyst_B,2026-03-11 09:09:39,medium
TXN-2010888,legit,,analyst_A,2026-03-11 10:49:58,high
TXN-2022651,legit,,analyst_A,2026-03-11 11:51:42,high
TXN-2023278,legit,,analyst_B,2026-03-11 11:55:12,high
TXN-2008858,legit,,analyst_A,2026-03-11 12:11:21,medium
TXN-2002933,legit,,analyst_A,2026-03-11 12:31:11,high
TXN-2019879,legit,,analyst_A,2026-03-11 13:51:05,high
TXN-2015285,legit,,analyst_A,2026-03-11 14:25:36,medium
TXN-2009861,legit,,analyst_A,2026-03-11 15:05:09,high
TXN-2019450,legit,,analyst_A,2026-03-11 17:20:08,high
TXN-2016920,legit,,analyst_B,2026-03-11 17:35:02,high
TXN-2018024,legit,,analyst_A,2026-03-11 18:17:23,medium
TXN-2017107,legit,,analyst_B,2026-03-11 18:36:25,high
TXN-2009358,legit,,analyst_A,2026-03-11 19:37:22,high
TXN-2008670,legit,,analyst_B,2026-03-11 20:13:05,medium
TXN-2009615,legit,,analyst_B,2026-03-11 20:21:26,medium
TXN-2013072,legit,,analyst_A,2026-03-12 00:11:12,low
TXN-2018924,legit,,analyst_B,2026-03-12 04:07:26,high
TXN-2000956,legit,,analyst_B,2026-03-12 04:34:08,high
TXN-2016531,legit,,analyst_B,2026-03-12 07:25:48,low
TXN-2008274,legit,,analyst_A,2026-03-12 07:48:38,medium
TXN-2012643,legit,,analyst_A,2026-03-12 08:09:00,medium
TXN-2003306,legit,,analyst_A,2026-03-12 08:19:45,high
TXN-2000718,legit,,analyst_B,2026-03-12 08:56:49,low
TXN-2006622,legit,,analyst_A,2026-03-12 10:00:33,high
TXN-2018922,legit,,analyst_A,2026-03-12 10:04:13,high
TXN-2008013,legit,,analyst_A,2026-03-12 10:14:23,medium
TXN-2004478,legit,,analyst_B,2026-03-12 11:23:16,medium
TXN-2021881,legit,,analyst_A,2026-03-12 11:49:36,medium
TXN-2005160,legit,,analyst_B,2026-03-12 12:05:23,high
TXN-2016148,legit,,analyst_A,2026-03-12 12:19:33,high
TXN-2004461,legit,,analyst_B,2026-03-12 12:37:43,high
TXN-2000309,legit,,analyst_A,2026-03-12 12:48:56,high
TXN-2016252,legit,,analyst_A,2026-03-12 12:59:05,low
TXN-2003817,legit,,analyst_A,2026-03-12 13:36:33,low
TXN-2001509,legit,,analyst_B,2026-03-12 14:07:02,medium
TXN-2019781,legit,,analyst_A,2026-03-12 15:55:50,high
TXN-2018054,legit,,analyst_B,2026-03-12 16:29:55,medium
TXN-2022996,legit,,analyst_A,2026-03-12 16:48:21,high
TXN-2022642,legit,,analyst_B,2026-03-12 17:52:06,high
TXN-2001867,legit,,analyst_A,2026-03-12 18:04:55,medium
TXN-2021204,legit,,analyst_A,2026-03-12 20:12:09,medium
TXN-2014841,legit,,analyst_A,2026-03-12 20:56:45,medium
TXN-2015383,legit,,analyst_A,2026-03-12 21:09:03,medium
TXN-2007610,legit,,analyst_A,2026-03-12 21:46:46,low
TXN-2014955,legit,,analyst_B,2026-03-12 22:10:56,low
TXN-2013481,legit,,analyst_A,2026-03-12 23:48:38,high
TXN-2003209,legit,,analyst_A,2026-03-12 23:57:15,low
TXN-2018709,legit,,analyst_A,2026-03-13 00:53:40,high
TXN-2021539,legit,,analyst_B,2026-03-13 01:31:36,medium
TXN-2004302,legit,,analyst_A,2026-03-13 03:04:08,high
TXN-2004455,legit,,analyst_B,2026-03-13 03:12:01,medium
TXN-2001955,legit,,analyst_B,2026-03-13 04:48:30,low
TXN-2021213,legit,,analyst_B,2026-03-13 05:57:09,low
TXN-2002807,legit,,analyst_A,2026-03-13 06:28:45,medium
TXN-2009373,legit,,analyst_A,2026-03-13 08:28:05,low
TXN-2022163,legit,,analyst_A,2026-03-13 09:12:51,medium
TXN-2005698,legit,,analyst_B,2026-03-13 09:59:52,high
TXN-2010962,legit,,analyst_A,2026-03-13 10:18:19,medium
TXN-2007599,legit,,analyst_B,2026-03-13 10:27:49,medium
TXN-2013880,legit,,analyst_A,2026-03-13 12:01:54,medium
TXN-2023248,legit,,analyst_B,2026-03-13 13:16:08,medium
TXN-2008069,legit,,analyst_A,2026-03-13 13:34:09,high
TXN-2007236,legit,,analyst_B,2026-03-13 14:06:57,high
TXN-2018120,legit,,analyst_B,2026-03-13 14:24:37,high
TXN-2021309,legit,,analyst_B,2026-03-13 15:20:24,high
TXN-2011058,legit,,analyst_A,2026-03-13 16:04:06,medium
TXN-2007648,legit,,analyst_B,2026-03-13 16:30:39,high
TXN-2018099,legit,,analyst_A,2026-03-13 18:36:59,high
TXN-2015165,legit,,analyst_A,2026-03-13 18:58:17,medium
TXN-2002771,legit,,analyst_B,2026-03-13 19:25:45,high
TXN-2024164,legit,,analyst_A,2026-03-13 20:11:03,medium
TXN-2011839,legit,,analyst_A,2026-03-13 21:39:43,low
TXN-2022460,legit,,analyst_B,2026-03-13 22:04:23,medium
TXN-2005110,legit,,analyst_B,2026-03-13 22:08:15,high
TXN-2004393,legit,,analyst_B,2026-03-13 23:28:25,high
TXN-2024431,legit,,analyst_A,2026-03-13 23:46:26,high
TXN-2009482,legit,,analyst_A,2026-03-14 00:54:15,high
TXN-2013881,legit,,analyst_A,2026-03-14 01:14:18,medium
TXN-2003135,legit,,analyst_A,2026-03-14 01:30:07,high
TXN-2012750,legit,,analyst_B,2026-03-14 02:19:38,low
TXN-2021695,legit,,analyst_B,2026-03-14 03:20:35,high
TXN-2006332,legit,,analyst_B,2026-03-14 05:29:35,medium
TXN-2002673,legit,,analyst_B,2026-03-14 05:34:25,medium
TXN-2002673,legit,,analyst_A,2026-03-14 05:34:25,high
TXN-2009883,legit,,analyst_A,2026-03-14 05:40:11,low
TXN-2002863,legit,,analyst_B,2026-03-14 06:38:01,high
TXN-2017786,legit,,analyst_B,2026-03-14 06:49:56,high
TXN-2024826,legit,,analyst_B,2026-03-14 07:03:20,low
TXN-2024495,legit,,analyst_A,2026-03-14 07:20:31,medium
TXN-2018970,legit,,analyst_A,2026-03-14 08:21:41,medium
TXN-2014092,legit,,analyst_B,2026-03-14 08:26:57,high
TXN-2020781,legit,,analyst_A,2026-03-14 08:45:55,high
TXN-2024033,legit,,analyst_A,2026-03-14 08:47:45,low
TXN-2002565,legit,,analyst_A,2026-03-14 09:18:57,medium
TXN-2011201,legit,,analyst_A,2026-03-14 09:47:05,medium
TXN-2022147,legit,,analyst_B,2026-03-14 09:48:17,low
TXN-2018202,legit,,analyst_A,2026-03-14 10:53:16,high
TXN-2001816,fraud,account_takeover,analyst_B,2026-03-14 13:04:41,high
TXN-2011523,legit,,analyst_A,2026-03-14 15:12:36,high
TXN-2005831,legit,,analyst_A,2026-03-14 15:43:50,high
TXN-2000372,legit,,analyst_B,2026-03-14 16:58:40,medium
TXN-2022399,legit,,analyst_A,2026-03-14 18:37:06,low
TXN-2011256,legit,,analyst_A,2026-03-14 20:36:31,high
TXN-2006804,legit,,analyst_B,2026-03-14 23:05:42,medium
TXN-2007762,legit,,analyst_B,2026-03-14 23:15:11,medium
TXN-2006323,legit,,analyst_B,2026-03-14 23:24:49,medium
TXN-2009837,legit,,analyst_B,2026-03-15 01:09:29,high
TXN-2023099,legit,,analyst_A,2026-03-15 04:35:01,high
TXN-2001966,legit,,analyst_A,2026-03-15 04:50:46,high
TXN-2008661,legit,,analyst_B,2026-03-15 05:28:33,medium
TXN-2021309,legit,,analyst_A,2026-03-15 06:20:24,high
TXN-2023126,legit,,analyst_B,2026-03-15 07:11:57,medium
TXN-2003373,legit,,analyst_A,2026-03-15 08:06:06,medium
TXN-2008392,legit,,analyst_A,2026-03-15 08:26:49,high
TXN-2007965,legit,,analyst_A,2026-03-15 08:28:44,medium
TXN-2005520,legit,,analyst_A,2026-03-15 08:53:38,medium
TXN-2018597,legit,,analyst_B,2026-03-15 09:11:42,low
TXN-2007750,legit,,analyst_A,2026-03-15 09:57:56,low
TXN-2000935,legit,,analyst_A,2026-03-15 10:02:14,medium
TXN-2010062,legit,,analyst_B,2026-03-15 12:46:53,high
TXN-2011589,legit,,analyst_A,2026-03-15 12:53:05,low
TXN-2005400,legit,,analyst_A,2026-03-15 13:32:23,low
TXN-2019309,legit,,analyst_B,2026-03-15 13:59:59,high
TXN-2006234,legit,,analyst_A,2026-03-15 15:34:04,medium
TXN-2022205,legit,,analyst_B,2026-03-15 16:30:38,low
TXN-2020858,legit,,analyst_A,2026-03-15 16:30:57,high
TXN-2014930,legit,,analyst_A,2026-03-15 17:16:35,high
TXN-2002695,legit,,analyst_A,2026-03-15 17:49:26,high
TXN-2003243,legit,,analyst_B,2026-03-15 17:57:50,high
TXN-2016460,legit,,analyst_B,2026-03-15 18:49:37,high
TXN-2009200,legit,,analyst_B,2026-03-15 20:07:49,medium
TXN-2012695,legit,,analyst_A,2026-03-15 20:39:59,low
TXN-2006940,legit,,analyst_A,2026-03-15 21:13:01,medium
TXN-2008789,legit,,analyst_B,2026-03-15 21:45:20,medium
TXN-2013324,legit,,analyst_A,2026-03-15 22:13:37,medium
TXN-2013249,legit,,analyst_A,2026-03-16 00:28:12,low
TXN-2007308,legit,,analyst_A,2026-03-16 03:26:04,low
TXN-2014712,legit,,analyst_A,2026-03-16 04:34:23,low
TXN-2019905,legit,,analyst_A,2026-03-16 05:22:16,medium
TXN-2019810,legit,,analyst_B,2026-03-16 05:47:49,low
TXN-2013006,legit,,analyst_B,2026-03-16 06:45:35,low
TXN-2014250,legit,,analyst_A,2026-03-16 07:17:35,medium
TXN-2015009,legit,,analyst_B,2026-03-16 07:44:27,high
TXN-2002080,legit,,analyst_A,2026-03-16 08:12:30,high
TXN-2012736,legit,,analyst_B,2026-03-16 09:46:49,medium
TXN-2013181,legit,,analyst_B,2026-03-16 10:25:37,medium
TXN-2015884,legit,,analyst_A,2026-03-16 10:30:50,high
TXN-2016983,legit,,analyst_A,2026-03-16 10:55:04,medium
TXN-2009278,legit,,analyst_B,2026-03-16 12:24:01,low
TXN-2000103,legit,,analyst_A,2026-03-16 12:58:55,high
TXN-2012190,legit,,analyst_A,2026-03-16 14:20:09,medium
TXN-2006419,legit,,analyst_B,2026-03-16 14:21:49,high
TXN-2023652,legit,,analyst_A,2026-03-16 14:48:15,medium
TXN-2017135,legit,,analyst_A,2026-03-16 15:36:07,high
TXN-2014794,legit,,analyst_A,2026-03-16 15:46:07,medium
TXN-2004787,legit,,analyst_A,2026-03-16 15:56:19,high
TXN-2019624,legit,,analyst_B,2026-03-16 16:07:55,high
TXN-2012068,legit,,analyst_A,2026-03-16 16:22:32,medium
TXN-2015868,legit,,analyst_A,2026-03-16 17:07:56,low
TXN-2023101,legit,,analyst_B,2026-03-16 17:58:02,high
TXN-2003893,legit,,analyst_A,2026-03-16 18:27:02,medium
TXN-2005993,legit,,analyst_A,2026-03-16 20:12:06,high
TXN-2007299,legit,,analyst_B,2026-03-16 21:47:39,low
TXN-2008715,legit,,analyst_B,2026-03-16 21:48:20,medium
TXN-2021026,legit,,analyst_B,2026-03-16 21:48:43,high
TXN-2005640,legit,,analyst_B,2026-03-16 22:27:28,high
TXN-2009574,legit,,analyst_A,2026-03-16 22:31:45,medium
TXN-2011864,legit,,analyst_A,2026-03-17 00:22:50,high
TXN-2000856,legit,,analyst_A,2026-03-17 02:08:26,medium
TXN-2016507,legit,,analyst_A,2026-03-17 02:26:03,low
TXN-2002416,legit,,analyst_B,2026-03-17 03:29:37,medium
TXN-2019958,legit,,analyst_B,2026-03-17 04:54:39,medium
TXN-2012763,legit,,analyst_A,2026-03-17 05:54:50,medium
TXN-2018341,legit,,analyst_A,2026-03-17 06:13:30,high
TXN-2024357,legit,,analyst_A,2026-03-17 06:26:21,high
TXN-2016645,legit,,analyst_B,2026-03-17 06:32:18,high
TXN-2000052,legit,,analyst_B,2026-03-17 07:13:15,low
TXN-2014919,legit,,analyst_B,2026-03-17 09:00:01,high
TXN-2005787,legit,,analyst_A,2026-03-17 09:48:53,medium
TXN-2003380,legit,,analyst_B,2026-03-17 09:52:46,high
TXN-2014603,legit,,analyst_B,2026-03-17 10:24:34,high
TXN-2006753,legit,,analyst_B,2026-03-17 10:34:56,medium
TXN-2015242,legit,,analyst_B,2026-03-17 11:22:07,medium
TXN-2003077,legit,,analyst_B,2026-03-17 11:53:47,low
TXN-2021140,legit,,analyst_B,2026-03-17 12:21:24,high
TXN-2003270,legit,,analyst_B,2026-03-17 12:36:10,low
TXN-2002390,legit,,analyst_A,2026-03-17 15:19:11,medium
TXN-2009677,legit,,analyst_A,2026-03-17 15:27:07,low
TXN-2013959,legit,,analyst_A,2026-03-17 16:30:42,medium
TXN-2008295,legit,,analyst_A,2026-03-17 17:41:34,high
TXN-2012629,legit,,analyst_B,2026-03-17 18:39:51,high
TXN-2002759,legit,,analyst_A,2026-03-17 19:02:25,medium
TXN-2017732,legit,,analyst_A,2026-03-17 19:32:43,medium
TXN-2000995,legit,,analyst_A,2026-03-17 19:45:26,medium
TXN-2016484,legit,,analyst_A,2026-03-17 21:31:13,high
TXN-2015897,legit,,analyst_B,2026-03-17 21:53:39,high
TXN-2023547,legit,,analyst_A,2026-03-17 22:19:08,high
TXN-2002020,legit,,analyst_B,2026-03-17 23:30:58,medium
TXN-2000967,legit,,analyst_B,2026-03-17 23:35:13,high
TXN-2023356,legit,,analyst_A,2026-03-18 00:18:31,low
TXN-2022542,legit,,analyst_A,2026-03-18 01:08:45,medium
TXN-2014677,legit,,analyst_A,2026-03-18 01:19:09,high
TXN-2007839,legit,,analyst_A,2026-03-18 02:34:01,low
TXN-2015292,legit,,analyst_A,2026-03-18 04:53:13,high
TXN-2002705,legit,,analyst_B,2026-03-18 05:04:24,low
TXN-2008789,legit,,analyst_A,2026-03-18 05:45:20,low
TXN-2006048,legit,,analyst_A,2026-03-18 06:00:40,medium
TXN-2012860,legit,,analyst_B,2026-03-18 06:04:06,medium
TXN-2017368,legit,,analyst_A,2026-03-18 07:06:02,high
TXN-2004415,legit,,analyst_A,2026-03-18 08:06:55,low
TXN-2024140,legit,,analyst_A,2026-03-18 08:55:34,high
TXN-2012617,legit,,analyst_A,2026-03-18 10:48:14,high
TXN-2005173,legit,,analyst_A,2026-03-18 11:00:56,medium
TXN-2003391,legit,,analyst_B,2026-03-18 11:20:48,low
TXN-2021749,legit,,analyst_A,2026-03-18 11:39:12,medium
TXN-2023287,legit,,analyst_B,2026-03-18 12:02:18,high
TXN-2005271,legit,,analyst_A,2026-03-18 12:24:15,high
TXN-2010830,legit,,analyst_B,2026-03-18 12:24:31,high
TXN-2019870,legit,,analyst_B,2026-03-18 13:51:55,medium
TXN-2011214,legit,,analyst_B,2026-03-18 13:56:27,medium
TXN-2003651,legit,,analyst_B,2026-03-18 15:16:35,low
TXN-2022349,legit,,analyst_A,2026-03-18 15:17:52,low
TXN-2008050,legit,,analyst_B,2026-03-18 15:44:37,medium
TXN-2020568,legit,,analyst_A,2026-03-18 16:11:01,high
TXN-2017823,legit,,analyst_A,2026-03-18 16:46:00,high
TXN-2002660,legit,,analyst_A,2026-03-18 16:46:44,medium
TXN-2023001,legit,,analyst_B,2026-03-18 16:48:10,medium
TXN-2024862,legit,,analyst_A,2026-03-18 17:54:08,high
TXN-2012154,legit,,analyst_A,2026-03-18 18:12:22,medium
TXN-2009522,legit,,analyst_B,2026-03-18 19:45:49,medium
TXN-2010658,legit,,analyst_B,2026-03-18 21:07:38,medium
TXN-2021352,legit,,analyst_B,2026-03-18 21:25:58,high
TXN-2003373,legit,,analyst_B,2026-03-19 00:06:06,medium
TXN-2000254,legit,,analyst_A,2026-03-19 00:55:08,high
TXN-2005354,legit,,analyst_B,2026-03-19 01:51:32,high
TXN-2013698,legit,,analyst_A,2026-03-19 01:54:20,low
TXN-2010748,legit,,analyst_A,2026-03-19 03:47:29,low
TXN-2024663,legit,,analyst_A,2026-03-19 03:51:34,high
TXN-2020688,legit,,analyst_A,2026-03-19 04:18:11,high
TXN-2017900,legit,,analyst_B,2026-03-19 04:46:34,medium
TXN-2017924,legit,,analyst_B,2026-03-19 05:31:45,high
TXN-2024392,legit,,analyst_A,2026-03-19 05:47:28,high
TXN-2004296,legit,,analyst_A,2026-03-19 05:58:37,high
TXN-2006150,legit,,analyst_A,2026-03-19 06:08:01,high
TXN-2005912,legit,,analyst_A,2026-03-19 06:33:47,low
TXN-2011307,legit,,analyst_B,2026-03-19 06:46:17,high
TXN-2009892,legit,,analyst_A,2026-03-19 07:29:43,high
TXN-2020135,legit,,analyst_A,2026-03-19 07:31:50,high
TXN-2007801,legit,,analyst_B,2026-03-19 07:38:59,medium
TXN-2003341,legit,,analyst_A,2026-03-19 08:16:42,medium
TXN-2024736,legit,,analyst_B,2026-03-19 08:24:42,medium
TXN-2016372,legit,,analyst_B,2026-03-19 08:30:05,medium
TXN-2010974,legit,,analyst_A,2026-03-19 09:38:41,medium
TXN-2002433,legit,,analyst_B,2026-03-19 10:11:42,medium
TXN-2014777,legit,,analyst_B,2026-03-19 14:50:54,medium
TXN-2007698,legit,,analyst_B,2026-03-19 15:01:17,low
TXN-2021083,legit,,analyst_A,2026-03-19 16:00:17,low
TXN-2006680,legit,,analyst_A,2026-03-19 16:01:29,medium
TXN-2019376,legit,,analyst_A,2026-03-19 16:06:56,low
TXN-2020900,legit,,analyst_A,2026-03-19 16:19:50,high
TXN-2001285,legit,,analyst_B,2026-03-19 17:40:16,high
TXN-2006961,legit,,analyst_B,2026-03-19 18:55:05,high
TXN-2022550,legit,,analyst_B,2026-03-19 19:08:52,medium
TXN-2019868,legit,,analyst_B,2026-03-19 20:26:35,low
TXN-2014955,legit,,analyst_A,2026-03-19 21:10:56,high
TXN-2024262,legit,,analyst_B,2026-03-19 21:35:10,medium
TXN-2008251,legit,,analyst_B,2026-03-19 22:12:04,medium
TXN-2016573,legit,,analyst_B,2026-03-19 22:45:16,high
TXN-2018630,legit,,analyst_A,2026-03-19 23:08:56,low
TXN-2008773,legit,,analyst_B,2026-03-20 00:51:46,high
TXN-2017720,legit,,analyst_A,2026-03-20 01:16:16,medium
TXN-2022912,legit,,analyst_A,2026-03-20 02:00:33,medium
TXN-2017741,legit,,analyst_A,2026-03-20 02:55:16,high
TXN-2017121,legit,,analyst_A,2026-03-20 03:12:46,high
TXN-2023367,legit,,analyst_B,2026-03-20 03:41:04,medium
TXN-2014932,legit,,analyst_A,2026-03-20 03:44:25,medium
TXN-2015272,legit,,analyst_B,2026-03-20 03:47:41,low
TXN-2009954,legit,,analyst_A,2026-03-20 05:59:12,medium
TXN-2005277,legit,,analyst_A,2026-03-20 06:39:21,medium
TXN-2012356,legit,,analyst_A,2026-03-20 06:52:52,high
TXN-2019000,legit,,analyst_B,2026-03-20 08:12:25,high
TXN-2005131,legit,,analyst_A,2026-03-20 09:23:55,medium
TXN-2015261,legit,,analyst_A,2026-03-20 09:46:15,medium
TXN-2024484,legit,,analyst_A,2026-03-20 11:07:11,high
TXN-2003357,fraud,merchant_collusion,analyst_B,2026-03-20 11:28:42,high
TXN-2004698,legit,,analyst_B,2026-03-20 12:44:51,high
TXN-2012828,legit,,analyst_B,2026-03-20 14:01:48,medium
TXN-2010527,legit,,analyst_B,2026-03-20 14:03:36,medium
TXN-2004294,legit,,analyst_B,2026-03-20 14:31:34,medium
TXN-2020743,legit,,analyst_B,2026-03-20 14:37:40,medium
TXN-2018757,legit,,analyst_A,2026-03-20 15:17:22,high
TXN-2004398,legit,,analyst_B,2026-03-20 18:10:50,high
TXN-2020165,legit,,analyst_A,2026-03-20 20:48:02,high
TXN-2004890,legit,,analyst_B,2026-03-20 21:16:30,low
TXN-2023188,legit,,analyst_A,2026-03-20 22:05:10,medium
TXN-2014504,legit,,analyst_B,2026-03-20 22:55:55,low
TXN-2006022,legit,,analyst_A,2026-03-20 23:31:17,high
TXN-2016199,legit,,analyst_A,2026-03-21 00:20:29,medium
TXN-2004655,legit,,analyst_B,2026-03-21 01:42:05,high
TXN-2021109,legit,,analyst_B,2026-03-21 02:00:42,high
TXN-2002943,legit,,analyst_B,2026-03-21 02:26:44,high
TXN-2019395,legit,,analyst_B,2026-03-21 02:33:25,medium
TXN-2010602,legit,,analyst_A,2026-03-21 02:33:36,medium
TXN-2022467,legit,,analyst_A,2026-03-21 03:08:46,medium
TXN-2008518,legit,,analyst_B,2026-03-21 03:20:37,high
TXN-2002513,legit,,analyst_A,2026-03-21 03:29:01,high
TXN-2019929,legit,,analyst_B,2026-03-21 04:16:06,medium
TXN-2009037,legit,,analyst_B,2026-03-21 05:21:26,medium
TXN-2019388,legit,,analyst_A,2026-03-21 06:41:17,medium
TXN-2000718,legit,,analyst_A,2026-03-21 06:56:49,medium
TXN-2020096,legit,,analyst_A,2026-03-21 07:54:38,low
TXN-2017907,legit,,analyst_A,2026-03-21 08:01:56,medium
TXN-2009487,legit,,analyst_A,2026-03-21 08:42:27,medium
TXN-2008792,legit,,analyst_A,2026-03-21 09:01:44,high
TXN-2013018,legit,,analyst_A,2026-03-21 09:28:55,medium
TXN-2017037,legit,,analyst_A,2026-03-21 09:43:13,high
TXN-2011118,legit,,analyst_B,2026-03-21 10:47:01,medium
TXN-2022484,legit,,analyst_A,2026-03-21 12:20:10,medium
TXN-2022739,legit,,analyst_A,2026-03-21 12:34:27,medium
TXN-2020894,legit,,analyst_A,2026-03-21 12:41:01,low
TXN-2011925,legit,,analyst_B,2026-03-21 13:19:44,high
TXN-2011431,legit,,analyst_B,2026-03-21 13:40:27,medium
TXN-2003040,legit,,analyst_A,2026-03-21 13:57:02,medium
TXN-2016589,legit,,analyst_A,2026-03-21 14:57:47,medium
TXN-2015425,legit,,analyst_A,2026-03-21 15:52:37,medium
TXN-2021404,legit,,analyst_A,2026-03-21 16:42:59,high
TXN-2015221,legit,,analyst_A,2026-03-21 18:02:53,medium
TXN-2018351,legit,,analyst_A,2026-03-21 18:27:51,high
TXN-2012419,legit,,analyst_B,2026-03-21 18:52:42,high
TXN-2022487,legit,,analyst_B,2026-03-21 18:58:53,medium
TXN-2007516,legit,,analyst_A,2026-03-21 19:12:28,medium
TXN-2006778,legit,,analyst_A,2026-03-21 20:17:59,medium
TXN-2023462,legit,,analyst_A,2026-03-21 21:35:25,low
TXN-2004106,legit,,analyst_A,2026-03-21 21:48:58,medium
TXN-2008021,legit,,analyst_B,2026-03-21 22:22:14,high
TXN-2016371,legit,,analyst_A,2026-03-21 22:41:11,high
TXN-2012366,legit,,analyst_A,2026-03-21 23:17:54,high
TXN-2013899,legit,,analyst_A,2026-03-22 01:39:08,low
TXN-2011062,legit,,analyst_A,2026-03-22 02:42:20,high
TXN-2007232,legit,,analyst_B,2026-03-22 03:08:02,high
TXN-2001934,legit,,analyst_A,2026-03-22 03:41:32,low
TXN-2004331,legit,,analyst_A,2026-03-22 06:25:30,medium
TXN-2021572,legit,,analyst_A,2026-03-22 06:35:45,high
TXN-2021607,legit,,analyst_A,2026-03-22 07:41:10,medium
TXN-2016935,legit,,analyst_A,2026-03-22 08:01:58,high
TXN-2007272,legit,,analyst_B,2026-03-22 08:17:51,high
TXN-2005232,legit,,analyst_A,2026-03-22 10:30:42,low
TXN-2016102,legit,,analyst_B,2026-03-22 10:39:38,high
TXN-2023991,legit,,analyst_B,2026-03-22 11:12:00,high
TXN-2018498,legit,,analyst_B,2026-03-22 11:47:51,medium
TXN-2015215,legit,,analyst_B,2026-03-22 12:34:40,high
TXN-2021722,legit,,analyst_A,2026-03-22 12:40:47,high
TXN-2012555,legit,,analyst_B,2026-03-22 13:22:27,medium
TXN-2005342,legit,,analyst_A,2026-03-22 14:00:24,high
TXN-2020305,legit,,analyst_B,2026-03-22 14:27:15,medium
TXN-2004389,legit,,analyst_A,2026-03-22 15:02:04,high
TXN-2009380,legit,,analyst_A,2026-03-22 16:24:53,medium
TXN-2010621,legit,,analyst_A,2026-03-22 18:31:34,medium
TXN-2011094,legit,,analyst_A,2026-03-22 18:32:09,high
TXN-2004740,legit,,analyst_A,2026-03-22 19:00:18,high
TXN-2012643,legit,,analyst_B,2026-03-22 19:09:00,medium
TXN-2004294,fraud,social_engineering,analyst_A,2026-03-22 19:31:34,medium
TXN-2015531,legit,,analyst_B,2026-03-22 20:06:20,low
TXN-2022974,legit,,analyst_A,2026-03-22 21:27:48,low
TXN-2001912,legit,,analyst_A,2026-03-22 21:33:48,high
TXN-2001307,legit,,analyst_A,2026-03-22 22:10:40,low
TXN-2010541,legit,,analyst_B,2026-03-22 23:11:00,low
TXN-2011664,legit,,analyst_B,2026-03-22 23:13:39,low
TXN-2019011,legit,,analyst_A,2026-03-22 23:27:03,medium
TXN-2009452,legit,,analyst_A,2026-03-22 23:40:14,high
TXN-2008483,legit,,analyst_B,2026-03-23 01:02:50,medium
TXN-2009266,legit,,analyst_A,2026-03-23 01:03:37,high
TXN-2023316,legit,,analyst_A,2026-03-23 02:04:45,high
TXN-2010140,legit,,analyst_A,2026-03-23 04:20:40,low
TXN-2020229,legit,,analyst_A,2026-03-23 04:51:53,low
TXN-2018359,legit,,analyst_A,2026-03-23 05:48:38,high
TXN-2005435,legit,,analyst_A,2026-03-23 06:25:48,medium
TXN-2003464,legit,,analyst_A,2026-03-23 06:39:35,high
TXN-2009831,legit,,analyst_A,2026-03-23 09:27:13,low
TXN-2018738,legit,,analyst_A,2026-03-23 10:09:00,high
TXN-2024003,fraud,social_engineering,analyst_A,2026-03-23 10:17:46,high
TXN-2003396,legit,,analyst_A,2026-03-23 10:30:43,medium
TXN-2017613,legit,,analyst_A,2026-03-23 10:51:17,medium
TXN-2005150,legit,,analyst_A,2026-03-23 10:55:19,medium
TXN-2001307,legit,,analyst_B,2026-03-23 11:10:40,high
TXN-2014988,legit,,analyst_B,2026-03-23 11:22:47,high
TXN-2002541,legit,,analyst_A,2026-03-23 12:42:36,medium
TXN-2011408,legit,,analyst_A,2026-03-23 12:56:33,high
TXN-2023410,legit,,analyst_A,2026-03-23 14:13:47,high
TXN-2015182,fraud,account_takeover,analyst_A,2026-03-23 20:20:29,medium
TXN-2021902,legit,,analyst_A,2026-03-23 20:49:04,medium
TXN-2019684,legit,,analyst_A,2026-03-23 21:01:09,medium
TXN-2008396,legit,,analyst_A,2026-03-23 21:41:53,low
TXN-2022005,legit,,analyst_B,2026-03-23 22:14:20,medium
TXN-2011921,legit,,analyst_A,2026-03-23 22:20:51,low
TXN-2024949,legit,,analyst_A,2026-03-23 23:05:45,high
TXN-2023451,legit,,analyst_A,2026-03-23 23:32:13,high
TXN-2009144,legit,,analyst_B,2026-03-23 23:59:42,medium
TXN-2024882,legit,,analyst_A,2026-03-24 01:27:59,medium
TXN-2008783,legit,,analyst_B,2026-03-24 01:46:36,high
TXN-2017192,legit,,analyst_A,2026-03-24 04:05:08,low
TXN-2022217,legit,,analyst_B,2026-03-24 04:08:46,medium
TXN-2006554,legit,,analyst_A,2026-03-24 04:19:22,medium
TXN-2001350,legit,,analyst_A,2026-03-24 05:07:34,high
TXN-2001734,legit,,analyst_B,2026-03-24 05:54:10,medium
TXN-2000198,legit,,analyst_B,2026-03-24 06:44:32,low
TXN-2008202,legit,,analyst_B,2026-03-24 06:48:36,medium
TXN-2001100,legit,,analyst_A,2026-03-24 08:00:07,high
TXN-2010723,legit,,analyst_B,2026-03-24 09:35:24,low
TXN-2021988,legit,,analyst_A,2026-03-24 10:30:32,high
TXN-2001755,legit,,analyst_A,2026-03-24 10:53:12,medium
TXN-2005954,legit,,analyst_B,2026-03-24 11:31:22,low
TXN-2017491,legit,,analyst_B,2026-03-24 12:20:56,low
TXN-2014654,legit,,analyst_B,2026-03-24 12:24:12,medium
TXN-2014340,legit,,analyst_A,2026-03-24 12:51:53,medium
TXN-2003401,legit,,analyst_B,2026-03-24 15:16:06,high
TXN-2015182,legit,,analyst_B,2026-03-24 15:20:29,low
TXN-2024835,legit,,analyst_B,2026-03-24 15:28:20,high
TXN-2016158,legit,,analyst_A,2026-03-24 15:48:33,medium
TXN-2010327,legit,,analyst_B,2026-03-24 16:10:04,low
TXN-2009365,legit,,analyst_B,2026-03-24 16:52:50,high
TXN-2014606,legit,,analyst_B,2026-03-24 17:35:43,medium
TXN-2002889,legit,,analyst_A,2026-03-24 18:50:57,medium
TXN-2018593,legit,,analyst_B,2026-03-24 19:03:30,high
TXN-2000901,legit,,analyst_A,2026-03-24 19:18:02,high
TXN-2004481,legit,,analyst_B,2026-03-24 19:22:36,medium
TXN-2015811,legit,,analyst_B,2026-03-24 19:45:30,medium
TXN-2013178,legit,,analyst_B,2026-03-24 19:57:22,high
TXN-2018844,legit,,analyst_A,2026-03-24 20:32:19,medium
TXN-2005002,legit,,analyst_B,2026-03-24 22:11:43,high
TXN-2000095,legit,,analyst_A,2026-03-24 22:15:21,medium
TXN-2010672,legit,,analyst_A,2026-03-24 22:36:33,medium
TXN-2016276,legit,,analyst_B,2026-03-25 01:26:05,high
TXN-2020251,legit,,analyst_B,2026-03-25 02:50:54,low
TXN-2000847,legit,,analyst_B,2026-03-25 04:43:10,medium
TXN-2009147,legit,,analyst_B,2026-03-25 05:27:41,high
TXN-2001343,legit,,analyst_A,2026-03-25 05:30:01,medium
TXN-2024112,legit,,analyst_B,2026-03-25 06:32:12,medium
TXN-2007388,legit,,analyst_B,2026-03-25 07:55:27,low
TXN-2019281,legit,,analyst_A,2026-03-25 09:05:42,medium
TXN-2016362,legit,,analyst_B,2026-03-25 09:18:18,medium
TXN-2008163,legit,,analyst_A,2026-03-25 09:33:34,low
TXN-2014365,legit,,analyst_A,2026-03-25 10:27:11,low
TXN-2014328,legit,,analyst_A,2026-03-25 12:40:26,medium
TXN-2023698,legit,,analyst_B,2026-03-25 14:33:09,low
TXN-2019185,legit,,analyst_A,2026-03-25 14:48:51,medium
TXN-2008362,legit,,analyst_B,2026-03-25 17:23:55,low
TXN-2023191,legit,,analyst_B,2026-03-25 18:46:57,medium
TXN-2007714,legit,,analyst_A,2026-03-25 19:38:18,high
TXN-2018331,legit,,analyst_B,2026-03-25 20:51:52,medium
TXN-2006408,legit,,analyst_A,2026-03-25 21:17:27,medium
TXN-2022605,legit,,analyst_B,2026-03-25 21:25:02,high
TXN-2024847,legit,,analyst_B,2026-03-25 21:37:37,high
TXN-2000822,legit,,analyst_A,2026-03-25 23:24:06,medium
TXN-2017079,legit,,analyst_A,2026-03-25 23:36:46,medium
TXN-2010039,legit,,analyst_A,2026-03-25 23:54:33,medium
TXN-2021922,legit,,analyst_B,2026-03-26 00:06:22,low
TXN-2020683,legit,,analyst_B,2026-03-26 01:26:53,medium
TXN-2012669,legit,,analyst_A,2026-03-26 01:33:03,medium
TXN-2019927,legit,,analyst_A,2026-03-26 04:05:36,medium
TXN-2006749,legit,,analyst_A,2026-03-26 05:48:50,high
TXN-2007924,legit,,analyst_B,2026-03-26 06:06:16,high
TXN-2013172,legit,,analyst_A,2026-03-26 06:28:47,medium
TXN-2002714,legit,,analyst_B,2026-03-26 08:05:41,high
TXN-2013727,legit,,analyst_A,2026-03-26 08:08:48,medium
TXN-2019231,legit,,analyst_B,2026-03-26 09:42:58,low
TXN-2011706,legit,,analyst_A,2026-03-26 09:48:45,low
TXN-2018093,legit,,analyst_B,2026-03-26 10:44:08,low
TXN-2005875,legit,,analyst_B,2026-03-26 11:20:00,low
TXN-2007502,legit,,analyst_B,2026-03-26 11:26:26,low
TXN-2010061,legit,,analyst_B,2026-03-26 13:31:01,high
TXN-2019157,legit,,analyst_A,2026-03-26 13:51:15,medium
TXN-2010542,legit,,analyst_B,2026-03-26 13:56:30,high
TXN-2008188,legit,,analyst_A,2026-03-26 14:48:31,medium
TXN-2011803,legit,,analyst_A,2026-03-26 15:14:49,high
TXN-2005997,legit,,analyst_A,2026-03-26 15:40:02,high
TXN-2021823,legit,,analyst_B,2026-03-26 18:56:54,medium
TXN-2020931,legit,,analyst_A,2026-03-26 19:12:55,high
TXN-2007284,legit,,analyst_A,2026-03-26 19:13:56,high
TXN-2017479,legit,,analyst_A,2026-03-26 19:13:58,high
TXN-2003962,legit,,analyst_B,2026-03-26 19:32:50,low
TXN-2024378,legit,,analyst_A,2026-03-26 20:15:24,low
TXN-2013598,legit,,analyst_B,2026-03-26 20:42:31,high
TXN-2002065,legit,,analyst_B,2026-03-26 21:34:52,high
TXN-2012303,legit,,analyst_A,2026-03-26 21:46:16,high
TXN-2023932,legit,,analyst_B,2026-03-26 22:41:20,medium
TXN-2024922,legit,,analyst_A,2026-03-26 22:57:20,medium
TXN-2014819,legit,,analyst_B,2026-03-26 23:42:47,high
TXN-2011747,legit,,analyst_B,2026-03-26 23:55:24,medium
TXN-2012188,legit,,analyst_A,2026-03-27 00:10:49,high
TXN-2022610,legit,,analyst_B,2026-03-27 00:25:44,low
TXN-2012512,legit,,analyst_B,2026-03-27 01:17:13,high
TXN-2003256,legit,,analyst_A,2026-03-27 01:40:03,medium
TXN-2009108,legit,,analyst_A,2026-03-27 01:51:00,medium
TXN-2023729,legit,,analyst_A,2026-03-27 02:34:50,high
TXN-2009961,legit,,analyst_B,2026-03-27 03:33:13,high
TXN-2003789,legit,,analyst_B,2026-03-27 03:42:15,medium
TXN-2001741,legit,,analyst_A,2026-03-27 03:51:03,medium
TXN-2011042,legit,,analyst_A,2026-03-27 04:04:43,medium
TXN-2007924,legit,,analyst_A,2026-03-27 04:06:16,high
TXN-2015908,legit,,analyst_A,2026-03-27 04:15:40,low
TXN-2021209,legit,,analyst_A,2026-03-27 05:00:32,low
TXN-2006377,legit,,analyst_A,2026-03-27 07:00:37,high
TXN-2008600,legit,,analyst_B,2026-03-27 08:10:18,medium
TXN-2024514,legit,,analyst_B,2026-03-27 09:02:01,high
TXN-2008043,legit,,analyst_A,2026-03-27 10:06:50,medium
TXN-2008626,legit,,analyst_B,2026-03-27 10:56:44,high
TXN-2008902,legit,,analyst_A,2026-03-27 10:59:42,medium
TXN-2011241,legit,,analyst_A,2026-03-27 11:03:55,high
TXN-2020521,legit,,analyst_B,2026-03-27 11:47:00,high
TXN-2004517,legit,,analyst_A,2026-03-27 13:43:53,high
TXN-2021392,legit,,analyst_B,2026-03-27 14:03:49,medium
TXN-2018219,legit,,analyst_A,2026-03-27 15:48:42,low
TXN-2010768,legit,,analyst_B,2026-03-27 17:10:56,high
TXN-2011021,legit,,analyst_A,2026-03-27 17:18:58,high
TXN-2013216,legit,,analyst_B,2026-03-27 20:02:42,high
TXN-2003118,legit,,analyst_A,2026-03-27 20:08:04,medium
TXN-2020459,legit,,analyst_B,2026-03-27 21:25:22,medium
TXN-2001104,legit,,analyst_B,2026-03-27 23:22:21,medium
TXN-2017284,legit,,analyst_A,2026-03-27 23:42:32,low
TXN-2010228,legit,,analyst_A,2026-03-28 02:15:50,high
TXN-2012962,legit,,analyst_A,2026-03-28 03:53:03,medium
TXN-2023774,legit,,analyst_B,2026-03-28 04:29:53,high
TXN-2011525,legit,,analyst_A,2026-03-28 04:56:47,high
TXN-2008003,legit,,analyst_A,2026-03-28 05:09:40,low
TXN-2016308,legit,,analyst_A,2026-03-28 05:39:13,high
TXN-2017995,legit,,analyst_B,2026-03-28 05:48:28,high
TXN-2022393,legit,,analyst_B,2026-03-28 06:31:09,high
TXN-2024620,legit,,analyst_A,2026-03-28 07:49:48,high
TXN-2023254,legit,,analyst_B,2026-03-28 09:46:54,medium
TXN-2004838,legit,,analyst_B,2026-03-28 09:55:08,high
TXN-2005342,legit,,analyst_B,2026-03-28 13:00:24,high
TXN-2012628,legit,,analyst_A,2026-03-28 13:13:55,medium
TXN-2019304,legit,,analyst_B,2026-03-28 13:25:21,low
TXN-2007303,legit,,analyst_A,2026-03-28 15:17:06,low
TXN-2019981,legit,,analyst_A,2026-03-28 16:29:35,low
TXN-2019279,legit,,analyst_A,2026-03-28 16:33:33,high
TXN-2018363,legit,,analyst_A,2026-03-28 17:54:40,high
TXN-2003515,legit,,analyst_A,2026-03-28 18:24:34,high
TXN-2023039,legit,,analyst_B,2026-03-28 21:09:51,medium
TXN-2014829,legit,,analyst_A,2026-03-28 21:10:21,medium
TXN-2004227,legit,,analyst_B,2026-03-28 23:09:43,medium
TXN-2020433,legit,,analyst_B,2026-03-28 23:10:48,medium
TXN-2014141,legit,,analyst_B,2026-03-29 00:35:52,high
TXN-2012447,legit,,analyst_B,2026-03-29 03:37:10,high
TXN-2013003,legit,,analyst_A,2026-03-29 04:01:19,medium
TXN-2004896,legit,,analyst_A,2026-03-29 05:39:45,high
TXN-2020848,legit,,analyst_B,2026-03-29 07:24:28,high
TXN-2000399,legit,,analyst_B,2026-03-29 07:30:42,medium
TXN-2010995,legit,,analyst_B,2026-03-29 07:43:07,medium
TXN-2014481,legit,,analyst_A,2026-03-29 08:23:48,medium
TXN-2017249,legit,,analyst_B,2026-03-29 08:53:49,high
TXN-2023932,legit,,analyst_A,2026-03-29 10:41:20,high
TXN-2011873,legit,,analyst_A,2026-03-29 11:01:41,high
TXN-2006702,legit,,analyst_A,2026-03-29 13:39:42,low
TXN-2012385,legit,,analyst_A,2026-03-29 15:39:04,low
TXN-2007244,legit,,analyst_A,2026-03-29 15:54:29,high
TXN-2005970,legit,,analyst_B,2026-03-29 16:58:12,low
TXN-2017306,legit,,analyst_B,2026-03-29 17:38:49,medium
TXN-2005975,legit,,analyst_A,2026-03-29 17:52:05,high
TXN-2005641,legit,,analyst_A,2026-03-29 18:02:12,high
TXN-2006340,legit,,analyst_A,2026-03-29 19:19:10,low
TXN-2010745,legit,,analyst_B,2026-03-29 21:20:44,low
TXN-2018582,legit,,analyst_A,2026-03-29 21:55:48,medium
TXN-2017282,legit,,analyst_B,2026-03-29 22:37:55,low
TXN-2011414,legit,,analyst_B,2026-03-29 22:42:36,high
TXN-2006333,legit,,analyst_A,2026-03-29 23:42:13,low
TXN-2005502,legit,,analyst_B,2026-03-30 00:18:53,high
TXN-2013681,legit,,analyst_A,2026-03-30 00:30:37,high
TXN-2005303,legit,,analyst_B,2026-03-30 00:52:07,low
TXN-2004427,legit,,analyst_B,2026-03-30 01:38:56,low
TXN-2023331,legit,,analyst_A,2026-03-30 03:11:35,low
TXN-2001114,legit,,analyst_A,2026-03-30 03:41:50,medium
TXN-2004116,legit,,analyst_B,2026-03-30 04:03:14,high
TXN-2005093,legit,,analyst_A,2026-03-30 04:10:44,low
TXN-2024294,legit,,analyst_A,2026-03-30 04:56:01,medium
TXN-2007160,legit,,analyst_A,2026-03-30 06:42:23,medium
TXN-2023698,legit,,analyst_A,2026-03-30 08:33:09,medium
TXN-2008269,legit,,analyst_A,2026-03-30 11:34:49,low
TXN-2010554,legit,,analyst_B,2026-03-30 12:46:03,high
TXN-2014471,legit,,analyst_B,2026-03-30 12:55:44,low
TXN-2006287,legit,,analyst_B,2026-03-30 13:53:18,high
TXN-2007866,legit,,analyst_B,2026-03-30 15:21:55,medium
TXN-2012482,legit,,analyst_B,2026-03-30 16:40:23,high
TXN-2020723,legit,,analyst_B,2026-03-30 17:19:35,low
TXN-2006105,legit,,analyst_A,2026-03-30 17:20:09,medium
TXN-2014988,fraud,stolen_credential,analyst_A,2026-03-30 17:22:47,high
TXN-2005851,legit,,analyst_B,2026-03-30 17:56:21,high
TXN-2020755,legit,,analyst_A,2026-03-30 18:10:44,low
TXN-2013648,legit,,analyst_A,2026-03-30 19:14:25,medium
TXN-2000700,legit,,analyst_B,2026-03-30 20:45:06,high
TXN-2000587,legit,,analyst_A,2026-03-30 22:41:15,medium
TXN-2011267,legit,,analyst_B,2026-03-30 23:26:40,medium
TXN-2006301,legit,,analyst_B,2026-03-31 00:27:26,medium
TXN-2012315,legit,,analyst_B,2026-03-31 00:37:18,medium
TXN-2004883,legit,,analyst_A,2026-03-31 02:38:48,medium
TXN-2021512,legit,,analyst_B,2026-03-31 03:57:48,medium
TXN-2001042,legit,,analyst_B,2026-03-31 06:05:38,low
TXN-2007267,legit,,analyst_A,2026-03-31 06:53:20,medium
TXN-2010379,legit,,analyst_A,2026-03-31 07:11:42,low
TXN-2003702,legit,,analyst_A,2026-03-31 07:17:24,medium
TXN-2003771,legit,,analyst_A,2026-03-31 07:56:00,medium
TXN-2017906,legit,,analyst_A,2026-03-31 09:13:02,high
TXN-2002212,legit,,analyst_B,2026-03-31 09:29:41,low
TXN-2012698,legit,,analyst_B,2026-03-31 10:11:55,medium
TXN-2005899,legit,,analyst_B,2026-03-31 10:37:15,high
TXN-2011413,legit,,analyst_B,2026-03-31 11:13:16,high
TXN-2013818,legit,,analyst_A,2026-03-31 12:05:22,high
TXN-2013719,legit,,analyst_A,2026-03-31 14:52:55,medium
TXN-2008367,legit,,analyst_B,2026-03-31 16:38:03,medium
TXN-2005969,legit,,analyst_B,2026-03-31 18:46:15,medium
TXN-2013172,legit,,analyst_B,2026-03-31 20:28:47,high
TXN-2021794,legit,,analyst_A,2026-03-31 22:08:25,medium
TXN-2007768,legit,,analyst_A,2026-03-31 22:12:06,medium
TXN-2020566,legit,,analyst_B,2026-03-31 22:17:03,high
TXN-2015451,legit,,analyst_A,2026-03-31 22:34:54,medium
TXN-2013598,legit,,analyst_A,2026-03-31 22:42:31,medium
TXN-2019325,legit,,analyst_A,2026-04-01 00:20:35,medium
TXN-2019383,legit,,analyst_B,2026-04-01 00:45:05,medium
TXN-2023451,legit,,analyst_B,2026-04-01 01:32:13,medium
TXN-2004645,legit,,analyst_B,2026-04-01 01:50:31,high
TXN-2001482,legit,,analyst_A,2026-04-01 03:05:21,medium
TXN-2020066,legit,,analyst_B,2026-04-01 04:04:14,high
TXN-2019994,legit,,analyst_A,2026-04-01 04:04:42,medium
TXN-2016835,legit,,analyst_A,2026-04-01 05:21:38,high
TXN-2017468,legit,,analyst_A,2026-04-01 07:04:37,low
TXN-2015858,legit,,analyst_A,2026-04-01 07:29:44,medium
TXN-2002118,legit,,analyst_A,2026-04-01 07:33:13,medium
TXN-2010952,legit,,analyst_B,2026-04-01 08:05:21,high
TXN-2012663,legit,,analyst_A,2026-04-01 08:21:55,high
TXN-2002351,legit,,analyst_A,2026-04-01 08:54:18,high
TXN-2003956,legit,,analyst_A,2026-04-01 09:36:14,high
TXN-2011390,legit,,analyst_A,2026-04-01 10:45:49,medium
TXN-2007415,legit,,analyst_A,2026-04-01 11:28:50,high
TXN-2005810,legit,,analyst_A,2026-04-01 12:04:41,high
TXN-2006973,legit,,analyst_B,2026-04-01 14:12:04,high
TXN-2010445,legit,,analyst_A,2026-04-01 14:17:58,high
TXN-2009554,legit,,analyst_A,2026-04-01 14:36:55,medium
TXN-2023311,legit,,analyst_B,2026-04-01 15:29:30,low
TXN-2004817,legit,,analyst_B,2026-04-01 15:30:50,high
TXN-2013673,legit,,analyst_A,2026-04-01 15:49:44,low
TXN-2015952,legit,,analyst_A,2026-04-01 15:58:17,medium
TXN-2021428,legit,,analyst_A,2026-04-01 16:06:23,medium
TXN-2006820,legit,,analyst_B,2026-04-01 16:43:49,high
TXN-2001886,legit,,analyst_A,2026-04-01 17:39:47,high
TXN-2014269,legit,,analyst_A,2026-04-01 18:22:43,low
TXN-2014525,legit,,analyst_A,2026-04-01 18:37:35,medium
TXN-2000997,legit,,analyst_A,2026-04-01 19:54:39,medium
TXN-2005683,legit,,analyst_B,2026-04-01 19:56:44,high
TXN-2000097,legit,,analyst_A,2026-04-01 19:58:24,medium
TXN-2007521,legit,,analyst_A,2026-04-01 20:53:46,medium
TXN-2018005,legit,,analyst_B,2026-04-01 22:43:44,low
TXN-2013612,legit,,analyst_A,2026-04-01 23:24:22,low
TXN-2023371,legit,,analyst_B,2026-04-01 23:26:25,medium
TXN-2001233,legit,,analyst_A,2026-04-01 23:39:22,high
TXN-2018905,legit,,analyst_B,2026-04-01 23:56:57,high
TXN-2013744,legit,,analyst_A,2026-04-01 23:58:03,medium
TXN-2015308,legit,,analyst_A,2026-04-02 00:36:15,high
TXN-2012094,legit,,analyst_A,2026-04-02 01:08:09,high
TXN-2005417,legit,,analyst_B,2026-04-02 05:40:40,medium
TXN-2019777,legit,,analyst_A,2026-04-02 06:04:56,medium
TXN-2000870,legit,,analyst_B,2026-04-02 06:07:54,medium
TXN-2000874,legit,,analyst_A,2026-04-02 08:02:47,low
TXN-2000846,legit,,analyst_B,2026-04-02 08:30:56,high
TXN-2022671,legit,,analyst_A,2026-04-02 08:54:23,high
TXN-2013089,legit,,analyst_B,2026-04-02 10:03:37,medium
TXN-2000776,legit,,analyst_A,2026-04-02 16:03:17,medium
TXN-2022374,legit,,analyst_A,2026-04-02 16:08:21,high
TXN-2003899,legit,,analyst_B,2026-04-02 17:40:30,low
TXN-2017827,legit,,analyst_B,2026-04-02 18:06:43,medium
TXN-2014458,legit,,analyst_A,2026-04-02 18:08:56,high
TXN-2016258,legit,,analyst_B,2026-04-02 19:38:09,high
TXN-2019383,legit,,analyst_A,2026-04-02 19:45:05,medium
TXN-2014015,legit,,analyst_A,2026-04-02 20:52:44,low
TXN-2006386,legit,,analyst_A,2026-04-02 20:56:56,medium
TXN-2009337,legit,,analyst_B,2026-04-02 21:22:50,medium
TXN-2009691,legit,,analyst_B,2026-04-02 21:31:20,high
TXN-2003448,legit,,analyst_A,2026-04-02 21:40:08,high
TXN-2011995,legit,,analyst_A,2026-04-02 21:40:09,medium
TXN-2017377,legit,,analyst_B,2026-04-02 23:17:15,high
TXN-2019797,legit,,analyst_A,2026-04-02 23:42:17,low
TXN-2019165,legit,,analyst_B,2026-04-03 01:20:11,medium
TXN-2021455,legit,,analyst_B,2026-04-03 02:00:57,medium
TXN-2019743,legit,,analyst_A,2026-04-03 02:02:19,medium
TXN-2000066,legit,,analyst_A,2026-04-03 02:28:37,high
TXN-2000464,legit,,analyst_A,2026-04-03 04:42:13,medium
TXN-2017877,legit,,analyst_A,2026-04-03 05:54:02,medium
TXN-2001423,legit,,analyst_A,2026-04-03 06:02:20,medium
TXN-2011932,legit,,analyst_B,2026-04-03 06:06:14,medium
TXN-2015264,legit,,analyst_A,2026-04-03 06:09:45,medium
TXN-2017161,legit,,analyst_A,2026-04-03 07:01:56,low
TXN-2015600,legit,,analyst_B,2026-04-03 07:13:22,high
TXN-2005942,legit,,analyst_B,2026-04-03 08:22:42,medium
TXN-2012139,legit,,analyst_B,2026-04-03 11:58:23,high
TXN-2021274,legit,,analyst_A,2026-04-03 12:08:03,high
TXN-2003409,legit,,analyst_A,2026-04-03 12:47:31,medium
TXN-2006119,legit,,analyst_A,2026-04-03 13:21:00,high
TXN-2005320,legit,,analyst_A,2026-04-03 14:33:47,medium
TXN-2018067,legit,,analyst_B,2026-04-03 16:21:47,high
TXN-2001026,legit,,analyst_B,2026-04-03 16:30:23,high
TXN-2000143,legit,,analyst_A,2026-04-03 18:11:46,medium
TXN-2004377,legit,,analyst_A,2026-04-03 18:21:01,medium
TXN-2007525,legit,,analyst_A,2026-04-03 19:59:49,medium
TXN-2001203,legit,,analyst_A,2026-04-03 20:08:18,medium
TXN-2003608,legit,,analyst_A,2026-04-03 21:54:14,low
TXN-2003800,legit,,analyst_A,2026-04-03 22:01:53,low
TXN-2010521,legit,,analyst_B,2026-04-03 22:17:56,high
TXN-2010236,legit,,analyst_B,2026-04-03 23:25:25,low
TXN-2005012,legit,,analyst_B,2026-04-03 23:44:47,medium
TXN-2016092,legit,,analyst_A,2026-04-04 00:01:07,low
TXN-2020851,legit,,analyst_A,2026-04-04 02:24:57,high
TXN-2007598,legit,,analyst_A,2026-04-04 02:43:28,medium
TXN-2001284,legit,,analyst_A,2026-04-04 03:32:56,high
TXN-2022727,legit,,analyst_B,2026-04-04 03:47:04,medium
TXN-2016969,legit,,analyst_A,2026-04-04 05:10:32,medium
TXN-2007704,legit,,analyst_A,2026-04-04 05:45:29,medium
TXN-2002953,legit,,analyst_A,2026-04-04 06:41:22,high
TXN-2010262,legit,,analyst_B,2026-04-04 09:07:21,low
TXN-2022163,legit,,analyst_B,2026-04-04 10:12:51,low
TXN-2022683,legit,,analyst_B,2026-04-04 11:15:36,high
TXN-2024456,legit,,analyst_B,2026-04-04 11:48:40,medium
TXN-2019315,legit,,analyst_B,2026-04-04 11:57:13,high
TXN-2022803,legit,,analyst_B,2026-04-04 12:17:19,high
TXN-2023621,legit,,analyst_A,2026-04-04 12:59:29,high
TXN-2011797,legit,,analyst_B,2026-04-04 13:54:24,low
TXN-2005391,legit,,analyst_B,2026-04-04 14:31:23,medium
TXN-2013224,legit,,analyst_A,2026-04-04 15:28:04,medium
TXN-2016649,legit,,analyst_A,2026-04-04 15:28:54,medium
TXN-2024861,legit,,analyst_A,2026-04-04 16:03:26,high
TXN-2011876,legit,,analyst_B,2026-04-04 16:56:04,medium
TXN-2023295,legit,,analyst_B,2026-04-04 19:08:35,medium
TXN-2004839,legit,,analyst_B,2026-04-04 19:43:52,low
TXN-2005573,legit,,analyst_A,2026-04-04 20:22:36,high
TXN-2014921,legit,,analyst_B,2026-04-04 21:07:05,high
TXN-2015253,legit,,analyst_A,2026-04-04 22:03:16,medium
TXN-2011207,legit,,analyst_B,2026-04-04 23:53:48,high
TXN-2021824,legit,,analyst_A,2026-04-05 00:38:44,medium
TXN-2018745,legit,,analyst_A,2026-04-05 02:16:03,medium
TXN-2013519,legit,,analyst_B,2026-04-05 02:36:53,high
TXN-2014510,legit,,analyst_B,2026-04-05 03:05:45,low
TXN-2018812,legit,,analyst_A,2026-04-05 03:57:55,low
TXN-2008978,legit,,analyst_A,2026-04-05 05:28:34,high
TXN-2011180,legit,,analyst_B,2026-04-05 05:29:21,low
TXN-2023273,legit,,analyst_A,2026-04-05 05:41:39,low
TXN-2007025,legit,,analyst_B,2026-04-05 06:18:14,medium
TXN-2010977,legit,,analyst_B,2026-04-05 06:41:29,high
TXN-2000938,legit,,analyst_A,2026-04-05 08:46:14,low
TXN-2000607,legit,,analyst_A,2026-04-05 09:23:49,medium
TXN-2005263,legit,,analyst_A,2026-04-05 10:24:54,high
TXN-2017971,legit,,analyst_A,2026-04-05 10:50:16,low
TXN-2020570,legit,,analyst_A,2026-04-05 10:51:19,medium
TXN-2014036,legit,,analyst_B,2026-04-05 11:32:42,high
TXN-2007821,legit,,analyst_B,2026-04-05 12:32:04,high
TXN-2014182,legit,,analyst_A,2026-04-05 12:57:57,low
TXN-2022522,legit,,analyst_B,2026-04-05 13:29:55,medium
TXN-2002947,legit,,analyst_A,2026-04-05 13:48:04,low
TXN-2016534,legit,,analyst_A,2026-04-05 13:51:22,medium
TXN-2006911,legit,,analyst_B,2026-04-05 13:56:25,medium
TXN-2016307,legit,,analyst_A,2026-04-05 14:16:59,high
TXN-2012182,legit,,analyst_A,2026-04-05 14:27:44,low
TXN-2011307,legit,,analyst_A,2026-04-05 14:46:17,low
TXN-2003640,legit,,analyst_A,2026-04-05 15:07:57,medium
TXN-2003704,legit,,analyst_A,2026-04-05 15:25:06,medium
TXN-2015506,legit,,analyst_B,2026-04-05 15:34:45,high
TXN-2023019,legit,,analyst_B,2026-04-05 15:47:35,medium
TXN-2011747,legit,,analyst_A,2026-04-05 15:55:24,low
TXN-2001266,legit,,analyst_A,2026-04-05 17:19:08,high
TXN-2007747,legit,,analyst_B,2026-04-05 17:29:08,low
TXN-2016518,legit,,analyst_A,2026-04-05 17:46:08,high
TXN-2021335,legit,,analyst_A,2026-04-05 21:13:43,low
TXN-2014964,legit,,analyst_A,2026-04-05 21:19:12,medium
TXN-2020498,legit,,analyst_B,2026-04-05 22:05:21,high
TXN-2007231,legit,,analyst_A,2026-04-05 23:18:41,medium
TXN-2021404,legit,,analyst_B,2026-04-05 23:42:59,low
TXN-2016158,legit,,analyst_B,2026-04-06 00:48:33,high
TXN-2006373,legit,,analyst_A,2026-04-06 02:03:42,high
TXN-2001816,legit,,analyst_A,2026-04-06 02:04:41,high
TXN-2009737,legit,,analyst_B,2026-04-06 04:16:58,high
TXN-2002838,legit,,analyst_B,2026-04-06 04:24:58,medium
TXN-2017580,legit,,analyst_B,2026-04-06 04:42:58,medium
TXN-2012710,legit,,analyst_B,2026-04-06 05:13:58,low
TXN-2019933,legit,,analyst_A,2026-04-06 06:03:41,medium
TXN-2006941,legit,,analyst_A,2026-04-06 10:36:56,low
TXN-2003033,legit,,analyst_B,2026-04-06 11:08:33,medium
TXN-2014654,legit,,analyst_A,2026-04-06 11:24:12,low
TXN-2000994,legit,,analyst_A,2026-04-06 15:00:41,medium
TXN-2021678,legit,,analyst_A,2026-04-06 15:26:51,medium
TXN-2001786,legit,,analyst_A,2026-04-06 15:37:11,high
TXN-2016528,legit,,analyst_B,2026-04-06 15:46:43,high
TXN-2011550,legit,,analyst_B,2026-04-06 15:53:49,low
TXN-2002249,legit,,analyst_B,2026-04-06 16:42:37,high
TXN-2018371,legit,,analyst_A,2026-04-06 19:01:38,high
TXN-2017844,legit,,analyst_A,2026-04-06 19:18:56,medium
TXN-2022933,legit,,analyst_A,2026-04-06 20:29:14,high
TXN-2000649,legit,,analyst_B,2026-04-06 21:24:09,medium
TXN-2023278,legit,,analyst_A,2026-04-06 21:55:12,medium
TXN-2021437,legit,,analyst_A,2026-04-06 22:16:24,high
TXN-2004010,legit,,analyst_A,2026-04-06 22:20:19,medium
TXN-2019668,legit,,analyst_B,2026-04-06 23:08:22,high
TXN-2001052,legit,,analyst_A,2026-04-06 23:08:50,high
TXN-2016430,legit,,analyst_B,2026-04-06 23:25:02,medium
TXN-2012576,legit,,analyst_B,2026-04-07 00:20:23,medium
TXN-2020606,legit,,analyst_A,2026-04-07 00:29:27,medium
TXN-2012733,legit,,analyst_B,2026-04-07 00:39:17,high
TXN-2016611,legit,,analyst_B,2026-04-07 00:48:46,high
TXN-2001328,legit,,analyst_B,2026-04-07 01:45:25,medium
TXN-2021959,legit,,analyst_A,2026-04-07 01:55:03,high
TXN-2014304,legit,,analyst_A,2026-04-07 02:39:42,low
TXN-2008375,legit,,analyst_B,2026-04-07 03:45:29,high
TXN-2010499,legit,,analyst_A,2026-04-07 05:02:46,medium
TXN-2017057,legit,,analyst_A,2026-04-07 05:12:46,high
TXN-2001266,legit,,analyst_B,2026-04-07 05:19:08,high
TXN-2016761,legit,,analyst_B,2026-04-07 05:23:16,medium
TXN-2000438,legit,,analyst_B,2026-04-07 05:33:08,high
TXN-2006012,legit,,analyst_A,2026-04-07 07:12:32,medium
TXN-2017557,legit,,analyst_B,2026-04-07 07:54:59,high
TXN-2010668,legit,,analyst_A,2026-04-07 08:10:55,low
TXN-2019932,legit,,analyst_B,2026-04-07 08:42:57,medium
TXN-2004774,legit,,analyst_B,2026-04-07 09:00:07,medium
TXN-2014489,legit,,analyst_A,2026-04-07 09:04:33,high
TXN-2017897,legit,,analyst_A,2026-04-07 09:42:24,medium
TXN-2007564,legit,,analyst_A,2026-04-07 10:01:07,high
TXN-2019698,legit,,analyst_A,2026-04-07 10:16:25,medium
TXN-2018591,legit,,analyst_A,2026-04-07 11:18:18,medium
TXN-2006571,legit,,analyst_A,2026-04-07 12:11:04,high
TXN-2019505,legit,,analyst_A,2026-04-07 12:57:29,medium
TXN-2005652,legit,,analyst_A,2026-04-07 14:23:35,medium
TXN-2011447,legit,,analyst_A,2026-04-07 14:23:44,high
TXN-2020724,legit,,analyst_A,2026-04-07 14:38:20,high
TXN-2023425,legit,,analyst_A,2026-04-07 14:39:49,medium
TXN-2013902,legit,,analyst_A,2026-04-07 14:41:14,high
TXN-2008427,legit,,analyst_B,2026-04-07 14:59:44,medium
TXN-2004521,legit,,analyst_A,2026-04-07 16:23:34,medium
TXN-2012652,legit,,analyst_B,2026-04-07 17:07:13,high
TXN-2016333,legit,,analyst_B,2026-04-07 17:19:22,high
TXN-2021428,fraud,merchant_collusion,analyst_B,2026-04-07 18:06:23,high
TXN-2009636,legit,,analyst_A,2026-04-07 19:00:57,low
TXN-2003710,legit,,analyst_A,2026-04-07 19:53:20,medium
TXN-2011829,legit,,analyst_A,2026-04-07 20:41:12,medium
TXN-2001988,legit,,analyst_A,2026-04-07 20:41:43,medium
TXN-2017592,legit,,analyst_B,2026-04-07 20:57:05,medium
TXN-2021977,legit,,analyst_A,2026-04-07 23:02:35,medium
TXN-2004952,legit,,analyst_B,2026-04-07 23:40:27,high
TXN-2000976,legit,,analyst_A,2026-04-07 23:40:31,medium
TXN-2007157,legit,,analyst_A,2026-04-07 23:45:05,high
TXN-2000673,legit,,analyst_A,2026-04-08 00:19:42,high
TXN-2000198,legit,,analyst_A,2026-04-08 02:44:32,low
TXN-2012116,legit,,analyst_B,2026-04-08 02:52:34,medium
TXN-2004943,legit,,analyst_A,2026-04-08 03:09:42,low
TXN-2017353,legit,,analyst_B,2026-04-08 03:53:12,medium
TXN-2000365,legit,,analyst_B,2026-04-08 07:05:08,high
TXN-2010545,legit,,analyst_B,2026-04-08 07:06:32,medium
TXN-2022083,legit,,analyst_A,2026-04-08 07:57:28,medium
TXN-2021136,legit,,analyst_A,2026-04-08 09:05:02,high
TXN-2013118,legit,,analyst_A,2026-04-08 09:13:24,medium
TXN-2010253,legit,,analyst_A,2026-04-08 09:53:08,medium
TXN-2012990,legit,,analyst_B,2026-04-08 10:19:20,medium
TXN-2013593,legit,,analyst_A,2026-04-08 12:22:14,medium
TXN-2011623,legit,,analyst_A,2026-04-08 12:22:35,medium
TXN-2022582,legit,,analyst_A,2026-04-08 13:34:47,high
TXN-2004642,legit,,analyst_A,2026-04-08 13:43:26,low
TXN-2000021,legit,,analyst_A,2026-04-08 14:05:20,medium
TXN-2011476,legit,,analyst_A,2026-04-08 14:57:31,high
TXN-2016089,legit,,analyst_A,2026-04-08 15:03:48,medium
TXN-2008902,legit,,analyst_B,2026-04-08 16:59:42,low
TXN-2016708,legit,,analyst_B,2026-04-08 18:47:34,high
TXN-2009578,legit,,analyst_B,2026-04-08 18:53:51,high
TXN-2012130,legit,,analyst_B,2026-04-08 19:54:29,medium
TXN-2016113,legit,,analyst_A,2026-04-08 20:51:59,high
TXN-2024325,legit,,analyst_A,2026-04-08 21:49:01,low
TXN-2004666,legit,,analyst_A,2026-04-08 21:50:18,low
TXN-2008534,legit,,analyst_A,2026-04-08 22:08:58,high
TXN-2020076,legit,,analyst_A,2026-04-08 22:41:23,low
TXN-2024203,legit,,analyst_B,2026-04-08 23:39:34,low
TXN-2002649,legit,,analyst_B,2026-04-09 00:52:33,medium
TXN-2018999,legit,,analyst_A,2026-04-09 01:12:45,high
TXN-2020391,legit,,analyst_A,2026-04-09 02:19:03,high
TXN-2019194,legit,,analyst_A,2026-04-09 02:48:08,medium
TXN-2010575,legit,,analyst_B,2026-04-09 03:59:33,low
TXN-2008246,legit,,analyst_A,2026-04-09 04:31:26,medium
TXN-2016948,legit,,analyst_A,2026-04-09 04:39:39,low
TXN-2009217,legit,,analyst_B,2026-04-09 05:22:40,high
TXN-2022748,legit,,analyst_B,2026-04-09 05:33:05,medium
TXN-2012834,legit,,analyst_B,2026-04-09 06:59:47,high
TXN-2007187,legit,,analyst_B,2026-04-09 07:15:09,high
TXN-2000998,legit,,analyst_A,2026-04-09 07:20:41,high
TXN-2003609,legit,,analyst_B,2026-04-09 08:13:42,high
TXN-2022076,legit,,analyst_A,2026-04-09 10:56:39,medium
TXN-2001893,legit,,analyst_A,2026-04-09 12:50:42,medium
TXN-2003023,legit,,analyst_B,2026-04-09 13:19:58,high
TXN-2017804,legit,,analyst_A,2026-04-09 13:57:52,medium
TXN-2000644,legit,,analyst_B,2026-04-09 14:00:06,medium
TXN-2010433,legit,,analyst_B,2026-04-09 14:03:01,high
TXN-2004522,legit,,analyst_A,2026-04-09 14:19:58,medium
TXN-2024004,legit,,analyst_B,2026-04-09 14:20:07,medium
TXN-2021181,legit,,analyst_A,2026-04-09 15:00:35,low
TXN-2013465,legit,,analyst_B,2026-04-09 15:07:34,high
TXN-2004845,legit,,analyst_B,2026-04-09 15:21:33,high
TXN-2004790,legit,,analyst_B,2026-04-09 16:10:13,high
TXN-2006900,legit,,analyst_A,2026-04-09 16:38:33,medium
TXN-2002160,legit,,analyst_A,2026-04-09 17:28:26,medium
TXN-2017005,legit,,analyst_A,2026-04-09 18:51:05,medium
TXN-2002392,legit,,analyst_A,2026-04-09 20:31:25,high
TXN-2003637,legit,,analyst_A,2026-04-09 22:15:00,high
TXN-2015639,legit,,analyst_A,2026-04-09 22:44:24,high
TXN-2004864,legit,,analyst_A,2026-04-09 22:57:34,medium
TXN-2018068,legit,,analyst_A,2026-04-10 00:06:42,medium
TXN-2005727,legit,,analyst_A,2026-04-10 00:31:14,medium
TXN-2009091,legit,,analyst_B,2026-04-10 00:40:17,medium
TXN-2024772,legit,,analyst_A,2026-04-10 00:58:00,high
TXN-2017402,legit,,analyst_B,2026-04-10 02:07:05,high
TXN-2024511,legit,,analyst_B,2026-04-10 02:12:38,medium
TXN-2024809,legit,,analyst_B,2026-04-10 02:19:30,medium
TXN-2003893,legit,,analyst_B,2026-04-10 04:27:02,high
TXN-2000942,legit,,analyst_B,2026-04-10 05:56:56,high
TXN-2006338,legit,,analyst_B,2026-04-10 05:57:50,high
TXN-2003803,legit,,analyst_A,2026-04-10 07:23:23,high
TXN-2019288,legit,,analyst_A,2026-04-10 08:46:37,medium
TXN-2001762,legit,,analyst_B,2026-04-10 10:06:53,high
TXN-2020087,legit,,analyst_A,2026-04-10 11:12:34,low
TXN-2000052,legit,,analyst_A,2026-04-10 11:13:15,medium
TXN-2020617,legit,,analyst_A,2026-04-10 11:23:07,high
TXN-2018587,legit,,analyst_A,2026-04-10 12:17:03,medium
TXN-2007425,legit,,analyst_A,2026-04-10 13:04:02,high
TXN-2022316,legit,,analyst_B,2026-04-10 13:07:24,low
TXN-2014035,legit,,analyst_B,2026-04-10 13:24:38,medium
TXN-2010104,legit,,analyst_B,2026-04-10 14:01:22,high
TXN-2001460,legit,,analyst_A,2026-04-10 15:13:29,high
TXN-2000040,legit,,analyst_A,2026-04-10 15:40:51,medium
TXN-2004079,legit,,analyst_A,2026-04-10 16:41:18,low
TXN-2021033,legit,,analyst_B,2026-04-10 17:43:20,medium
TXN-2007755,legit,,analyst_A,2026-04-10 17:56:25,medium
TXN-2020607,legit,,analyst_A,2026-04-10 19:57:14,medium
TXN-2020320,legit,,analyst_A,2026-04-11 00:20:55,medium
TXN-2015998,legit,,analyst_B,2026-04-11 00:37:04,low
TXN-2018800,legit,,analyst_B,2026-04-11 02:24:41,high
TXN-2014633,legit,,analyst_B,2026-04-11 03:17:48,high
TXN-2000132,legit,,analyst_A,2026-04-11 03:55:05,medium
TXN-2000991,legit,,analyst_A,2026-04-11 04:21:35,medium
TXN-2003193,legit,,analyst_A,2026-04-11 05:06:52,medium
TXN-2000951,legit,,analyst_A,2026-04-11 05:12:50,low
TXN-2010356,legit,,analyst_A,2026-04-11 05:27:57,low
TXN-2002963,legit,,analyst_B,2026-04-11 05:48:46,high
TXN-2009741,legit,,analyst_A,2026-04-11 06:26:35,low
TXN-2018999,legit,,analyst_B,2026-04-11 11:12:45,high
TXN-2005978,legit,,analyst_A,2026-04-11 13:18:52,low
TXN-2020670,legit,,analyst_A,2026-04-11 13:47:27,medium
TXN-2005631,legit,,analyst_A,2026-04-11 15:19:01,medium
TXN-2003328,legit,,analyst_B,2026-04-11 15:55:55,high
TXN-2023298,legit,,analyst_A,2026-04-11 16:50:08,high
TXN-2000839,legit,,analyst_A,2026-04-11 18:24:47,medium
TXN-2014337,legit,,analyst_A,2026-04-11 18:48:28,medium
TXN-2022775,legit,,analyst_B,2026-04-11 18:55:03,high
TXN-2006144,legit,,analyst_B,2026-04-11 20:23:49,low
TXN-2013465,legit,,analyst_A,2026-04-11 21:07:34,medium
TXN-2002273,legit,,analyst_B,2026-04-11 21:13:15,medium
TXN-2011637,legit,,analyst_A,2026-04-11 21:18:39,low
TXN-2004562,legit,,analyst_A,2026-04-11 23:56:10,high
TXN-2000319,legit,,analyst_A,2026-04-12 00:24:30,medium
TXN-2002173,legit,,analyst_A,2026-04-12 00:25:52,medium
TXN-2018208,legit,,analyst_B,2026-04-12 01:14:07,high
TXN-2018146,legit,,analyst_A,2026-04-12 02:51:36,high
TXN-2020642,legit,,analyst_A,2026-04-12 03:51:52,high
TXN-2024846,legit,,analyst_B,2026-04-12 05:27:44,high
TXN-2009093,legit,,analyst_B,2026-04-12 06:04:21,low
TXN-2003990,legit,,analyst_A,2026-04-12 06:23:45,high
TXN-2004907,legit,,analyst_B,2026-04-12 07:29:00,medium
TXN-2005298,legit,,analyst_A,2026-04-12 07:44:16,high
TXN-2023205,legit,,analyst_A,2026-04-12 07:46:14,high
TXN-2003892,legit,,analyst_B,2026-04-12 07:56:26,high
TXN-2008024,legit,,analyst_A,2026-04-12 08:01:17,medium
TXN-2012722,legit,,analyst_B,2026-04-12 08:46:24,high
TXN-2021338,legit,,analyst_B,2026-04-12 10:02:22,medium
TXN-2005847,legit,,analyst_A,2026-04-12 11:00:36,high
TXN-2013818,legit,,analyst_B,2026-04-12 11:05:22,low
TXN-2013321,legit,,analyst_A,2026-04-12 12:18:29,medium
TXN-2008054,legit,,analyst_A,2026-04-12 12:29:59,low
TXN-2002242,legit,,analyst_B,2026-04-12 14:56:37,medium
TXN-2019216,legit,,analyst_B,2026-04-12 16:27:30,medium
TXN-2021370,legit,,analyst_B,2026-04-12 16:50:12,medium
TXN-2007926,legit,,analyst_B,2026-04-12 17:11:49,medium
TXN-2019169,legit,,analyst_A,2026-04-12 19:29:22,medium
TXN-2023830,legit,,analyst_A,2026-04-12 19:31:21,low
TXN-2000292,legit,,analyst_B,2026-04-13 01:14:26,high
TXN-2021592,legit,,analyst_A,2026-04-13 01:37:48,medium
TXN-2020746,legit,,analyst_B,2026-04-13 02:32:23,high
TXN-2006172,legit,,analyst_A,2026-04-13 03:45:06,high
TXN-2011977,legit,,analyst_B,2026-04-13 05:12:57,high
TXN-2017163,legit,,analyst_B,2026-04-13 07:13:16,high
TXN-2024122,legit,,analyst_A,2026-04-13 07:21:58,medium
TXN-2015014,legit,,analyst_B,2026-04-13 07:39:39,medium
TXN-2001585,legit,,analyst_B,2026-04-13 08:14:49,low
TXN-2024810,legit,,analyst_A,2026-04-13 08:22:21,high
TXN-2019737,legit,,analyst_B,2026-04-13 09:05:03,high
TXN-2000859,legit,,analyst_A,2026-04-13 09:43:39,medium
TXN-2005397,legit,,analyst_A,2026-04-13 09:46:06,high
TXN-2005561,legit,,analyst_B,2026-04-13 10:15:35,medium
TXN-2016793,legit,,analyst_A,2026-04-13 10:22:05,medium
TXN-2000704,legit,,analyst_A,2026-04-13 11:11:45,high
TXN-2012261,legit,,analyst_B,2026-04-13 11:55:35,medium
TXN-2003195,legit,,analyst_A,2026-04-13 12:53:40,high
TXN-2005452,legit,,analyst_B,2026-04-13 18:31:47,low
TXN-2010683,legit,,analyst_B,2026-04-13 18:54:42,high
TXN-2010987,legit,,analyst_B,2026-04-13 20:29:20,high
TXN-2002707,legit,,analyst_A,2026-04-13 20:37:04,medium
TXN-2013765,legit,,analyst_A,2026-04-13 23:10:18,high
TXN-2007690,legit,,analyst_A,2026-04-13 23:19:19,high
TXN-2012236,legit,,analyst_B,2026-04-14 00:10:50,high
TXN-2023834,legit,,analyst_A,2026-04-14 00:52:16,high
TXN-2005533,legit,,analyst_B,2026-04-14 01:00:39,medium
TXN-2010138,legit,,analyst_B,2026-04-14 03:01:21,medium
TXN-2024415,legit,,analyst_B,2026-04-14 04:07:07,low
TXN-2004206,legit,,analyst_A,2026-04-14 06:00:24,high
TXN-2015855,legit,,analyst_A,2026-04-14 06:18:03,low
TXN-2012461,legit,,analyst_B,2026-04-14 08:08:02,low
TXN-2000401,legit,,analyst_A,2026-04-14 10:04:12,medium
TXN-2016960,legit,,analyst_A,2026-04-14 12:12:50,high
TXN-2012203,legit,,analyst_A,2026-04-14 12:38:43,high
TXN-2021990,legit,,analyst_B,2026-04-14 16:02:26,high
TXN-2024156,legit,,analyst_B,2026-04-14 16:06:05,high
TXN-2002882,legit,,analyst_B,2026-04-14 16:30:47,high
TXN-2005713,legit,,analyst_A,2026-04-14 17:16:06,low
TXN-2013842,legit,,analyst_B,2026-04-14 17:22:24,high
TXN-2014064,legit,,analyst_A,2026-04-14 17:37:19,low
TXN-2022569,legit,,analyst_A,2026-04-14 19:33:35,high
TXN-2007003,legit,,analyst_B,2026-04-14 20:27:41,medium
TXN-2001653,legit,,analyst_A,2026-04-14 21:47:22,medium
TXN-2005344,legit,,analyst_A,2026-04-14 22:01:55,low
TXN-2013162,legit,,analyst_A,2026-04-14 22:02:09,high
TXN-2000520,legit,,analyst_B,2026-04-14 23:36:45,high
TXN-2008321,legit,,analyst_A,2026-04-14 23:55:37,high
TXN-2002702,legit,,analyst_A,2026-04-15 00:12:34,high
TXN-2003008,legit,,analyst_B,2026-04-15 00:25:57,low
TXN-2004607,legit,,analyst_A,2026-04-15 00:30:05,medium
TXN-2013142,legit,,analyst_B,2026-04-15 00:45:09,high
TXN-2006897,legit,,analyst_B,2026-04-15 01:02:11,high
TXN-2016365,legit,,analyst_B,2026-04-15 01:31:40,medium
TXN-2000818,legit,,analyst_B,2026-04-15 04:09:45,medium
TXN-2008348,legit,,analyst_A,2026-04-15 04:53:53,high
TXN-2016534,legit,,analyst_B,2026-04-15 05:51:22,high
TXN-2009029,legit,,analyst_B,2026-04-15 05:59:36,low
TXN-2014876,legit,,analyst_A,2026-04-15 06:07:00,high
TXN-2001296,legit,,analyst_A,2026-04-15 06:37:48,high
TXN-2001785,legit,,analyst_A,2026-04-15 07:42:40,low
TXN-2020796,legit,,analyst_A,2026-04-15 07:56:32,low
TXN-2010885,legit,,analyst_A,2026-04-15 08:39:51,high
TXN-2014505,legit,,analyst_B,2026-04-15 08:42:58,low
TXN-2014676,legit,,analyst_A,2026-04-15 09:10:59,medium
TXN-2018208,legit,,analyst_A,2026-04-15 09:14:07,medium
TXN-2005331,legit,,analyst_A,2026-04-15 10:00:33,medium
TXN-2006201,legit,,analyst_A,2026-04-15 11:01:46,low
TXN-2008543,legit,,analyst_A,2026-04-15 11:49:54,high
TXN-2014788,legit,,analyst_A,2026-04-15 13:12:47,medium
TXN-2019807,legit,,analyst_A,2026-04-15 13:23:13,high
TXN-2007428,legit,,analyst_A,2026-04-15 13:59:45,high
TXN-2000835,legit,,analyst_B,2026-04-15 14:26:30,medium
TXN-2018539,legit,,analyst_B,2026-04-15 16:12:28,high
TXN-2014735,legit,,analyst_A,2026-04-15 16:31:52,medium
TXN-2007888,legit,,analyst_B,2026-04-15 17:55:14,low
TXN-2014796,legit,,analyst_A,2026-04-15 19:27:14,low
TXN-2001427,legit,,analyst_B,2026-04-15 20:01:11,high
TXN-2021555,legit,,analyst_B,2026-04-15 20:40:11,medium
TXN-2010243,legit,,analyst_A,2026-04-15 21:06:54,low
TXN-2006410,legit,,analyst_A,2026-04-15 21:57:35,high
TXN-2018032,legit,,analyst_A,2026-04-15 23:13:18,low
TXN-2010988,legit,,analyst_A,2026-04-15 23:49:12,high
TXN-2006192,legit,,analyst_B,2026-04-15 23:55:31,medium
TXN-2015437,legit,,analyst_A,2026-04-16 00:57:50,high
TXN-2016435,legit,,analyst_B,2026-04-16 01:22:03,medium
TXN-2004138,legit,,analyst_B,2026-04-16 02:12:01,high
TXN-2008504,legit,,analyst_A,2026-04-16 02:49:36,medium
TXN-2011193,legit,,analyst_B,2026-04-16 02:52:05,high
TXN-2018803,legit,,analyst_A,2026-04-16 03:09:39,low
TXN-2022967,legit,,analyst_A,2026-04-16 03:22:31,high
TXN-2019668,legit,,analyst_A,2026-04-16 04:08:22,medium
TXN-2009339,legit,,analyst_B,2026-04-16 04:09:00,medium
TXN-2007966,legit,,analyst_A,2026-04-16 04:13:45,high
TXN-2010383,legit,,analyst_B,2026-04-16 05:01:51,high
TXN-2004405,legit,,analyst_A,2026-04-16 05:08:36,high
TXN-2011185,legit,,analyst_B,2026-04-16 05:35:07,high
TXN-2007377,legit,,analyst_A,2026-04-16 06:15:00,high
TXN-2003746,legit,,analyst_A,2026-04-16 08:07:00,medium
TXN-2018769,legit,,analyst_A,2026-04-16 08:07:36,medium
TXN-2006432,legit,,analyst_A,2026-04-16 09:09:39,medium
TXN-2004115,legit,,analyst_A,2026-04-16 09:55:00,low
TXN-2023540,legit,,analyst_A,2026-04-16 09:57:24,medium
TXN-2004872,legit,,analyst_B,2026-04-16 11:48:41,low
TXN-2013655,legit,,analyst_A,2026-04-16 12:00:56,medium
TXN-2014676,legit,,analyst_B,2026-04-16 14:10:59,low
TXN-2016889,legit,,analyst_A,2026-04-16 15:22:36,medium
TXN-2000239,legit,,analyst_A,2026-04-16 16:08:51,high
TXN-2011780,legit,,analyst_B,2026-04-16 16:09:07,high
TXN-2009249,legit,,analyst_A,2026-04-16 17:28:21,high
TXN-2007915,legit,,analyst_B,2026-04-16 19:10:33,high
TXN-2012621,legit,,analyst_A,2026-04-16 21:02:42,high
TXN-2006703,legit,,analyst_B,2026-04-16 22:33:33,low
TXN-2002230,legit,,analyst_A,2026-04-16 23:03:56,low
TXN-2019770,legit,,analyst_B,2026-04-17 00:06:08,medium
TXN-2010184,legit,,analyst_A,2026-04-17 00:41:20,medium
TXN-2004901,legit,,analyst_B,2026-04-17 01:42:24,low
TXN-2023327,legit,,analyst_A,2026-04-17 02:34:12,medium
TXN-2024139,legit,,analyst_A,2026-04-17 03:10:20,medium
TXN-2016685,legit,,analyst_A,2026-04-17 03:55:00,medium
TXN-2022654,legit,,analyst_A,2026-04-17 04:05:00,low
TXN-2022700,legit,,analyst_B,2026-04-17 04:47:32,high
TXN-2014004,legit,,analyst_A,2026-04-17 05:55:58,medium
TXN-2004071,legit,,analyst_A,2026-04-17 06:32:54,medium
TXN-2023987,legit,,analyst_B,2026-04-17 06:36:49,medium
TXN-2021841,legit,,analyst_B,2026-04-17 08:37:49,high
TXN-2021759,legit,,analyst_A,2026-04-17 08:54:55,high
TXN-2011439,legit,,analyst_B,2026-04-17 08:59:40,low
TXN-2013604,legit,,analyst_A,2026-04-17 09:00:59,medium
TXN-2003540,legit,,analyst_A,2026-04-17 09:52:55,high
TXN-2017517,legit,,analyst_B,2026-04-17 10:52:13,medium
TXN-2023971,legit,,analyst_A,2026-04-17 12:13:41,medium
TXN-2011780,legit,,analyst_A,2026-04-17 16:09:07,low
TXN-2016595,legit,,analyst_A,2026-04-17 16:19:40,high
TXN-2009542,legit,,analyst_B,2026-04-17 17:54:26,medium
TXN-2023533,legit,,analyst_A,2026-04-17 19:48:58,low
TXN-2020097,legit,,analyst_A,2026-04-17 19:53:02,medium
TXN-2005098,legit,,analyst_B,2026-04-17 20:27:23,medium
TXN-2003924,legit,,analyst_A,2026-04-17 21:02:26,medium
TXN-2003009,legit,,analyst_B,2026-04-17 21:03:07,high
TXN-2012353,legit,,analyst_A,2026-04-17 21:30:39,high
TXN-2019862,legit,,analyst_A,2026-04-17 21:55:50,medium
TXN-2023531,legit,,analyst_B,2026-04-17 23:00:42,high
TXN-2022252,legit,,analyst_B,2026-04-17 23:36:47,medium
TXN-2019246,legit,,analyst_A,2026-04-18 00:12:07,high
TXN-2018910,legit,,analyst_A,2026-04-18 00:53:29,high
TXN-2019547,legit,,analyst_A,2026-04-18 01:27:02,medium
TXN-2004509,legit,,analyst_B,2026-04-18 01:59:47,high
TXN-2000695,legit,,analyst_A,2026-04-18 02:30:21,medium
TXN-2005769,legit,,analyst_A,2026-04-18 04:09:59,low
TXN-2016545,legit,,analyst_B,2026-04-18 04:51:47,low
TXN-2013188,legit,,analyst_B,2026-04-18 05:30:34,high
TXN-2007213,legit,,analyst_B,2026-04-18 06:58:40,high
TXN-2001710,legit,,analyst_B,2026-04-18 07:55:39,medium
TXN-2023767,legit,,analyst_B,2026-04-18 08:45:38,high
TXN-2005993,legit,,analyst_B,2026-04-18 09:12:06,high
TXN-2016967,legit,,analyst_A,2026-04-18 09:48:53,medium
TXN-2012639,legit,,analyst_A,2026-04-18 10:01:25,medium
TXN-2004347,legit,,analyst_B,2026-04-18 10:23:26,medium
TXN-2019216,legit,,analyst_A,2026-04-18 10:27:30,high
TXN-2005259,legit,,analyst_A,2026-04-18 10:56:23,high
TXN-2017359,legit,,analyst_A,2026-04-18 11:02:36,medium
TXN-2004773,legit,,analyst_B,2026-04-18 11:28:48,high
TXN-2020413,legit,,analyst_B,2026-04-18 12:15:15,medium
TXN-2006669,legit,,analyst_A,2026-04-18 12:30:31,low
TXN-2005952,legit,,analyst_A,2026-04-18 12:44:43,high
TXN-2023580,legit,,analyst_A,2026-04-18 16:40:10,low
TXN-2023019,legit,,analyst_A,2026-04-18 18:47:35,medium
TXN-2003260,legit,,analyst_A,2026-04-18 18:48:49,high
TXN-2020587,legit,,analyst_B,2026-04-18 18:54:37,medium
TXN-2009070,legit,,analyst_A,2026-04-18 19:56:58,medium
TXN-2003533,legit,,analyst_A,2026-04-18 20:16:44,medium
TXN-2007249,legit,,analyst_A,2026-04-18 21:39:09,high
TXN-2020696,legit,,analyst_A,2026-04-18 22:06:23,low
TXN-2009443,legit,,analyst_B,2026-04-18 22:37:35,high
TXN-2000997,legit,,analyst_B,2026-04-18 22:54:39,high
TXN-2012475,legit,,analyst_A,2026-04-19 00:07:19,high
TXN-2005264,legit,,analyst_B,2026-04-19 00:40:46,high
TXN-2015233,legit,,analyst_B,2026-04-19 01:14:01,high
TXN-2014082,legit,,analyst_B,2026-04-19 01:33:59,low
TXN-2015658,legit,,analyst_A,2026-04-19 02:51:58,medium
TXN-2001321,legit,,analyst_A,2026-04-19 03:04:23,high
TXN-2001911,legit,,analyst_B,2026-04-19 03:39:47,high
TXN-2015025,legit,,analyst_B,2026-04-19 03:47:27,medium
TXN-2014532,legit,,analyst_A,2026-04-19 04:00:01,high
TXN-2024060,legit,,analyst_A,2026-04-19 04:02:53,high
TXN-2003482,legit,,analyst_A,2026-04-19 04:03:46,low
TXN-2006464,legit,,analyst_A,2026-04-19 05:57:51,medium
TXN-2014243,legit,,analyst_A,2026-04-19 06:17:45,medium
TXN-2020846,legit,,analyst_B,2026-04-19 07:18:53,high
TXN-2019272,legit,,analyst_B,2026-04-19 09:27:02,medium
TXN-2019598,legit,,analyst_A,2026-04-19 09:40:27,medium
TXN-2008537,legit,,analyst_B,2026-04-19 10:55:52,medium
TXN-2011835,legit,,analyst_B,2026-04-19 11:19:19,high
TXN-2013888,legit,,analyst_B,2026-04-19 11:36:24,medium
TXN-2012808,legit,,analyst_A,2026-04-19 12:11:15,medium
TXN-2014936,legit,,analyst_A,2026-04-19 12:31:52,medium
TXN-2008816,legit,,analyst_B,2026-04-19 12:50:52,high
TXN-2022509,legit,,analyst_B,2026-04-19 14:23:59,medium
TXN-2009186,legit,,analyst_A,2026-04-19 15:37:02,medium
TXN-2019336,legit,,analyst_B,2026-04-19 16:02:31,medium
TXN-2011342,legit,,analyst_B,2026-04-19 16:11:58,low
TXN-2022044,legit,,analyst_A,2026-04-19 16:19:20,high
TXN-2010095,legit,,analyst_B,2026-04-19 16:35:10,high
TXN-2013580,legit,,analyst_B,2026-04-19 16:52:17,high
TXN-2005528,legit,,analyst_B,2026-04-19 17:21:56,high
TXN-2007598,legit,,analyst_B,2026-04-19 18:43:28,high
TXN-2009850,legit,,analyst_B,2026-04-19 19:02:54,high
TXN-2019676,legit,,analyst_B,2026-04-19 19:31:05,low
TXN-2012734,legit,,analyst_A,2026-04-19 20:02:08,medium
TXN-2015339,legit,,analyst_B,2026-04-19 20:11:51,low
TXN-2002199,legit,,analyst_B,2026-04-19 20:46:20,high
TXN-2002914,legit,,analyst_A,2026-04-19 21:23:46,low
TXN-2003250,legit,,analyst_A,2026-04-19 21:37:29,high
TXN-2003434,legit,,analyst_A,2026-04-19 22:39:02,low
TXN-2018343,legit,,analyst_B,2026-04-19 22:53:58,high
TXN-2003263,legit,,analyst_A,2026-04-19 23:37:52,high
TXN-2016016,legit,,analyst_A,2026-04-19 23:44:39,high
TXN-2013961,legit,,analyst_B,2026-04-20 00:20:19,medium
TXN-2022369,legit,,analyst_B,2026-04-20 00:45:42,medium
TXN-2005005,legit,,analyst_B,2026-04-20 01:30:11,low
TXN-2007432,legit,,analyst_A,2026-04-20 02:02:13,medium
TXN-2017100,legit,,analyst_B,2026-04-20 04:01:57,high
TXN-2014584,legit,,analyst_A,2026-04-20 05:53:50,high
TXN-2001488,legit,,analyst_B,2026-04-20 05:58:11,high
TXN-2011185,legit,,analyst_A,2026-04-20 06:35:07,high
TXN-2012516,legit,,analyst_B,2026-04-20 06:37:55,high
TXN-2012570,legit,,analyst_B,2026-04-20 08:00:46,low
TXN-2019935,legit,,analyst_A,2026-04-20 09:29:19,medium
TXN-2001362,legit,,analyst_B,2026-04-20 10:06:43,low
TXN-2014945,legit,,analyst_B,2026-04-20 10:27:12,low
TXN-2014904,legit,,analyst_A,2026-04-20 11:07:21,high
TXN-2014772,legit,,analyst_B,2026-04-20 11:15:54,medium
TXN-2015482,legit,,analyst_A,2026-04-20 11:22:05,medium
TXN-2021629,legit,,analyst_A,2026-04-20 12:20:22,medium
TXN-2020694,legit,,analyst_A,2026-04-20 12:41:29,high
TXN-2005293,legit,,analyst_A,2026-04-20 13:07:09,high
TXN-2006781,legit,,analyst_B,2026-04-20 13:16:14,high
TXN-2016114,legit,,analyst_B,2026-04-20 13:34:03,high
TXN-2007317,legit,,analyst_A,2026-04-20 15:01:53,medium
TXN-2024635,legit,,analyst_A,2026-04-20 16:01:15,high
TXN-2014452,legit,,analyst_A,2026-04-20 17:35:45,high
TXN-2012758,legit,,analyst_A,2026-04-20 18:18:53,low
TXN-2014105,legit,,analyst_B,2026-04-20 19:28:40,high
TXN-2021409,legit,,analyst_B,2026-04-20 21:04:21,medium
TXN-2014555,legit,,analyst_A,2026-04-20 22:20:09,high
TXN-2020690,legit,,analyst_B,2026-04-20 23:00:16,medium
TXN-2023863,legit,,analyst_A,2026-04-20 23:01:39,medium
TXN-2008810,legit,,analyst_A,2026-04-20 23:21:23,low
TXN-2007327,legit,,analyst_B,2026-04-20 23:37:53,high
TXN-2021245,legit,,analyst_A,2026-04-21 00:44:58,high
TXN-2006125,legit,,analyst_A,2026-04-21 00:49:23,medium
TXN-2017658,legit,,analyst_B,2026-04-21 01:01:17,medium
TXN-2013144,legit,,analyst_B,2026-04-21 01:10:43,medium
TXN-2024676,legit,,analyst_B,2026-04-21 02:40:17,high
TXN-2009894,legit,,analyst_A,2026-04-21 03:34:25,medium
TXN-2016899,legit,,analyst_B,2026-04-21 03:41:13,high
TXN-2019970,legit,,analyst_B,2026-04-21 03:57:05,low
TXN-2000476,legit,,analyst_A,2026-04-21 05:34:35,low
TXN-2022024,legit,,analyst_A,2026-04-21 06:02:25,low
TXN-2018742,legit,,analyst_A,2026-04-21 06:10:58,medium
TXN-2022678,legit,,analyst_A,2026-04-21 07:12:50,high
TXN-2006336,legit,,analyst_A,2026-04-21 07:14:02,medium
TXN-2008450,legit,,analyst_B,2026-04-21 07:40:16,high
TXN-2009158,legit,,analyst_A,2026-04-21 09:01:48,low
TXN-2004091,legit,,analyst_A,2026-04-21 09:20:11,high
TXN-2004637,legit,,analyst_B,2026-04-21 12:13:24,high
TXN-2003551,legit,,analyst_A,2026-04-21 13:20:51,high
TXN-2012207,legit,,analyst_B,2026-04-21 13:31:50,high
TXN-2015407,legit,,analyst_A,2026-04-21 14:17:25,high
TXN-2023213,legit,,analyst_A,2026-04-21 14:36:51,high
TXN-2012487,legit,,analyst_B,2026-04-21 15:14:59,medium
TXN-2001488,legit,,analyst_A,2026-04-21 16:58:11,high
TXN-2007800,legit,,analyst_A,2026-04-21 20:15:26,medium
TXN-2018919,legit,,analyst_A,2026-04-21 21:41:41,high
TXN-2020150,legit,,analyst_B,2026-04-21 23:48:42,medium
TXN-2005572,legit,,analyst_A,2026-04-22 00:02:14,medium
TXN-2012189,legit,,analyst_A,2026-04-22 02:11:38,medium
TXN-2012746,legit,,analyst_A,2026-04-22 02:14:10,medium
TXN-2006970,legit,,analyst_B,2026-04-22 02:16:44,medium
TXN-2015053,legit,,analyst_B,2026-04-22 02:16:53,low
TXN-2004096,legit,,analyst_B,2026-04-22 02:58:41,high
TXN-2016219,legit,,analyst_A,2026-04-22 03:27:36,medium
TXN-2002479,legit,,analyst_B,2026-04-22 03:32:40,medium
TXN-2006236,legit,,analyst_A,2026-04-22 04:18:53,low
TXN-2007530,legit,,analyst_A,2026-04-22 07:13:46,low
TXN-2017075,legit,,analyst_B,2026-04-22 07:17:21,high
TXN-2014996,legit,,analyst_B,2026-04-22 07:32:02,medium
TXN-2010864,legit,,analyst_B,2026-04-22 07:56:47,high
TXN-2021500,legit,,analyst_A,2026-04-22 08:31:01,high
TXN-2007205,legit,,analyst_B,2026-04-22 09:52:35,medium
TXN-2009772,legit,,analyst_B,2026-04-22 11:10:51,low
TXN-2017587,legit,,analyst_A,2026-04-22 11:14:52,low
TXN-2019637,legit,,analyst_A,2026-04-22 11:48:22,high
TXN-2001517,legit,,analyst_A,2026-04-22 15:24:12,high
TXN-2022480,legit,,analyst_A,2026-04-22 16:24:35,medium
TXN-2006802,legit,,analyst_B,2026-04-22 19:26:28,high
TXN-2017258,legit,,analyst_B,2026-04-22 22:37:19,high
TXN-2008564,legit,,analyst_B,2026-04-22 23:19:47,medium
TXN-2012084,legit,,analyst_A,2026-04-22 23:23:14,high
TXN-2009721,legit,,analyst_B,2026-04-23 00:02:04,high
TXN-2016869,legit,,analyst_B,2026-04-23 00:37:55,high
TXN-2007033,legit,,analyst_A,2026-04-23 01:04:09,high
TXN-2014132,legit,,analyst_A,2026-04-23 02:06:59,medium
TXN-2001875,legit,,analyst_B,2026-04-23 02:38:39,medium
TXN-2007125,legit,,analyst_B,2026-04-23 05:25:57,low
TXN-2011309,legit,,analyst_A,2026-04-23 06:28:15,high
TXN-2010439,legit,,analyst_B,2026-04-23 06:32:25,high
TXN-2016389,legit,,analyst_B,2026-04-23 07:33:37,medium
TXN-2012976,legit,,analyst_A,2026-04-23 08:33:28,high
TXN-2004023,legit,,analyst_B,2026-04-23 10:15:52,medium
TXN-2021867,legit,,analyst_A,2026-04-23 10:34:31,low
TXN-2010725,legit,,analyst_A,2026-04-23 11:06:01,medium
TXN-2011168,legit,,analyst_A,2026-04-23 11:22:16,medium
TXN-2016672,legit,,analyst_A,2026-04-23 12:02:14,medium
TXN-2023987,legit,,analyst_A,2026-04-23 12:36:49,medium
TXN-2022537,legit,,analyst_B,2026-04-23 13:48:00,medium
TXN-2023513,legit,,analyst_A,2026-04-23 17:25:34,low
TXN-2021558,legit,,analyst_B,2026-04-23 18:56:08,high
TXN-2013676,legit,,analyst_A,2026-04-23 19:12:30,medium
TXN-2001232,legit,,analyst_A,2026-04-23 19:27:14,low
TXN-2021430,legit,,analyst_B,2026-04-23 21:37:11,medium
TXN-2009410,legit,,analyst_A,2026-04-23 21:42:06,high
TXN-2017988,legit,,analyst_A,2026-04-23 21:45:54,low
TXN-2016056,legit,,analyst_B,2026-04-23 21:54:47,high
TXN-2014879,legit,,analyst_A,2026-04-23 22:21:54,high
TXN-2012157,legit,,analyst_B,2026-04-23 22:39:34,low
TXN-2011765,legit,,analyst_B,2026-04-23 22:58:34,low
TXN-2021717,legit,,analyst_B,2026-04-23 23:07:25,medium
TXN-2011327,legit,,analyst_A,2026-04-23 23:09:46,high
TXN-2010405,legit,,analyst_A,2026-04-23 23:38:56,high
TXN-2009693,legit,,analyst_B,2026-04-24 00:07:14,high
TXN-2000709,legit,,analyst_A,2026-04-24 00:21:55,medium
TXN-2006553,legit,,analyst_B,2026-04-24 01:42:10,medium
TXN-2015789,legit,,analyst_B,2026-04-24 02:05:41,medium
TXN-2018726,legit,,analyst_B,2026-04-24 02:40:40,high
TXN-2007851,legit,,analyst_A,2026-04-24 03:00:24,high
TXN-2001296,legit,,analyst_B,2026-04-24 03:37:48,medium
TXN-2002353,legit,,analyst_A,2026-04-24 05:14:20,medium
TXN-2019418,legit,,analyst_B,2026-04-24 05:19:48,low
TXN-2009470,legit,,analyst_B,2026-04-24 06:08:32,low
TXN-2024750,legit,,analyst_A,2026-04-24 08:35:18,medium
TXN-2011618,legit,,analyst_B,2026-04-24 11:03:06,medium
TXN-2019787,legit,,analyst_B,2026-04-24 11:27:34,medium
TXN-2024453,legit,,analyst_A,2026-04-24 12:13:54,high
TXN-2006294,legit,,analyst_B,2026-04-24 12:42:16,medium
TXN-2000839,fraud,account_takeover,analyst_B,2026-04-24 14:24:47,low
TXN-2024493,legit,,analyst_B,2026-04-24 14:51:53,high
TXN-2003057,legit,,analyst_B,2026-04-24 14:56:20,low
TXN-2013883,legit,,analyst_A,2026-04-24 15:10:11,low
TXN-2002760,legit,,analyst_A,2026-04-24 16:26:14,medium
TXN-2014877,legit,,analyst_A,2026-04-24 20:17:12,high
TXN-2007159,legit,,analyst_A,2026-04-24 20:25:06,high
TXN-2010859,legit,,analyst_A,2026-04-24 20:40:22,medium
TXN-2013803,legit,,analyst_A,2026-04-24 21:03:43,high
TXN-2000390,legit,,analyst_B,2026-04-24 21:23:58,medium
TXN-2012085,legit,,analyst_A,2026-04-24 21:59:54,medium
TXN-2010398,legit,,analyst_A,2026-04-24 22:33:44,medium
TXN-2012377,legit,,analyst_A,2026-04-24 22:37:23,high
TXN-2006219,legit,,analyst_A,2026-04-25 00:58:08,medium
TXN-2001718,legit,,analyst_A,2026-04-25 01:14:50,medium
TXN-2003934,legit,,analyst_B,2026-04-25 01:37:03,high
TXN-2010326,legit,,analyst_A,2026-04-25 02:15:26,medium
TXN-2012034,legit,,analyst_B,2026-04-25 03:00:59,high
TXN-2002999,legit,,analyst_A,2026-04-25 05:30:48,low
TXN-2013893,legit,,analyst_A,2026-04-25 06:33:01,medium
TXN-2021304,legit,,analyst_A,2026-04-25 06:51:21,low
TXN-2019954,legit,,analyst_A,2026-04-25 07:01:31,medium
TXN-2006735,legit,,analyst_B,2026-04-25 07:16:45,high
TXN-2011705,legit,,analyst_A,2026-04-25 07:32:12,high
TXN-2005782,legit,,analyst_A,2026-04-25 08:09:52,low
TXN-2004637,legit,,analyst_A,2026-04-25 08:13:24,high
TXN-2024102,legit,,analyst_A,2026-04-25 08:35:45,low
TXN-2004206,legit,,analyst_B,2026-04-25 09:00:24,high
TXN-2009397,legit,,analyst_B,2026-04-25 09:21:11,high
TXN-2013936,legit,,analyst_B,2026-04-25 09:41:34,low
TXN-2008943,legit,,analyst_A,2026-04-25 10:00:24,medium
TXN-2010810,legit,,analyst_B,2026-04-25 11:29:15,medium
TXN-2007243,legit,,analyst_B,2026-04-25 11:37:28,high
TXN-2022456,legit,,analyst_B,2026-04-25 14:55:37,medium
TXN-2001527,legit,,analyst_A,2026-04-25 17:31:47,high
TXN-2019349,legit,,analyst_A,2026-04-25 17:32:58,high
TXN-2022908,legit,,analyst_A,2026-04-25 17:50:42,high
TXN-2023135,legit,,analyst_A,2026-04-25 18:44:28,high
TXN-2024040,legit,,analyst_A,2026-04-25 19:44:05,medium
TXN-2024950,legit,,analyst_B,2026-04-25 22:24:08,medium
TXN-2004395,legit,,analyst_A,2026-04-25 23:35:47,high
TXN-2017921,legit,,analyst_A,2026-04-26 00:20:01,medium
TXN-2010601,legit,,analyst_B,2026-04-26 00:20:53,high
TXN-2019293,legit,,analyst_B,2026-04-26 00:30:12,medium
TXN-2023703,legit,,analyst_A,2026-04-26 01:34:42,low
TXN-2023703,legit,,analyst_B,2026-04-26 02:34:42,medium
TXN-2001387,legit,,analyst_B,2026-04-26 03:47:51,medium
TXN-2004306,legit,,analyst_B,2026-04-26 03:52:28,high
TXN-2018779,legit,,analyst_A,2026-04-26 04:17:49,high
TXN-2017333,legit,,analyst_A,2026-04-26 05:50:23,high
TXN-2003114,legit,,analyst_B,2026-04-26 05:54:55,low
TXN-2020214,legit,,analyst_B,2026-04-26 07:01:03,low
TXN-2010351,legit,,analyst_A,2026-04-26 07:03:18,medium
TXN-2007167,legit,,analyst_A,2026-04-26 07:09:02,high
TXN-2017508,legit,,analyst_A,2026-04-26 10:13:17,medium
TXN-2023876,legit,,analyst_B,2026-04-26 10:15:04,low
TXN-2002410,legit,,analyst_A,2026-04-26 10:27:27,medium
TXN-2002906,legit,,analyst_A,2026-04-26 10:27:44,medium
TXN-2024602,legit,,analyst_B,2026-04-26 10:40:41,low
TXN-2015006,legit,,analyst_B,2026-04-26 12:17:35,low
TXN-2023252,legit,,analyst_B,2026-04-26 12:47:02,high
TXN-2013665,legit,,analyst_A,2026-04-26 13:24:29,medium
TXN-2000930,legit,,analyst_B,2026-04-26 13:49:44,medium
TXN-2013666,legit,,analyst_A,2026-04-26 14:57:22,high
TXN-2016150,legit,,analyst_B,2026-04-26 15:32:19,medium
TXN-2006043,legit,,analyst_A,2026-04-26 16:42:20,high
TXN-2001352,legit,,analyst_B,2026-04-26 18:15:09,medium
TXN-2005204,legit,,analyst_B,2026-04-26 18:33:00,high
TXN-2020742,legit,,analyst_B,2026-04-26 18:52:58,low
TXN-2012893,legit,,analyst_B,2026-04-26 19:52:52,low
TXN-2004887,legit,,analyst_B,2026-04-26 20:11:10,medium
TXN-2018154,legit,,analyst_A,2026-04-26 20:56:43,medium
TXN-2012424,legit,,analyst_B,2026-04-26 22:37:00,high
TXN-2023171,legit,,analyst_A,2026-04-26 22:43:11,medium
TXN-2002982,legit,,analyst_B,2026-04-27 00:03:51,high
TXN-2016262,legit,,analyst_B,2026-04-27 00:05:20,high
TXN-2013358,legit,,analyst_B,2026-04-27 02:05:17,low
TXN-2022375,legit,,analyst_B,2026-04-27 03:04:21,medium
TXN-2022159,legit,,analyst_A,2026-04-27 04:16:41,low
TXN-2022177,legit,,analyst_B,2026-04-27 05:11:50,medium
TXN-2003136,legit,,analyst_B,2026-04-27 06:14:41,medium
TXN-2000227,legit,,analyst_A,2026-04-27 06:17:15,low
TXN-2001112,legit,,analyst_A,2026-04-27 06:49:42,medium
TXN-2000635,legit,,analyst_A,2026-04-27 07:24:00,medium
TXN-2013278,legit,,analyst_B,2026-04-27 09:10:13,low
TXN-2016362,legit,,analyst_A,2026-04-27 10:18:18,low
TXN-2008356,legit,,analyst_A,2026-04-27 11:00:30,low
TXN-2000798,legit,,analyst_A,2026-04-27 11:57:06,high
TXN-2004547,legit,,analyst_A,2026-04-27 12:08:51,high
TXN-2024610,legit,,analyst_A,2026-04-27 12:50:42,low
TXN-2022837,legit,,analyst_B,2026-04-27 13:09:22,high
TXN-2005615,legit,,analyst_A,2026-04-27 14:32:49,high
TXN-2014755,legit,,analyst_A,2026-04-27 15:47:13,high
TXN-2011515,legit,,analyst_A,2026-04-27 16:13:46,medium
TXN-2023801,legit,,analyst_B,2026-04-27 17:00:26,medium
TXN-2014585,legit,,analyst_A,2026-04-27 17:12:07,high
TXN-2020831,legit,,analyst_A,2026-04-27 17:39:27,low
TXN-2015326,legit,,analyst_B,2026-04-27 17:55:40,high
TXN-2013617,legit,,analyst_B,2026-04-27 18:22:23,high
TXN-2002418,legit,,analyst_A,2026-04-27 19:34:52,medium
TXN-2014301,legit,,analyst_A,2026-04-27 19:36:38,low
TXN-2008749,legit,,analyst_A,2026-04-27 20:11:54,high
TXN-2005682,legit,,analyst_A,2026-04-27 20:13:10,medium
TXN-2016437,legit,,analyst_A,2026-04-27 20:17:57,high
TXN-2004503,legit,,analyst_A,2026-04-27 20:18:26,medium
TXN-2017641,legit,,analyst_B,2026-04-27 20:55:08,medium
TXN-2002928,legit,,analyst_A,2026-04-27 21:50:48,low
TXN-2017224,legit,,analyst_B,2026-04-27 22:59:04,low
TXN-2005499,legit,,analyst_B,2026-04-28 00:17:56,medium
TXN-2012753,legit,,analyst_B,2026-04-28 02:27:06,high
TXN-2004057,legit,,analyst_B,2026-04-28 04:05:28,low
TXN-2006813,legit,,analyst_B,2026-04-28 06:27:06,low
TXN-2003407,legit,,analyst_A,2026-04-28 06:54:29,high
TXN-2005367,legit,,analyst_B,2026-04-28 08:45:29,high
TXN-2022627,legit,,analyst_B,2026-04-28 09:19:44,medium
TXN-2008453,legit,,analyst_A,2026-04-28 09:31:48,high
TXN-2017561,legit,,analyst_B,2026-04-28 10:19:46,medium
TXN-2002556,legit,,analyst_A,2026-04-28 12:07:29,medium
TXN-2011624,legit,,analyst_A,2026-04-28 12:12:25,medium
TXN-2015716,legit,,analyst_B,2026-04-28 13:26:40,medium
TXN-2000923,legit,,analyst_A,2026-04-28 13:37:31,medium
TXN-2021470,legit,,analyst_A,2026-04-28 15:00:41,high
TXN-2008424,legit,,analyst_B,2026-04-28 15:29:43,high
TXN-2006596,legit,,analyst_B,2026-04-28 16:26:36,medium
TXN-2005509,legit,,analyst_A,2026-04-28 16:44:41,high
TXN-2017307,legit,,analyst_B,2026-04-28 16:55:28,high
TXN-2011482,legit,,analyst_A,2026-04-28 17:01:03,low
TXN-2020632,legit,,analyst_B,2026-04-28 21:34:11,medium
TXN-2012013,legit,,analyst_B,2026-04-28 22:52:34,low
TXN-2007927,legit,,analyst_B,2026-04-29 00:33:49,medium
TXN-2020699,legit,,analyst_B,2026-04-29 00:41:28,high
TXN-2012948,legit,,analyst_A,2026-04-29 00:52:08,low
TXN-2013705,legit,,analyst_A,2026-04-29 01:37:53,medium
TXN-2024461,legit,,analyst_A,2026-04-29 02:37:56,medium
TXN-2015234,legit,,analyst_B,2026-04-29 02:43:25,high
TXN-2014081,legit,,analyst_A,2026-04-29 02:56:31,medium
TXN-2017186,legit,,analyst_A,2026-04-29 06:48:18,medium
TXN-2009005,legit,,analyst_A,2026-04-29 07:05:59,high
TXN-2019001,legit,,analyst_A,2026-04-29 07:31:31,high
TXN-2009232,legit,,analyst_A,2026-04-29 07:36:57,medium
TXN-2013973,legit,,analyst_A,2026-04-29 07:55:12,medium
TXN-2018825,legit,,analyst_A,2026-04-29 08:00:55,high
TXN-2015600,legit,,analyst_A,2026-04-29 08:13:22,medium
TXN-2009692,legit,,analyst_A,2026-04-29 09:21:46,medium
TXN-2012466,legit,,analyst_A,2026-04-29 10:09:55,medium
TXN-2003016,legit,,analyst_A,2026-04-29 10:30:00,medium
TXN-2015477,legit,,analyst_B,2026-04-29 11:01:07,medium
TXN-2008238,legit,,analyst_B,2026-04-29 11:24:23,medium
TXN-2012347,legit,,analyst_B,2026-04-29 11:36:30,high
TXN-2019515,legit,,analyst_A,2026-04-29 11:53:27,medium
TXN-2007783,legit,,analyst_A,2026-04-29 12:02:19,medium
TXN-2011776,legit,,analyst_A,2026-04-29 13:43:30,high
TXN-2016601,legit,,analyst_A,2026-04-29 13:52:51,high
TXN-2024268,legit,,analyst_A,2026-04-29 14:01:48,low
TXN-2006869,legit,,analyst_A,2026-04-29 15:20:23,medium
TXN-2014310,legit,,analyst_A,2026-04-29 15:21:31,high
TXN-2011416,legit,,analyst_B,2026-04-29 15:45:30,low
TXN-2019249,legit,,analyst_A,2026-04-29 17:17:04,high
TXN-2012284,legit,,analyst_B,2026-04-29 19:47:39,medium
TXN-2006154,legit,,analyst_A,2026-04-29 20:07:44,high
TXN-2011384,legit,,analyst_A,2026-04-29 21:35:21,medium
TXN-2010101,legit,,analyst_B,2026-04-29 22:11:23,medium
TXN-2002971,legit,,analyst_B,2026-04-29 22:31:41,medium
TXN-2002109,legit,,analyst_A,2026-04-30 00:53:41,medium
TXN-2015655,legit,,analyst_B,2026-04-30 03:02:44,high
TXN-2014725,legit,,analyst_A,2026-04-30 03:37:03,medium
TXN-2017535,legit,,analyst_A,2026-04-30 03:58:10,low
TXN-2024577,legit,,analyst_A,2026-04-30 04:15:47,low
TXN-2015533,legit,,analyst_A,2026-04-30 05:08:10,low
TXN-2023604,legit,,analyst_B,2026-04-30 05:46:18,high
TXN-2013150,legit,,analyst_B,2026-04-30 05:54:35,medium
TXN-2022693,legit,,analyst_A,2026-04-30 06:23:18,low
TXN-2004753,legit,,analyst_B,2026-04-30 06:31:23,high
TXN-2003236,legit,,analyst_A,2026-04-30 07:11:56,high
TXN-2014490,legit,,analyst_B,2026-04-30 08:09:05,low
TXN-2024457,legit,,analyst_B,2026-04-30 09:07:33,medium
TXN-2021777,legit,,analyst_B,2026-04-30 09:53:54,high
TXN-2016892,legit,,analyst_B,2026-04-30 10:20:07,medium
TXN-2010268,legit,,analyst_B,2026-04-30 12:36:52,medium
TXN-2022810,legit,,analyst_A,2026-04-30 12:49:44,high
TXN-2001142,legit,,analyst_A,2026-04-30 13:34:32,low
TXN-2016872,legit,,analyst_B,2026-04-30 14:26:32,low
TXN-2003108,legit,,analyst_A,2026-04-30 15:24:54,low
TXN-2018842,legit,,analyst_B,2026-04-30 17:26:43,high
TXN-2009356,legit,,analyst_B,2026-04-30 19:08:42,medium
TXN-2006291,legit,,analyst_A,2026-04-30 19:43:18,low
TXN-2023736,legit,,analyst_B,2026-04-30 21:16:33,low
TXN-2007084,legit,,analyst_A,2026-04-30 21:25:12,medium
TXN-2008809,legit,,analyst_A,2026-04-30 21:58:06,low
TXN-2024858,legit,,analyst_B,2026-04-30 23:03:57,medium
TXN-2020530,legit,,analyst_B,2026-04-30 23:46:04,high
TXN-2005775,legit,,analyst_A,2026-05-01 00:14:36,medium
TXN-2001973,legit,,analyst_B,2026-05-01 00:23:02,high
TXN-2010236,legit,,analyst_A,2026-05-01 00:25:25,medium
TXN-2024751,legit,,analyst_A,2026-05-01 01:23:54,low
TXN-2008164,legit,,analyst_A,2026-05-01 01:30:44,medium
TXN-2000602,legit,,analyst_A,2026-05-01 02:07:18,medium
TXN-2017733,legit,,analyst_A,2026-05-01 02:16:52,low
TXN-2013825,legit,,analyst_A,2026-05-01 04:40:10,high
TXN-2014081,legit,,analyst_B,2026-05-01 04:56:31,medium
TXN-2009836,legit,,analyst_A,2026-05-01 05:26:36,low
TXN-2010569,legit,,analyst_A,2026-05-01 05:32:25,low
TXN-2019919,legit,,analyst_B,2026-05-01 05:32:58,high
TXN-2012630,legit,,analyst_B,2026-05-01 06:17:40,high
TXN-2009057,legit,,analyst_A,2026-05-01 07:16:16,low
TXN-2017896,legit,,analyst_B,2026-05-01 07:33:47,medium
TXN-2018572,legit,,analyst_B,2026-05-01 07:39:34,medium
TXN-2023636,legit,,analyst_A,2026-05-01 08:30:04,high
TXN-2018694,legit,,analyst_A,2026-05-01 08:30:21,medium
TXN-2014301,legit,,analyst_B,2026-05-01 08:36:38,medium
TXN-2023841,legit,,analyst_B,2026-05-01 09:54:04,medium
TXN-2009156,legit,,analyst_A,2026-05-01 10:36:18,high
TXN-2024020,legit,,analyst_B,2026-05-01 10:36:58,medium
TXN-2014778,legit,,analyst_A,2026-05-01 11:13:18,high
TXN-2016758,legit,,analyst_A,2026-05-01 11:28:13,high
TXN-2004258,legit,,analyst_A,2026-05-01 11:35:36,low
TXN-2022661,legit,,analyst_B,2026-05-01 11:47:05,high
TXN-2019833,legit,,analyst_A,2026-05-01 12:02:49,high
TXN-2008214,legit,,analyst_B,2026-05-01 12:11:20,low
TXN-2003087,legit,,analyst_A,2026-05-01 12:37:58,high
TXN-2001151,legit,,analyst_A,2026-05-01 13:33:40,low
TXN-2002277,legit,,analyst_B,2026-05-01 13:56:55,medium
TXN-2006597,legit,,analyst_B,2026-05-01 15:23:28,high
TXN-2006856,legit,,analyst_A,2026-05-01 15:54:06,medium
TXN-2003003,legit,,analyst_A,2026-05-01 16:34:35,low
TXN-2014917,legit,,analyst_A,2026-05-01 19:14:22,medium
TXN-2016926,legit,,analyst_B,2026-05-01 20:07:29,high
TXN-2011972,legit,,analyst_B,2026-05-01 21:25:49,high
TXN-2002527,legit,,analyst_A,2026-05-01 21:49:39,high
TXN-2017538,legit,,analyst_B,2026-05-01 23:27:14,medium
TXN-2017936,legit,,analyst_B,2026-05-01 23:49:16,high
TXN-2019049,legit,,analyst_A,2026-05-01 23:52:26,medium
TXN-2024704,legit,,analyst_A,2026-05-02 00:33:13,low
TXN-2021570,legit,,analyst_B,2026-05-02 00:43:23,low
TXN-2010370,legit,,analyst_A,2026-05-02 03:07:38,medium
TXN-2021854,legit,,analyst_A,2026-05-02 05:48:04,high
TXN-2002595,legit,,analyst_B,2026-05-02 11:13:00,medium
TXN-2016634,legit,,analyst_B,2026-05-02 11:33:30,high
TXN-2002103,legit,,analyst_B,2026-05-02 12:26:36,high
TXN-2010842,legit,,analyst_A,2026-05-02 13:30:52,medium
TXN-2008475,legit,,analyst_A,2026-05-02 14:44:42,medium
TXN-2001779,legit,,analyst_B,2026-05-02 15:26:53,medium
TXN-2002008,legit,,analyst_B,2026-05-02 16:28:50,low
TXN-2018410,legit,,analyst_A,2026-05-02 16:55:49,low
TXN-2019742,legit,,analyst_A,2026-05-02 17:10:17,medium
TXN-2014349,legit,,analyst_A,2026-05-02 17:17:54,medium
TXN-2009280,legit,,analyst_A,2026-05-02 18:29:09,medium
TXN-2014680,legit,,analyst_A,2026-05-02 19:05:25,medium
TXN-2019913,legit,,analyst_B,2026-05-02 19:43:36,low
TXN-2010194,legit,,analyst_A,2026-05-02 21:32:54,low
TXN-2001404,legit,,analyst_B,2026-05-02 21:35:45,high
TXN-2011035,legit,,analyst_B,2026-05-02 21:42:27,high
TXN-2011984,legit,,analyst_A,2026-05-03 01:56:12,low
TXN-2016310,legit,,analyst_A,2026-05-03 02:32:57,medium
TXN-2003032,legit,,analyst_A,2026-05-03 03:30:03,medium
TXN-2018091,legit,,analyst_A,2026-05-03 03:35:12,high
TXN-2012136,legit,,analyst_B,2026-05-03 03:58:59,medium
TXN-2002611,legit,,analyst_A,2026-05-03 05:56:42,high
TXN-2024617,legit,,analyst_A,2026-05-03 06:29:16,medium
TXN-2023419,legit,,analyst_A,2026-05-03 08:04:46,medium
TXN-2003919,legit,,analyst_B,2026-05-03 09:35:13,low
TXN-2019954,legit,,analyst_B,2026-05-03 10:01:31,medium
TXN-2006078,legit,,analyst_A,2026-05-03 11:54:40,high
TXN-2012115,legit,,analyst_B,2026-05-03 13:08:03,medium
TXN-2004916,legit,,analyst_A,2026-05-03 15:03:30,medium
TXN-2009069,legit,,analyst_B,2026-05-03 15:50:32,high
TXN-2011766,legit,,analyst_B,2026-05-03 16:39:33,high
TXN-2019010,legit,,analyst_B,2026-05-03 17:37:41,high
TXN-2011223,legit,,analyst_A,2026-05-03 18:42:22,low
TXN-2006014,legit,,analyst_A,2026-05-03 18:50:49,high
TXN-2016707,legit,,analyst_A,2026-05-03 19:14:25,medium
TXN-2013819,legit,,analyst_B,2026-05-03 19:40:26,medium
TXN-2020991,legit,,analyst_B,2026-05-03 19:43:15,low
TXN-2014299,legit,,analyst_B,2026-05-03 20:16:11,low
TXN-2000538,legit,,analyst_B,2026-05-03 20:22:09,medium
TXN-2006714,legit,,analyst_A,2026-05-03 22:36:08,high
TXN-2008583,legit,,analyst_A,2026-05-03 23:38:45,medium
TXN-2015572,legit,,analyst_A,2026-05-03 23:56:46,low
TXN-2022241,legit,,analyst_A,2026-05-04 00:18:28,low
TXN-2017149,legit,,analyst_A,2026-05-04 02:14:37,low
TXN-2010998,legit,,analyst_B,2026-05-04 02:41:56,medium
TXN-2000817,legit,,analyst_B,2026-05-04 03:47:15,low
TXN-2010348,legit,,analyst_A,2026-05-04 04:02:44,medium
TXN-2003546,legit,,analyst_B,2026-05-04 04:04:27,medium
TXN-2004025,legit,,analyst_A,2026-05-04 04:06:01,medium
TXN-2007967,legit,,analyst_A,2026-05-04 04:55:22,low
TXN-2012132,legit,,analyst_B,2026-05-04 05:23:57,low
TXN-2008870,legit,,analyst_B,2026-05-04 06:49:15,high
TXN-2022257,legit,,analyst_A,2026-05-04 07:51:57,low
TXN-2002472,legit,,analyst_A,2026-05-04 09:10:26,high
TXN-2001334,legit,,analyst_A,2026-05-04 10:00:53,medium
TXN-2010194,fraud,stolen_credential,analyst_B,2026-05-04 12:32:54,high
TXN-2024607,legit,,analyst_A,2026-05-04 12:36:44,low
TXN-2016559,legit,,analyst_B,2026-05-04 12:42:19,high
TXN-2001864,legit,,analyst_A,2026-05-04 12:47:18,low
TXN-2000284,legit,,analyst_B,2026-05-04 14:23:20,medium
TXN-2017152,legit,,analyst_B,2026-05-04 15:31:30,high
TXN-2014810,legit,,analyst_A,2026-05-04 15:46:43,medium
TXN-2009073,legit,,analyst_A,2026-05-04 17:47:10,low
TXN-2000567,legit,,analyst_A,2026-05-04 18:17:53,low
TXN-2007249,legit,,analyst_B,2026-05-04 19:39:09,high
TXN-2011366,legit,,analyst_B,2026-05-04 20:14:00,high
TXN-2012631,legit,,analyst_A,2026-05-04 20:51:47,medium
TXN-2024204,legit,,analyst_B,2026-05-04 21:03:37,low
TXN-2004001,legit,,analyst_B,2026-05-04 21:07:46,medium
TXN-2016950,legit,,analyst_B,2026-05-04 21:37:51,high
TXN-2002380,legit,,analyst_B,2026-05-04 21:43:53,medium
TXN-2024319,legit,,analyst_A,2026-05-04 23:36:24,low
TXN-2014563,legit,,analyst_A,2026-05-04 23:37:00,high
TXN-2003379,legit,,analyst_B,2026-05-05 00:33:17,medium
TXN-2012022,legit,,analyst_A,2026-05-05 00:46:25,low
TXN-2015941,legit,,analyst_A,2026-05-05 02:09:18,high
TXN-2020056,legit,,analyst_B,2026-05-05 02:53:18,medium
TXN-2006957,legit,,analyst_A,2026-05-05 02:58:13,high
TXN-2024183,legit,,analyst_A,2026-05-05 04:14:12,high
TXN-2021176,legit,,analyst_B,2026-05-05 06:27:12,high
TXN-2021575,legit,,analyst_B,2026-05-05 06:45:44,high
TXN-2015727,legit,,analyst_B,2026-05-05 07:16:19,low
TXN-2007676,legit,,analyst_B,2026-05-05 07:54:20,medium
TXN-2014923,legit,,analyst_B,2026-05-05 08:23:25,medium
TXN-2013619,legit,,analyst_B,2026-05-05 08:25:12,low
TXN-2018698,legit,,analyst_A,2026-05-05 09:19:00,high
TXN-2021654,legit,,analyst_A,2026-05-05 10:04:51,high
TXN-2010998,legit,,analyst_A,2026-05-05 11:41:56,medium
TXN-2012741,legit,,analyst_A,2026-05-05 11:41:58,low
TXN-2000394,legit,,analyst_B,2026-05-05 11:59:11,high
TXN-2019659,legit,,analyst_B,2026-05-05 12:45:33,high
TXN-2021935,legit,,analyst_A,2026-05-05 13:03:21,medium
TXN-2002342,legit,,analyst_B,2026-05-05 14:25:40,medium
TXN-2005606,legit,,analyst_A,2026-05-05 14:55:53,high
TXN-2014166,legit,,analyst_A,2026-05-05 14:57:42,medium
TXN-2007846,legit,,analyst_A,2026-05-05 15:07:41,low
TXN-2010240,legit,,analyst_B,2026-05-05 15:31:46,medium
TXN-2013439,legit,,analyst_A,2026-05-05 17:23:48,high
TXN-2009898,legit,,analyst_A,2026-05-05 17:45:08,medium
TXN-2007290,legit,,analyst_B,2026-05-05 17:56:13,high
TXN-2012841,legit,,analyst_B,2026-05-05 19:30:29,medium
TXN-2019680,legit,,analyst_A,2026-05-05 21:48:26,high
TXN-2007797,legit,,analyst_A,2026-05-05 21:52:40,medium
TXN-2004391,legit,,analyst_A,2026-05-05 22:16:20,medium
TXN-2006294,legit,,analyst_A,2026-05-06 01:42:16,high
TXN-2007315,legit,,analyst_A,2026-05-06 04:05:52,low
TXN-2008522,legit,,analyst_B,2026-05-06 04:18:51,medium
TXN-2017462,legit,,analyst_A,2026-05-06 05:18:57,low
TXN-2004249,legit,,analyst_B,2026-05-06 06:50:55,medium
TXN-2016328,legit,,analyst_B,2026-05-06 08:27:15,high
TXN-2005407,legit,,analyst_A,2026-05-06 08:53:53,high
TXN-2019975,legit,,analyst_A,2026-05-06 09:16:41,medium
TXN-2021600,legit,,analyst_B,2026-05-06 11:18:08,high
TXN-2003642,legit,,analyst_A,2026-05-06 11:21:09,low
TXN-2015599,legit,,analyst_B,2026-05-06 13:17:25,high
TXN-2004949,legit,,analyst_A,2026-05-06 13:28:52,high
TXN-2008971,legit,,analyst_A,2026-05-06 15:44:20,low
TXN-2021173,legit,,analyst_A,2026-05-06 17:10:11,high
TXN-2024926,legit,,analyst_A,2026-05-06 17:10:12,medium
TXN-2010460,legit,,analyst_A,2026-05-06 17:13:17,medium
TXN-2001007,legit,,analyst_A,2026-05-06 17:35:10,high
TXN-2011081,legit,,analyst_B,2026-05-06 18:51:58,low
TXN-2014212,legit,,analyst_A,2026-05-06 19:11:12,medium
TXN-2000283,legit,,analyst_A,2026-05-06 19:45:20,medium
TXN-2008809,legit,,analyst_B,2026-05-06 19:58:06,high
TXN-2013561,legit,,analyst_B,2026-05-06 20:27:09,high
TXN-2020109,legit,,analyst_A,2026-05-06 22:29:49,high
TXN-2020672,legit,,analyst_A,2026-05-06 22:34:40,medium
TXN-2018716,legit,,analyst_A,2026-05-06 22:39:58,high
TXN-2001606,legit,,analyst_A,2026-05-07 00:16:44,medium
TXN-2019815,legit,,analyst_B,2026-05-07 00:19:38,high
TXN-2002839,legit,,analyst_A,2026-05-07 00:34:40,high
TXN-2022048,legit,,analyst_B,2026-05-07 01:53:40,medium
TXN-2024941,legit,,analyst_A,2026-05-07 02:28:23,high
TXN-2000363,legit,,analyst_A,2026-05-07 05:56:16,high
TXN-2016209,legit,,analyst_B,2026-05-07 06:29:18,medium
TXN-2016147,legit,,analyst_B,2026-05-07 06:34:56,high
TXN-2016020,legit,,analyst_B,2026-05-07 07:18:18,low
TXN-2002172,legit,,analyst_A,2026-05-07 08:12:07,high
TXN-2021156,legit,,analyst_A,2026-05-07 08:41:17,low
TXN-2023238,legit,,analyst_A,2026-05-07 08:50:18,medium
TXN-2006341,legit,,analyst_A,2026-05-07 08:56:25,medium
TXN-2014376,legit,,analyst_A,2026-05-07 09:24:46,medium
TXN-2021740,legit,,analyst_A,2026-05-07 09:36:18,low
TXN-2005621,legit,,analyst_A,2026-05-07 09:44:38,medium
TXN-2014745,legit,,analyst_A,2026-05-07 10:30:13,low
TXN-2003345,legit,,analyst_B,2026-05-07 10:49:14,high
TXN-2020233,legit,,analyst_B,2026-05-07 12:10:46,medium
TXN-2023767,legit,,analyst_A,2026-05-07 12:45:38,medium
TXN-2013581,legit,,analyst_B,2026-05-07 13:10:08,low
TXN-2009742,legit,,analyst_A,2026-05-07 14:08:37,medium
TXN-2005381,legit,,analyst_B,2026-05-07 14:16:46,medium
TXN-2014715,legit,,analyst_B,2026-05-07 15:11:02,high
TXN-2001911,legit,,analyst_A,2026-05-07 16:39:47,medium
TXN-2016820,legit,,analyst_A,2026-05-07 16:42:12,high
TXN-2022543,legit,,analyst_A,2026-05-07 17:31:34,high
TXN-2009076,legit,,analyst_A,2026-05-07 17:34:34,medium
TXN-2023974,legit,,analyst_A,2026-05-07 19:34:53,medium
TXN-2010689,legit,,analyst_A,2026-05-07 19:55:56,low
TXN-2023585,legit,,analyst_B,2026-05-07 21:48:43,high
TXN-2021221,legit,,analyst_A,2026-05-07 23:58:49,medium
TXN-2012823,legit,,analyst_B,2026-05-08 00:05:38,medium
TXN-2015662,legit,,analyst_A,2026-05-08 00:38:33,low
TXN-2014132,legit,,analyst_B,2026-05-08 01:06:59,low
TXN-2018259,legit,,analyst_B,2026-05-08 02:29:56,low
TXN-2016193,legit,,analyst_A,2026-05-08 02:59:02,high
TXN-2012245,legit,,analyst_A,2026-05-08 03:33:52,medium
TXN-2021440,legit,,analyst_A,2026-05-08 04:17:49,high
TXN-2004095,legit,,analyst_A,2026-05-08 04:33:31,high
TXN-2020592,legit,,analyst_A,2026-05-08 05:00:32,medium
TXN-2007554,legit,,analyst_A,2026-05-08 08:31:13,low
TXN-2003659,legit,,analyst_A,2026-05-08 09:58:51,high
TXN-2004680,legit,,analyst_A,2026-05-08 11:49:32,medium
TXN-2014846,legit,,analyst_A,2026-05-08 12:44:33,medium
TXN-2019258,legit,,analyst_A,2026-05-08 13:33:53,high
TXN-2004483,legit,,analyst_A,2026-05-08 14:12:14,low
TXN-2000897,legit,,analyst_A,2026-05-08 14:18:46,low
TXN-2022371,legit,,analyst_A,2026-05-08 14:32:41,medium
TXN-2011990,legit,,analyst_A,2026-05-08 14:49:03,high
TXN-2009594,legit,,analyst_B,2026-05-08 14:54:10,medium
TXN-2021864,legit,,analyst_A,2026-05-08 15:14:44,high
TXN-2012737,legit,,analyst_B,2026-05-08 15:37:18,medium
TXN-2016437,legit,,analyst_B,2026-05-08 16:17:57,medium
TXN-2018865,legit,,analyst_A,2026-05-08 17:24:34,high
TXN-2024438,legit,,analyst_A,2026-05-08 17:46:16,medium
TXN-2019811,legit,,analyst_B,2026-05-08 17:46:40,high
TXN-2000144,legit,,analyst_A,2026-05-08 18:16:55,medium
TXN-2023311,legit,,analyst_A,2026-05-08 20:29:30,medium
TXN-2022819,legit,,analyst_A,2026-05-08 20:42:18,high
TXN-2021154,legit,,analyst_A,2026-05-08 20:58:53,high
TXN-2019913,legit,,analyst_A,2026-05-08 21:43:36,high
TXN-2006999,legit,,analyst_A,2026-05-08 21:44:34,medium
TXN-2009529,legit,,analyst_B,2026-05-08 22:12:14,low
TXN-2020963,legit,,analyst_B,2026-05-08 22:54:20,high
TXN-2019364,legit,,analyst_A,2026-05-08 23:13:37,high
TXN-2001437,legit,,analyst_B,2026-05-09 00:45:38,medium
TXN-2004875,legit,,analyst_B,2026-05-09 01:23:56,low
TXN-2008497,legit,,analyst_B,2026-05-09 01:32:48,medium
TXN-2013375,legit,,analyst_A,2026-05-09 02:42:49,medium
TXN-2006032,legit,,analyst_B,2026-05-09 03:27:27,low
TXN-2021329,legit,,analyst_B,2026-05-09 05:22:17,high
TXN-2003311,legit,,analyst_B,2026-05-09 05:57:50,medium
TXN-2011750,legit,,analyst_A,2026-05-09 07:14:15,low
TXN-2009473,legit,,analyst_B,2026-05-09 07:23:26,medium
TXN-2020761,legit,,analyst_A,2026-05-09 07:53:58,high
TXN-2017275,legit,,analyst_B,2026-05-09 08:12:51,high
TXN-2005913,legit,,analyst_A,2026-05-09 08:42:28,high
TXN-2011987,legit,,analyst_B,2026-05-09 09:39:46,high
TXN-2013382,legit,,analyst_A,2026-05-09 10:54:09,high
TXN-2013187,legit,,analyst_A,2026-05-09 11:30:16,low
TXN-2003117,legit,,analyst_A,2026-05-09 11:57:24,high
TXN-2021909,legit,,analyst_B,2026-05-09 12:39:06,high
TXN-2022143,legit,,analyst_B,2026-05-09 12:54:19,medium
TXN-2019791,legit,,analyst_B,2026-05-09 13:26:15,high
TXN-2010977,legit,,analyst_A,2026-05-09 14:41:29,medium
TXN-2023803,legit,,analyst_B,2026-05-09 14:45:19,medium
TXN-2022546,legit,,analyst_A,2026-05-09 15:13:34,medium
TXN-2014609,legit,,analyst_A,2026-05-09 18:02:46,medium
TXN-2017680,legit,,analyst_A,2026-05-09 18:37:04,high
TXN-2005976,legit,,analyst_A,2026-05-09 21:09:51,high
TXN-2007364,legit,,analyst_B,2026-05-09 21:44:27,low
TXN-2005882,legit,,analyst_A,2026-05-09 23:25:13,high
TXN-2015925,legit,,analyst_B,2026-05-10 00:08:55,high
TXN-2024656,legit,,analyst_B,2026-05-10 00:24:57,high
TXN-2000403,legit,,analyst_A,2026-05-10 00:51:39,medium
TXN-2001969,legit,,analyst_A,2026-05-10 01:28:38,high
TXN-2002284,legit,,analyst_B,2026-05-10 02:08:20,low
TXN-2020644,legit,,analyst_A,2026-05-10 03:30:02,low
TXN-2014824,legit,,analyst_A,2026-05-10 03:43:25,medium
TXN-2010375,legit,,analyst_B,2026-05-10 04:03:10,high
TXN-2017980,legit,,analyst_B,2026-05-10 04:04:50,medium
TXN-2016122,legit,,analyst_A,2026-05-10 04:12:34,high
TXN-2002746,legit,,analyst_A,2026-05-10 04:14:49,medium
TXN-2005961,legit,,analyst_A,2026-05-10 04:39:31,medium
TXN-2008768,legit,,analyst_A,2026-05-10 06:04:18,high
TXN-2010777,legit,,analyst_B,2026-05-10 06:10:45,high
TXN-2024301,legit,,analyst_B,2026-05-10 06:14:10,medium
TXN-2019874,legit,,analyst_B,2026-05-10 06:21:53,medium
TXN-2014450,legit,,analyst_B,2026-05-10 06:58:10,medium
TXN-2011976,legit,,analyst_A,2026-05-10 07:34:19,low
TXN-2015369,legit,,analyst_B,2026-05-10 08:31:10,high
TXN-2009056,legit,,analyst_A,2026-05-10 08:56:13,medium
TXN-2005571,legit,,analyst_B,2026-05-10 09:46:39,medium
TXN-2002588,legit,,analyst_A,2026-05-10 09:54:31,high
TXN-2016459,legit,,analyst_B,2026-05-10 10:37:02,medium
TXN-2009814,legit,,analyst_A,2026-05-10 10:37:40,medium
TXN-2024374,legit,,analyst_B,2026-05-10 10:58:04,low
TXN-2008910,legit,,analyst_B,2026-05-10 11:11:29,medium
TXN-2014561,legit,,analyst_B,2026-05-10 11:57:39,low
TXN-2007827,legit,,analyst_B,2026-05-10 13:27:04,low
TXN-2010635,legit,,analyst_A,2026-05-10 14:05:15,medium
TXN-2003518,legit,,analyst_A,2026-05-10 14:32:00,high
TXN-2006189,legit,,analyst_B,2026-05-10 14:46:12,high
TXN-2020524,legit,,analyst_B,2026-05-10 16:06:55,high
TXN-2003979,legit,,analyst_B,2026-05-10 16:29:35,low
TXN-2018973,legit,,analyst_A,2026-05-10 16:37:04,low
TXN-2008370,legit,,analyst_A,2026-05-10 16:41:21,low
TXN-2011059,legit,,analyst_A,2026-05-10 19:09:42,high
TXN-2019049,legit,,analyst_B,2026-05-10 19:52:26,low
TXN-2020065,legit,,analyst_A,2026-05-10 20:02:44,medium
TXN-2004153,legit,,analyst_B,2026-05-10 20:11:17,high
TXN-2022112,legit,,analyst_A,2026-05-10 20:12:34,medium
TXN-2010004,legit,,analyst_A,2026-05-10 20:49:30,medium
TXN-2008752,legit,,analyst_A,2026-05-10 21:39:12,medium
TXN-2013227,legit,,analyst_B,2026-05-10 23:45:58,high
TXN-2015750,legit,,analyst_A,2026-05-10 23:49:30,medium
TXN-2009470,legit,,analyst_A,2026-05-11 00:08:32,high
TXN-2002680,legit,,analyst_B,2026-05-11 00:13:40,medium
TXN-2000345,legit,,analyst_B,2026-05-11 02:45:20,high
TXN-2009600,legit,,analyst_A,2026-05-11 03:22:45,medium
TXN-2010013,legit,,analyst_B,2026-05-11 04:23:25,medium
TXN-2024449,legit,,analyst_A,2026-05-11 05:02:35,high
TXN-2016547,legit,,analyst_A,2026-05-11 05:07:22,medium
TXN-2016781,legit,,analyst_A,2026-05-11 05:09:37,medium
TXN-2005408,legit,,analyst_A,2026-05-11 05:58:57,medium
TXN-2022426,legit,,analyst_A,2026-05-11 06:40:31,medium
TXN-2021263,legit,,analyst_B,2026-05-11 07:53:56,high
TXN-2012100,legit,,analyst_B,2026-05-11 08:51:16,medium
TXN-2010579,legit,,analyst_B,2026-05-11 09:34:38,high
TXN-2019389,legit,,analyst_B,2026-05-11 10:18:49,medium
TXN-2007997,legit,,analyst_A,2026-05-11 10:22:57,high
TXN-2010685,legit,,analyst_A,2026-05-11 11:15:06,medium
TXN-2006506,legit,,analyst_A,2026-05-11 11:23:32,high
TXN-2016364,legit,,analyst_B,2026-05-11 11:59:29,high
TXN-2013070,legit,,analyst_A,2026-05-11 13:36:36,high
TXN-2020524,legit,,analyst_A,2026-05-11 14:06:55,medium
TXN-2017127,legit,,analyst_A,2026-05-11 15:03:11,medium
TXN-2014553,legit,,analyst_B,2026-05-11 16:28:06,high
TXN-2003036,legit,,analyst_A,2026-05-11 17:14:31,low
TXN-2014850,legit,,analyst_B,2026-05-11 17:48:55,medium
TXN-2020399,legit,,analyst_B,2026-05-11 18:49:50,medium
TXN-2001129,legit,,analyst_A,2026-05-11 19:31:36,low
TXN-2024820,legit,,analyst_A,2026-05-11 19:41:40,low
TXN-2014718,legit,,analyst_B,2026-05-11 20:07:32,medium
TXN-2004502,legit,,analyst_A,2026-05-11 20:21:35,medium
TXN-2016625,legit,,analyst_B,2026-05-11 21:35:36,medium
TXN-2007656,legit,,analyst_B,2026-05-11 23:16:39,medium
TXN-2002994,legit,,analyst_A,2026-05-12 00:32:39,medium
TXN-2009332,legit,,analyst_B,2026-05-12 00:36:48,high
TXN-2002022,legit,,analyst_B,2026-05-12 00:38:57,high
TXN-2008959,legit,,analyst_A,2026-05-12 00:41:01,high
TXN-2005209,legit,,analyst_B,2026-05-12 01:01:38,medium
TXN-2022137,legit,,analyst_B,2026-05-12 01:22:08,high
TXN-2001455,legit,,analyst_A,2026-05-12 06:39:09,medium
TXN-2023227,legit,,analyst_B,2026-05-12 07:01:01,high
TXN-2019760,legit,,analyst_A,2026-05-12 08:15:31,high
TXN-2013975,legit,,analyst_B,2026-05-12 09:26:04,high
TXN-2008828,legit,,analyst_B,2026-05-12 09:38:11,medium
TXN-2023127,legit,,analyst_A,2026-05-12 10:16:14,medium
TXN-2006257,legit,,analyst_B,2026-05-12 10:37:26,high
TXN-2016845,legit,,analyst_B,2026-05-12 11:23:15,high
TXN-2006259,legit,,analyst_B,2026-05-12 12:30:44,medium
TXN-2014451,legit,,analyst_A,2026-05-12 13:40:25,high
TXN-2002802,legit,,analyst_B,2026-05-12 13:46:47,high
TXN-2011177,fraud,merchant_collusion,analyst_A,2026-05-12 14:25:11,medium
TXN-2017247,legit,,analyst_B,2026-05-12 14:26:43,medium
TXN-2008550,legit,,analyst_A,2026-05-12 15:23:22,medium
TXN-2016201,legit,,analyst_A,2026-05-12 15:40:44,high
TXN-2010495,legit,,analyst_B,2026-05-12 15:49:04,high
TXN-2021495,legit,,analyst_A,2026-05-12 15:54:49,low
TXN-2001581,legit,,analyst_B,2026-05-12 16:30:03,medium
TXN-2017820,legit,,analyst_A,2026-05-12 20:16:20,medium
TXN-2008309,legit,,analyst_A,2026-05-12 20:33:25,medium
TXN-2011065,legit,,analyst_B,2026-05-12 20:38:13,high
TXN-2011909,legit,,analyst_A,2026-05-12 22:10:17,medium
TXN-2003038,legit,,analyst_A,2026-05-12 23:27:41,high
TXN-2020530,legit,,analyst_A,2026-05-13 00:46:04,low
TXN-2019319,legit,,analyst_B,2026-05-13 02:09:56,medium
TXN-2022568,legit,,analyst_A,2026-05-13 03:07:54,high
TXN-2018019,legit,,analyst_A,2026-05-13 03:09:15,high
TXN-2015620,legit,,analyst_A,2026-05-13 04:34:16,high
TXN-2004214,legit,,analyst_B,2026-05-13 05:24:46,high
TXN-2015001,legit,,analyst_A,2026-05-13 07:05:07,medium
TXN-2013496,legit,,analyst_A,2026-05-13 09:07:29,medium
TXN-2001167,legit,,analyst_B,2026-05-13 09:36:55,medium
TXN-2017802,legit,,analyst_A,2026-05-13 09:42:22,medium
TXN-2014657,legit,,analyst_B,2026-05-13 11:18:01,medium
TXN-2005418,legit,,analyst_A,2026-05-13 11:35:53,low
TXN-2006615,legit,,analyst_B,2026-05-13 11:43:53,high
TXN-2000345,legit,,analyst_A,2026-05-13 12:45:20,low
TXN-2015277,legit,,analyst_A,2026-05-13 13:11:34,low
TXN-2003957,legit,,analyst_B,2026-05-13 13:55:53,high
TXN-2022726,legit,,analyst_B,2026-05-13 14:34:27,low
TXN-2024246,legit,,analyst_B,2026-05-13 14:34:49,medium
TXN-2019406,legit,,analyst_B,2026-05-13 15:44:35,high
TXN-2015191,legit,,analyst_A,2026-05-13 16:46:29,high
TXN-2022706,legit,,analyst_A,2026-05-13 18:24:13,medium
TXN-2013618,legit,,analyst_A,2026-05-13 18:31:22,medium
TXN-2004256,legit,,analyst_A,2026-05-13 18:43:11,medium
TXN-2002912,legit,,analyst_A,2026-05-13 19:13:39,low
TXN-2016776,legit,,analyst_A,2026-05-13 19:24:59,medium
TXN-2009056,legit,,analyst_B,2026-05-13 19:56:13,high
TXN-2002440,legit,,analyst_A,2026-05-13 20:04:37,medium
TXN-2021297,legit,,analyst_B,2026-05-13 20:13:15,medium
TXN-2002008,legit,,analyst_A,2026-05-13 20:28:50,high
TXN-2020035,legit,,analyst_A,2026-05-13 21:25:24,medium
TXN-2001170,legit,,analyst_B,2026-05-13 21:25:34,low
TXN-2000265,legit,,analyst_B,2026-05-13 21:47:31,high
TXN-2009129,legit,,analyst_A,2026-05-13 22:15:55,medium
TXN-2021101,legit,,analyst_B,2026-05-13 22:23:38,low
TXN-2013918,legit,,analyst_B,2026-05-14 00:04:13,medium
TXN-2024271,legit,,analyst_A,2026-05-14 02:16:32,high
TXN-2017220,legit,,analyst_B,2026-05-14 02:17:32,medium
TXN-2021124,legit,,analyst_A,2026-05-14 02:55:30,medium
TXN-2005326,legit,,analyst_B,2026-05-14 04:05:48,high
TXN-2015816,legit,,analyst_A,2026-05-14 04:20:57,medium
TXN-2016337,legit,,analyst_A,2026-05-14 04:57:24,low
TXN-2014532,legit,,analyst_B,2026-05-14 07:00:01,medium
TXN-2015495,legit,,analyst_A,2026-05-14 08:04:24,medium
TXN-2005950,legit,,analyst_B,2026-05-14 08:30:20,high
TXN-2021230,legit,,analyst_A,2026-05-14 09:06:25,high
TXN-2014270,legit,,analyst_A,2026-05-14 09:18:34,medium
TXN-2008142,legit,,analyst_B,2026-05-14 09:24:50,medium
TXN-2022444,legit,,analyst_A,2026-05-14 10:39:09,high
TXN-2010433,legit,,analyst_A,2026-05-14 11:03:01,low
TXN-2016351,legit,,analyst_B,2026-05-14 11:56:00,low
TXN-2012332,legit,,analyst_B,2026-05-14 12:34:55,low
TXN-2009550,legit,,analyst_A,2026-05-14 13:34:03,medium
TXN-2003278,legit,,analyst_A,2026-05-14 13:44:07,medium
TXN-2002510,legit,,analyst_B,2026-05-14 13:51:17,high
TXN-2013211,legit,,analyst_B,2026-05-14 14:00:37,low
TXN-2012402,legit,,analyst_A,2026-05-14 14:08:10,high
TXN-2015066,legit,,analyst_B,2026-05-14 15:10:11,high
TXN-2003252,legit,,analyst_A,2026-05-14 15:32:26,high
TXN-2022905,legit,,analyst_A,2026-05-14 16:51:04,medium
TXN-2018435,legit,,analyst_B,2026-05-14 17:47:33,medium
TXN-2002453,legit,,analyst_B,2026-05-14 18:01:01,high
TXN-2006087,legit,,analyst_A,2026-05-14 19:35:30,high
TXN-2014419,legit,,analyst_A,2026-05-14 19:35:38,high
TXN-2017871,legit,,analyst_A,2026-05-14 19:39:45,high
TXN-2012351,legit,,analyst_A,2026-05-14 20:30:49,high
TXN-2024883,legit,,analyst_A,2026-05-14 23:17:34,high
TXN-2005089,legit,,analyst_A,2026-05-14 23:24:05,high
TXN-2002706,legit,,analyst_A,2026-05-15 00:26:47,medium
TXN-2006613,legit,,analyst_B,2026-05-15 01:07:56,low
TXN-2003636,legit,,analyst_A,2026-05-15 01:52:03,high
TXN-2000646,legit,,analyst_A,2026-05-15 03:11:47,high
TXN-2000989,legit,,analyst_A,2026-05-15 05:50:16,high
TXN-2014382,legit,,analyst_B,2026-05-15 06:49:51,medium
TXN-2012407,legit,,analyst_A,2026-05-15 07:12:25,high
TXN-2001580,legit,,analyst_B,2026-05-15 08:14:34,low
TXN-2012740,legit,,analyst_B,2026-05-15 08:40:06,medium
TXN-2014247,legit,,analyst_A,2026-05-15 09:48:26,medium
TXN-2007391,legit,,analyst_A,2026-05-15 13:12:14,medium
TXN-2020614,legit,,analyst_A,2026-05-15 13:43:28,high
TXN-2009981,legit,,analyst_A,2026-05-15 13:57:45,low
TXN-2016048,legit,,analyst_A,2026-05-15 14:13:08,medium
TXN-2023874,legit,,analyst_B,2026-05-15 14:22:31,medium
TXN-2022059,legit,,analyst_A,2026-05-15 14:32:31,low
TXN-2003546,legit,,analyst_A,2026-05-15 15:04:27,medium
TXN-2019699,legit,,analyst_A,2026-05-15 16:00:16,medium
TXN-2003770,legit,,analyst_B,2026-05-15 16:54:56,high
TXN-2002061,legit,,analyst_A,2026-05-15 17:54:40,low
TXN-2020793,legit,,analyst_A,2026-05-15 18:35:47,low
TXN-2021780,legit,,analyst_A,2026-05-15 19:06:56,medium
TXN-2024105,legit,,analyst_A,2026-05-15 19:07:30,high
TXN-2021117,legit,,analyst_A,2026-05-15 19:35:51,low
TXN-2010285,legit,,analyst_A,2026-05-15 20:44:28,medium
TXN-2018110,legit,,analyst_B,2026-05-15 20:46:20,high
TXN-2002798,legit,,analyst_B,2026-05-15 20:46:48,low
TXN-2011548,legit,,analyst_A,2026-05-15 20:49:11,high
TXN-2000412,legit,,analyst_A,2026-05-15 22:25:04,high
TXN-2009079,legit,,analyst_A,2026-05-15 22:33:26,medium
TXN-2014557,legit,,analyst_A,2026-05-15 22:54:34,high
TXN-2003685,legit,,analyst_B,2026-05-16 01:07:37,low
TXN-2002812,legit,,analyst_A,2026-05-16 01:19:23,high
TXN-2022406,legit,,analyst_A,2026-05-16 01:36:01,medium
TXN-2001781,legit,,analyst_A,2026-05-16 03:23:39,low
TXN-2002780,legit,,analyst_B,2026-05-16 04:20:59,high
TXN-2007528,legit,,analyst_B,2026-05-16 04:44:05,high
TXN-2011033,legit,,analyst_A,2026-05-16 05:18:49,medium
TXN-2009550,legit,,analyst_B,2026-05-16 05:34:03,medium
TXN-2019415,legit,,analyst_B,2026-05-16 05:54:18,medium
TXN-2006558,legit,,analyst_B,2026-05-16 06:33:19,high
TXN-2021710,legit,,analyst_A,2026-05-16 06:45:39,medium
TXN-2005744,legit,,analyst_A,2026-05-16 07:19:33,medium
TXN-2022254,legit,,analyst_B,2026-05-16 08:36:39,medium
TXN-2009655,legit,,analyst_A,2026-05-16 08:40:58,medium
TXN-2001798,legit,,analyst_A,2026-05-16 10:46:12,medium
TXN-2021608,legit,,analyst_A,2026-05-16 11:29:10,low
TXN-2001601,legit,,analyst_A,2026-05-16 12:38:20,medium
TXN-2020026,legit,,analyst_B,2026-05-16 13:17:04,medium
TXN-2011155,legit,,analyst_A,2026-05-16 14:05:52,medium
TXN-2002081,legit,,analyst_A,2026-05-16 14:09:09,high
TXN-2010180,legit,,analyst_A,2026-05-16 15:30:10,medium
TXN-2001733,legit,,analyst_B,2026-05-16 15:32:22,medium
TXN-2016067,legit,,analyst_A,2026-05-16 15:39:14,high
TXN-2023088,legit,,analyst_A,2026-05-16 16:24:13,medium
TXN-2024565,legit,,analyst_A,2026-05-16 17:54:26,medium
TXN-2004044,legit,,analyst_A,2026-05-16 18:16:15,high
TXN-2023267,legit,,analyst_B,2026-05-16 18:25:49,high
TXN-2023240,legit,,analyst_A,2026-05-16 18:30:38,high
TXN-2005379,legit,,analyst_B,2026-05-16 18:39:53,high
TXN-2010999,legit,,analyst_B,2026-05-16 19:21:59,low
TXN-2021760,legit,,analyst_B,2026-05-16 19:34:50,medium
TXN-2021337,legit,,analyst_A,2026-05-16 19:35:36,medium
TXN-2010255,legit,,analyst_A,2026-05-16 21:05:34,high
TXN-2002162,legit,,analyst_B,2026-05-16 22:22:42,high
TXN-2001964,legit,,analyst_B,2026-05-16 22:41:55,medium
TXN-2016597,legit,,analyst_A,2026-05-17 00:06:13,high
TXN-2014780,legit,,analyst_B,2026-05-17 00:17:15,medium
TXN-2013398,legit,,analyst_B,2026-05-17 00:45:47,medium
TXN-2021869,legit,,analyst_A,2026-05-17 01:48:32,high
TXN-2020420,legit,,analyst_A,2026-05-17 02:00:20,high
TXN-2016138,legit,,analyst_A,2026-05-17 02:32:59,high
TXN-2009513,legit,,analyst_A,2026-05-17 03:37:50,high
TXN-2001473,legit,,analyst_B,2026-05-17 04:02:26,medium
TXN-2020047,legit,,analyst_B,2026-05-17 04:07:44,low
TXN-2013478,legit,,analyst_A,2026-05-17 05:00:48,medium
TXN-2006020,legit,,analyst_B,2026-05-17 05:25:27,low
TXN-2010811,legit,,analyst_A,2026-05-17 06:32:27,medium
TXN-2017944,legit,,analyst_B,2026-05-17 07:12:17,high
TXN-2001871,legit,,analyst_A,2026-05-17 07:35:47,low
TXN-2013187,legit,,analyst_B,2026-05-17 10:30:16,medium
TXN-2006223,legit,,analyst_A,2026-05-17 11:15:29,medium
TXN-2002411,legit,,analyst_B,2026-05-17 11:20:13,low
TXN-2006387,legit,,analyst_B,2026-05-17 11:42:34,high
TXN-2023081,legit,,analyst_A,2026-05-17 12:00:52,medium
TXN-2024139,legit,,analyst_B,2026-05-17 12:10:20,medium
TXN-2010406,legit,,analyst_A,2026-05-17 14:13:55,medium
TXN-2012773,legit,,analyst_B,2026-05-17 14:24:56,low
TXN-2024680,legit,,analyst_B,2026-05-17 14:54:06,high
TXN-2017461,legit,,analyst_B,2026-05-17 14:57:55,low
TXN-2010151,legit,,analyst_B,2026-05-17 15:41:22,medium
TXN-2011121,legit,,analyst_B,2026-05-17 16:06:49,high
TXN-2018397,legit,,analyst_A,2026-05-17 16:13:53,medium
TXN-2017346,legit,,analyst_A,2026-05-17 17:30:02,medium
TXN-2024741,legit,,analyst_A,2026-05-17 17:33:33,high
TXN-2024181,legit,,analyst_A,2026-05-17 18:45:03,medium
TXN-2001464,legit,,analyst_B,2026-05-17 18:54:57,medium
TXN-2019944,legit,,analyst_A,2026-05-17 20:44:53,low
TXN-2009528,legit,,analyst_A,2026-05-17 22:28:26,medium
TXN-2009332,legit,,analyst_A,2026-05-17 22:36:48,low
TXN-2024295,legit,,analyst_A,2026-05-17 22:49:46,medium
TXN-2015507,legit,,analyst_B,2026-05-18 00:00:09,medium
TXN-2020093,legit,,analyst_A,2026-05-18 00:09:44,medium
TXN-2005245,legit,,analyst_B,2026-05-18 01:46:31,medium
TXN-2006269,legit,,analyst_B,2026-05-18 03:02:44,low
TXN-2023047,legit,,analyst_B,2026-05-18 03:03:28,medium
TXN-2012879,legit,,analyst_B,2026-05-18 03:19:29,high
TXN-2004705,legit,,analyst_A,2026-05-18 04:12:01,medium
TXN-2023398,legit,,analyst_B,2026-05-18 04:22:33,high
TXN-2014890,legit,,analyst_A,2026-05-18 04:36:48,medium
TXN-2016516,legit,,analyst_A,2026-05-18 06:44:53,low
TXN-2009084,legit,,analyst_B,2026-05-18 08:12:45,medium
TXN-2023843,legit,,analyst_B,2026-05-18 09:14:42,medium
TXN-2010361,legit,,analyst_A,2026-05-18 10:48:40,medium
TXN-2014725,legit,,analyst_B,2026-05-18 11:37:03,high
TXN-2003004,fraud,stolen_credential,analyst_B,2026-05-18 12:21:21,medium
TXN-2000208,legit,,analyst_B,2026-05-18 12:35:41,medium
TXN-2024601,legit,,analyst_A,2026-05-18 12:36:13,medium
TXN-2001106,legit,,analyst_B,2026-05-18 12:39:04,medium
TXN-2023112,legit,,analyst_A,2026-05-18 14:24:52,high
TXN-2017763,legit,,analyst_A,2026-05-18 14:30:05,high
TXN-2024591,legit,,analyst_A,2026-05-18 14:44:36,high
TXN-2012713,legit,,analyst_B,2026-05-18 15:34:32,high
TXN-2006752,legit,,analyst_B,2026-05-18 15:50:08,high
TXN-2010357,legit,,analyst_B,2026-05-18 16:47:18,medium
TXN-2023867,legit,,analyst_A,2026-05-18 18:06:09,medium
TXN-2022408,legit,,analyst_A,2026-05-18 18:21:24,low
TXN-2007767,legit,,analyst_A,2026-05-18 19:17:25,high
TXN-2001726,legit,,analyst_A,2026-05-18 19:34:51,high
TXN-2023128,legit,,analyst_A,2026-05-18 19:48:17,high
TXN-2020112,legit,,analyst_A,2026-05-18 20:13:13,high
TXN-2019487,legit,,analyst_A,2026-05-18 21:20:06,medium
TXN-2014391,legit,,analyst_A,2026-05-18 23:41:17,low
TXN-2021531,legit,,analyst_A,2026-05-19 00:12:24,low
TXN-2003011,legit,,analyst_B,2026-05-19 00:35:08,low
TXN-2018427,legit,,analyst_B,2026-05-19 01:01:04,medium
TXN-2006006,legit,,analyst_A,2026-05-19 01:59:06,medium
TXN-2011090,legit,,analyst_A,2026-05-19 02:01:08,medium
TXN-2000903,legit,,analyst_B,2026-05-19 02:13:40,high
TXN-2007721,legit,,analyst_A,2026-05-19 02:34:15,medium
TXN-2005509,legit,,analyst_B,2026-05-19 02:44:41,medium
TXN-2013972,legit,,analyst_A,2026-05-19 03:07:05,medium
TXN-2022294,legit,,analyst_B,2026-05-19 03:54:53,low
TXN-2016644,legit,,analyst_B,2026-05-19 05:26:30,high
TXN-2006415,legit,,analyst_A,2026-05-19 06:27:13,medium
TXN-2009706,legit,,analyst_A,2026-05-19 07:09:39,medium
TXN-2023072,legit,,analyst_A,2026-05-19 08:50:16,medium
TXN-2008515,legit,,analyst_B,2026-05-19 10:20:15,high
TXN-2003986,legit,,analyst_A,2026-05-19 10:36:49,high
TXN-2004017,legit,,analyst_A,2026-05-19 10:56:39,medium
TXN-2022223,legit,,analyst_A,2026-05-19 11:06:07,medium
TXN-2007592,legit,,analyst_A,2026-05-19 12:58:33,high
TXN-2022617,legit,,analyst_A,2026-05-19 13:00:31,high
TXN-2022940,legit,,analyst_A,2026-05-19 13:08:42,medium
TXN-2013328,legit,,analyst_A,2026-05-19 13:58:54,medium
TXN-2018364,legit,,analyst_B,2026-05-19 16:01:40,low
TXN-2001212,legit,,analyst_B,2026-05-19 16:39:12,medium
TXN-2001078,legit,,analyst_B,2026-05-19 19:21:18,low
TXN-2017628,legit,,analyst_B,2026-05-19 22:05:04,low
TXN-2023195,legit,,analyst_A,2026-05-19 22:09:40,medium
TXN-2015250,legit,,analyst_B,2026-05-19 22:48:06,medium
TXN-2005807,legit,,analyst_A,2026-05-19 23:12:56,high
TXN-2010297,legit,,analyst_B,2026-05-20 00:09:02,medium
TXN-2005416,legit,,analyst_A,2026-05-20 01:41:53,high
TXN-2022100,legit,,analyst_B,2026-05-20 02:20:38,medium
TXN-2019659,legit,,analyst_A,2026-05-20 03:45:33,high
TXN-2002690,legit,,analyst_A,2026-05-20 04:14:26,high
TXN-2012255,legit,,analyst_A,2026-05-20 05:26:54,medium
TXN-2005362,legit,,analyst_B,2026-05-20 05:56:07,medium
TXN-2011212,legit,,analyst_A,2026-05-20 07:37:04,medium
TXN-2002262,legit,,analyst_B,2026-05-20 07:45:37,medium
TXN-2005447,legit,,analyst_B,2026-05-20 08:05:08,low
TXN-2023583,legit,,analyst_B,2026-05-20 08:30:30,medium
TXN-2015410,legit,,analyst_A,2026-05-20 09:03:07,high
TXN-2003968,legit,,analyst_B,2026-05-20 09:12:16,medium
TXN-2020801,legit,,analyst_B,2026-05-20 10:44:48,high
TXN-2011640,legit,,analyst_B,2026-05-20 12:39:28,high
TXN-2009819,legit,,analyst_A,2026-05-20 13:40:53,medium
TXN-2009011,legit,,analyst_B,2026-05-20 14:28:10,medium
TXN-2024455,legit,,analyst_B,2026-05-20 14:36:57,high
TXN-2010523,legit,,analyst_B,2026-05-20 14:50:31,high
TXN-2012671,legit,,analyst_B,2026-05-20 15:26:11,high
TXN-2005913,fraud,stolen_credential,analyst_B,2026-05-20 15:42:28,high
TXN-2015290,legit,,analyst_B,2026-05-20 15:47:16,high
TXN-2005742,legit,,analyst_A,2026-05-20 16:32:03,medium
TXN-2015679,legit,,analyst_B,2026-05-20 16:47:26,high
TXN-2002119,legit,,analyst_A,2026-05-20 17:06:38,low
TXN-2019669,legit,,analyst_A,2026-05-20 18:31:06,medium
TXN-2023757,legit,,analyst_A,2026-05-20 18:51:01,medium
TXN-2017941,legit,,analyst_B,2026-05-20 19:17:32,medium
TXN-2017360,legit,,analyst_B,2026-05-20 20:20:36,medium
TXN-2020887,legit,,analyst_A,2026-05-20 21:16:47,low
TXN-2004798,legit,,analyst_A,2026-05-20 23:39:05,low
TXN-2007827,legit,,analyst_A,2026-05-21 00:27:04,medium
TXN-2013496,legit,,analyst_B,2026-05-21 01:07:29,high
TXN-2007219,legit,,analyst_B,2026-05-21 01:32:33,high
TXN-2022086,legit,,analyst_B,2026-05-21 01:35:21,medium
TXN-2013491,legit,,analyst_A,2026-05-21 03:37:30,medium
TXN-2002163,legit,,analyst_B,2026-05-21 03:42:32,high
TXN-2013415,legit,,analyst_B,2026-05-21 05:06:51,low
TXN-2020203,legit,,analyst_B,2026-05-21 05:26:59,high
TXN-2024333,legit,,analyst_A,2026-05-21 06:13:20,medium
TXN-2018786,legit,,analyst_B,2026-05-21 06:14:07,medium
TXN-2019724,legit,,analyst_A,2026-05-21 06:50:45,medium
TXN-2011372,legit,,analyst_A,2026-05-21 07:23:05,high
TXN-2012407,legit,,analyst_B,2026-05-21 08:12:25,medium
TXN-2020410,legit,,analyst_A,2026-05-21 08:30:02,medium
TXN-2011802,legit,,analyst_B,2026-05-21 09:29:09,medium
TXN-2017400,legit,,analyst_A,2026-05-21 11:20:21,high
TXN-2013975,legit,,analyst_A,2026-05-21 12:26:04,high
TXN-2003693,legit,,analyst_A,2026-05-21 14:20:05,low
TXN-2004717,legit,,analyst_B,2026-05-21 14:30:42,high
TXN-2021589,legit,,analyst_A,2026-05-21 14:51:21,medium
TXN-2013402,legit,,analyst_B,2026-05-21 15:50:16,high
TXN-2018449,legit,,analyst_A,2026-05-21 16:01:20,high
TXN-2023370,legit,,analyst_A,2026-05-21 16:19:06,high
TXN-2017820,legit,,analyst_B,2026-05-21 18:16:20,medium
TXN-2008094,legit,,analyst_B,2026-05-21 18:32:45,low
TXN-2002285,legit,,analyst_A,2026-05-21 18:39:11,medium
TXN-2023262,legit,,analyst_A,2026-05-21 19:15:32,medium
TXN-2015585,legit,,analyst_A,2026-05-21 19:49:27,medium
TXN-2019164,legit,,analyst_A,2026-05-21 20:18:13,medium
TXN-2006020,legit,,analyst_A,2026-05-21 22:25:27,medium
TXN-2001212,legit,,analyst_A,2026-05-21 22:39:12,low
TXN-2004868,legit,,analyst_A,2026-05-21 22:46:02,high
TXN-2019082,legit,,analyst_B,2026-05-21 22:50:33,low
TXN-2020386,legit,,analyst_B,2026-05-22 01:27:06,medium
TXN-2001214,legit,,analyst_A,2026-05-22 01:40:02,medium
TXN-2004145,legit,,analyst_B,2026-05-22 01:43:47,high
TXN-2019326,legit,,analyst_A,2026-05-22 02:46:15,medium
TXN-2012715,legit,,analyst_A,2026-05-22 03:06:47,low
TXN-2015428,legit,,analyst_A,2026-05-22 03:39:43,medium
TXN-2004928,legit,,analyst_B,2026-05-22 03:43:31,medium
TXN-2020123,legit,,analyst_B,2026-05-22 05:05:46,high
TXN-2024513,legit,,analyst_B,2026-05-22 05:52:05,high
TXN-2024986,legit,,analyst_A,2026-05-22 06:05:25,medium
TXN-2018927,legit,,analyst_B,2026-05-22 06:11:12,high
TXN-2006560,legit,,analyst_B,2026-05-22 06:23:40,low
TXN-2011019,legit,,analyst_A,2026-05-22 07:46:28,medium
TXN-2011993,legit,,analyst_A,2026-05-22 09:02:40,medium
TXN-2015805,legit,,analyst_B,2026-05-22 11:14:08,low
TXN-2006021,legit,,analyst_A,2026-05-22 11:46:49,medium
TXN-2015163,legit,,analyst_B,2026-05-22 12:44:36,high
TXN-2020022,legit,,analyst_A,2026-05-22 12:48:40,medium
TXN-2003242,legit,,analyst_B,2026-05-22 13:23:04,medium
TXN-2022027,legit,,analyst_B,2026-05-22 14:03:03,low
TXN-2002636,legit,,analyst_B,2026-05-22 14:47:26,high
TXN-2003848,legit,,analyst_A,2026-05-22 15:05:22,low
TXN-2022648,legit,,analyst_A,2026-05-22 15:19:06,high
TXN-2013036,legit,,analyst_A,2026-05-22 16:02:12,high
TXN-2017020,legit,,analyst_B,2026-05-22 16:19:20,low
TXN-2003553,legit,,analyst_B,2026-05-22 16:30:22,high
TXN-2011450,legit,,analyst_B,2026-05-22 16:43:21,low
TXN-2007355,legit,,analyst_A,2026-05-22 16:50:28,high
TXN-2003119,legit,,analyst_A,2026-05-22 17:25:37,low
TXN-2005987,legit,,analyst_A,2026-05-22 18:13:50,low
TXN-2004540,legit,,analyst_B,2026-05-22 18:23:26,medium
TXN-2008570,legit,,analyst_B,2026-05-22 18:30:08,medium
TXN-2015170,legit,,analyst_A,2026-05-22 18:47:32,high
TXN-2007237,legit,,analyst_B,2026-05-22 19:48:11,medium
TXN-2014212,legit,,analyst_B,2026-05-22 20:11:12,medium
TXN-2011538,legit,,analyst_A,2026-05-22 20:39:07,high
TXN-2000771,legit,,analyst_A,2026-05-22 21:27:19,high
TXN-2007309,legit,,analyst_A,2026-05-22 21:40:11,low
TXN-2000045,legit,,analyst_B,2026-05-22 22:30:20,medium
TXN-2007588,legit,,analyst_A,2026-05-22 23:08:07,high
TXN-2004918,legit,,analyst_A,2026-05-23 00:37:39,medium
TXN-2024231,legit,,analyst_B,2026-05-23 01:57:22,medium
TXN-2010207,legit,,analyst_B,2026-05-23 02:13:51,high
TXN-2010612,legit,,analyst_A,2026-05-23 05:33:50,medium
TXN-2014401,legit,,analyst_B,2026-05-23 05:51:40,high
TXN-2002209,legit,,analyst_A,2026-05-23 05:55:22,medium
TXN-2015066,fraud,account_takeover,analyst_A,2026-05-23 06:10:11,low
TXN-2016127,legit,,analyst_B,2026-05-23 06:32:31,low
TXN-2007044,legit,,analyst_A,2026-05-23 07:14:39,low
TXN-2014994,legit,,analyst_B,2026-05-23 07:22:55,high
TXN-2020682,legit,,analyst_B,2026-05-23 07:46:45,low
TXN-2018679,legit,,analyst_B,2026-05-23 07:53:17,high
TXN-2015889,legit,,analyst_B,2026-05-23 08:38:38,medium
TXN-2008928,legit,,analyst_A,2026-05-23 09:30:05,low
TXN-2017267,legit,,analyst_B,2026-05-23 09:54:26,high
TXN-2012713,legit,,analyst_A,2026-05-23 10:34:32,medium
TXN-2020062,legit,,analyst_A,2026-05-23 12:00:03,medium
TXN-2019742,legit,,analyst_B,2026-05-23 12:10:17,medium
TXN-2006629,legit,,analyst_A,2026-05-23 12:17:30,low
TXN-2009215,legit,,analyst_A,2026-05-23 13:07:17,high
TXN-2007535,legit,,analyst_B,2026-05-23 13:33:50,high
TXN-2008519,legit,,analyst_A,2026-05-23 14:32:33,medium
TXN-2016303,legit,,analyst_B,2026-05-23 15:44:55,high
TXN-2006209,legit,,analyst_A,2026-05-23 17:27:03,high
TXN-2004537,legit,,analyst_B,2026-05-23 17:44:04,medium
TXN-2001323,legit,,analyst_B,2026-05-23 18:34:37,high
TXN-2017270,legit,,analyst_A,2026-05-23 20:03:24,high
TXN-2020338,legit,,analyst_A,2026-05-23 20:05:50,high
TXN-2003944,legit,,analyst_B,2026-05-23 22:13:11,medium
TXN-2022208,legit,,analyst_B,2026-05-23 22:49:17,high
TXN-2011834,legit,,analyst_B,2026-05-23 22:50:24,medium
TXN-2003922,legit,,analyst_B,2026-05-23 23:03:19,low
TXN-2022170,legit,,analyst_A,2026-05-23 23:38:19,medium
TXN-2011957,legit,,analyst_B,2026-05-24 00:33:40,medium
TXN-2006610,legit,,analyst_A,2026-05-24 01:04:21,high
TXN-2022042,legit,,analyst_B,2026-05-24 02:24:33,high
TXN-2001207,legit,,analyst_B,2026-05-24 03:13:37,low
TXN-2024379,legit,,analyst_A,2026-05-24 03:25:17,medium
TXN-2001378,legit,,analyst_B,2026-05-24 04:48:21,high
TXN-2017261,legit,,analyst_A,2026-05-24 06:56:19,low
TXN-2006518,legit,,analyst_A,2026-05-24 07:21:12,low
TXN-2015063,legit,,analyst_A,2026-05-24 07:31:00,high
TXN-2016059,legit,,analyst_B,2026-05-24 07:53:50,high
TXN-2015011,legit,,analyst_A,2026-05-24 09:28:29,high
TXN-2024201,legit,,analyst_B,2026-05-24 10:37:23,low
TXN-2022400,legit,,analyst_A,2026-05-24 11:12:01,medium
TXN-2019768,legit,,analyst_A,2026-05-24 12:09:34,high
TXN-2008282,legit,,analyst_B,2026-05-24 13:06:00,medium
TXN-2022355,legit,,analyst_B,2026-05-24 13:09:55,medium
TXN-2001530,legit,,analyst_A,2026-05-24 14:31:29,medium
TXN-2012172,legit,,analyst_A,2026-05-24 16:52:57,high
TXN-2000873,legit,,analyst_A,2026-05-24 17:41:23,medium
TXN-2022957,legit,,analyst_B,2026-05-24 18:13:38,low
TXN-2006180,legit,,analyst_A,2026-05-24 18:20:38,medium
TXN-2000601,legit,,analyst_A,2026-05-24 20:01:53,medium
TXN-2021152,legit,,analyst_A,2026-05-24 20:12:47,high
TXN-2021453,legit,,analyst_B,2026-05-24 20:35:23,medium
TXN-2004851,legit,,analyst_B,2026-05-24 20:36:28,medium
TXN-2018495,legit,,analyst_B,2026-05-24 20:40:24,high
TXN-2000265,legit,,analyst_A,2026-05-24 20:47:31,low
TXN-2020112,legit,,analyst_B,2026-05-24 21:13:13,medium
TXN-2024721,legit,,analyst_B,2026-05-24 21:28:27,medium
TXN-2019647,legit,,analyst_B,2026-05-24 21:50:01,medium
TXN-2024102,legit,,analyst_B,2026-05-24 22:35:45,high
TXN-2024674,legit,,analyst_B,2026-05-24 22:36:34,medium
TXN-2010258,legit,,analyst_A,2026-05-24 23:29:47,low
TXN-2016208,legit,,analyst_A,2026-05-24 23:32:40,medium
TXN-2003205,legit,,analyst_B,2026-05-24 23:55:25,medium
TXN-2005687,legit,,analyst_B,2026-05-25 00:03:54,high
TXN-2023103,legit,,analyst_A,2026-05-25 00:28:14,high
TXN-2005673,legit,,analyst_B,2026-05-25 01:00:11,high
TXN-2010794,legit,,analyst_A,2026-05-25 01:27:34,high
TXN-2016637,legit,,analyst_B,2026-05-25 02:35:22,low
TXN-2012250,legit,,analyst_A,2026-05-25 04:39:08,low
TXN-2017802,fraud,sim_swap,analyst_B,2026-05-25 04:42:22,medium
TXN-2002363,legit,,analyst_A,2026-05-25 05:56:51,medium
TXN-2007333,legit,,analyst_B,2026-05-25 05:59:28,high
TXN-2002314,legit,,analyst_B,2026-05-25 06:43:16,medium
TXN-2017766,legit,,analyst_B,2026-05-25 06:53:18,low
TXN-2003052,legit,,analyst_A,2026-05-25 06:56:58,medium
TXN-2008215,legit,,analyst_B,2026-05-25 07:42:23,low
TXN-2005540,legit,,analyst_A,2026-05-25 07:53:49,high
TXN-2018082,legit,,analyst_A,2026-05-25 08:15:10,medium
TXN-2020221,legit,,analyst_A,2026-05-25 08:36:51,high
TXN-2005174,legit,,analyst_A,2026-05-25 10:26:42,medium
TXN-2004536,legit,,analyst_A,2026-05-25 10:26:44,high
TXN-2016031,legit,,analyst_A,2026-05-25 10:37:28,medium
TXN-2020891,legit,,analyst_B,2026-05-25 11:44:34,high
TXN-2011512,legit,,analyst_B,2026-05-25 12:50:50,medium
TXN-2021134,legit,,analyst_A,2026-05-25 13:53:16,low
TXN-2014801,legit,,analyst_A,2026-05-25 13:56:56,high
TXN-2015774,legit,,analyst_A,2026-05-25 16:22:36,low
TXN-2022431,legit,,analyst_B,2026-05-25 20:26:14,high
TXN-2023614,legit,,analyst_B,2026-05-25 20:29:06,low
TXN-2024119,legit,,analyst_B,2026-05-25 21:58:02,high
TXN-2014072,legit,,analyst_A,2026-05-25 23:42:46,medium
TXN-2024820,legit,,analyst_B,2026-05-26 00:41:40,medium
TXN-2013269,legit,,analyst_B,2026-05-26 00:54:36,low
TXN-2010373,legit,,analyst_B,2026-05-26 01:01:11,high
TXN-2020689,legit,,analyst_A,2026-05-26 01:24:08,high
TXN-2024987,legit,,analyst_A,2026-05-26 02:45:52,low
TXN-2016543,legit,,analyst_A,2026-05-26 02:50:49,low
TXN-2002368,legit,,analyst_A,2026-05-26 03:21:24,high
TXN-2021701,legit,,analyst_A,2026-05-26 03:22:30,high
TXN-2011696,legit,,analyst_B,2026-05-26 03:47:40,medium
TXN-2011583,legit,,analyst_A,2026-05-26 04:56:05,low
TXN-2012708,legit,,analyst_B,2026-05-26 04:59:41,medium
TXN-2002423,legit,,analyst_B,2026-05-26 06:59:01,medium
TXN-2006734,legit,,analyst_A,2026-05-26 07:28:36,medium
TXN-2020180,legit,,analyst_A,2026-05-26 08:42:04,low
TXN-2005655,legit,,analyst_B,2026-05-26 09:45:24,medium
TXN-2008566,legit,,analyst_A,2026-05-26 10:38:17,medium
TXN-2000397,legit,,analyst_A,2026-05-26 11:50:32,medium
TXN-2018235,legit,,analyst_A,2026-05-26 12:55:49,high
TXN-2005239,legit,,analyst_A,2026-05-26 13:04:23,medium
TXN-2003479,legit,,analyst_A,2026-05-26 13:18:48,high
TXN-2006202,legit,,analyst_A,2026-05-26 13:25:07,low
TXN-2021646,legit,,analyst_B,2026-05-26 13:56:36,high
TXN-2010244,legit,,analyst_A,2026-05-26 14:15:53,low
TXN-2015518,legit,,analyst_A,2026-05-26 14:54:03,low
TXN-2010688,legit,,analyst_B,2026-05-26 16:05:18,medium
TXN-2019335,legit,,analyst_B,2026-05-26 16:25:03,medium
TXN-2004457,legit,,analyst_B,2026-05-26 17:36:45,medium
TXN-2022696,legit,,analyst_A,2026-05-26 18:09:55,low
TXN-2023369,legit,,analyst_A,2026-05-26 18:18:01,high
TXN-2016880,legit,,analyst_A,2026-05-26 19:26:42,medium
TXN-2014520,legit,,analyst_B,2026-05-26 20:19:43,high
TXN-2004582,legit,,analyst_A,2026-05-26 20:57:33,medium
TXN-2023123,legit,,analyst_B,2026-05-26 21:25:45,high
TXN-2005515,legit,,analyst_A,2026-05-26 21:28:38,medium
TXN-2023108,legit,,analyst_B,2026-05-26 21:59:30,high
TXN-2014608,legit,,analyst_A,2026-05-26 22:01:11,medium
TXN-2007738,legit,,analyst_B,2026-05-26 23:00:53,low
TXN-2000598,legit,,analyst_A,2026-05-26 23:50:35,high
TXN-2001480,legit,,analyst_B,2026-05-26 23:56:15,medium
TXN-2007549,legit,,analyst_A,2026-05-27 00:33:38,high
TXN-2005120,legit,,analyst_A,2026-05-27 00:40:15,low
TXN-2004986,legit,,analyst_B,2026-05-27 02:03:13,high
TXN-2001224,legit,,analyst_A,2026-05-27 03:57:19,low
TXN-2010406,legit,,analyst_B,2026-05-27 05:13:55,high
TXN-2021946,legit,,analyst_B,2026-05-27 05:22:48,medium
TXN-2005539,legit,,analyst_A,2026-05-27 05:52:02,high
TXN-2015294,legit,,analyst_B,2026-05-27 09:06:49,medium
TXN-2020123,legit,,analyst_A,2026-05-27 10:05:46,high
TXN-2007472,legit,,analyst_A,2026-05-27 10:12:23,low
TXN-2022813,legit,,analyst_A,2026-05-27 11:15:21,high
TXN-2002483,legit,,analyst_B,2026-05-27 12:12:44,medium
TXN-2000532,legit,,analyst_A,2026-05-27 12:22:10,high
TXN-2023182,legit,,analyst_A,2026-05-27 12:35:12,high
TXN-2005687,legit,,analyst_A,2026-05-27 14:03:54,medium
TXN-2009119,legit,,analyst_B,2026-05-27 14:36:52,medium
TXN-2008282,legit,,analyst_A,2026-05-27 15:06:00,medium
TXN-2010318,legit,,analyst_A,2026-05-27 16:19:55,high
TXN-2011296,legit,,analyst_B,2026-05-27 17:45:08,low
TXN-2021574,legit,,analyst_A,2026-05-27 18:34:06,high
TXN-2000462,legit,,analyst_A,2026-05-27 18:35:31,medium
TXN-2011999,legit,,analyst_A,2026-05-27 18:49:05,high
TXN-2005830,legit,,analyst_A,2026-05-27 18:52:22,medium
TXN-2001411,legit,,analyst_A,2026-05-27 19:25:41,medium
TXN-2018638,legit,,analyst_B,2026-05-27 21:31:37,high
TXN-2014007,legit,,analyst_A,2026-05-27 22:01:11,low
TXN-2020834,legit,,analyst_B,2026-05-27 22:45:42,medium
TXN-2006342,legit,,analyst_B,2026-05-27 23:24:42,medium
TXN-2010088,legit,,analyst_B,2026-05-28 00:02:15,medium
TXN-2019713,legit,,analyst_B,2026-05-28 00:13:50,high
TXN-2017616,legit,,analyst_A,2026-05-28 00:37:45,high
TXN-2024297,legit,,analyst_A,2026-05-28 00:40:44,low
TXN-2021381,legit,,analyst_B,2026-05-28 01:40:09,medium
TXN-2012354,legit,,analyst_A,2026-05-28 01:49:33,low
TXN-2004976,legit,,analyst_A,2026-05-28 02:08:49,high
TXN-2003809,legit,,analyst_B,2026-05-28 02:10:45,high
TXN-2016556,legit,,analyst_B,2026-05-28 02:56:40,high
TXN-2010266,legit,,analyst_B,2026-05-28 03:55:55,low
TXN-2000925,legit,,analyst_B,2026-05-28 04:48:02,high
TXN-2016917,legit,,analyst_B,2026-05-28 05:01:44,low
TXN-2021032,legit,,analyst_B,2026-05-28 05:53:25,low
TXN-2000845,legit,,analyst_A,2026-05-28 06:13:29,low
TXN-2001643,legit,,analyst_A,2026-05-28 07:00:22,medium
TXN-2024510,legit,,analyst_B,2026-05-28 08:07:36,high
TXN-2023497,legit,,analyst_A,2026-05-28 08:24:10,medium
TXN-2008017,legit,,analyst_A,2026-05-28 08:52:02,medium
TXN-2007874,legit,,analyst_A,2026-05-28 09:49:02,high
TXN-2014431,legit,,analyst_B,2026-05-28 09:52:29,high
TXN-2002832,legit,,analyst_A,2026-05-28 10:30:56,high
TXN-2023228,legit,,analyst_A,2026-05-28 11:01:31,high
TXN-2014441,legit,,analyst_A,2026-05-28 12:06:47,medium
TXN-2005032,legit,,analyst_A,2026-05-28 13:56:03,low
TXN-2012899,legit,,analyst_A,2026-05-28 14:17:31,medium
TXN-2010818,legit,,analyst_B,2026-05-28 14:19:18,high
TXN-2003168,legit,,analyst_B,2026-05-28 15:19:52,low
TXN-2011301,legit,,analyst_A,2026-05-28 15:44:24,medium
TXN-2003650,legit,,analyst_B,2026-05-28 16:14:26,high
TXN-2004274,legit,,analyst_B,2026-05-28 16:16:09,high
TXN-2003809,legit,,analyst_A,2026-05-28 18:10:45,low
TXN-2009981,legit,,analyst_B,2026-05-28 18:57:45,high
TXN-2024080,legit,,analyst_B,2026-05-28 19:05:31,medium
TXN-2004961,legit,,analyst_B,2026-05-28 19:25:42,high
TXN-2023071,legit,,analyst_B,2026-05-28 20:37:21,low
TXN-2012727,legit,,analyst_B,2026-05-28 21:17:04,medium
TXN-2010343,legit,,analyst_A,2026-05-28 21:32:15,medium
TXN-2019467,legit,,analyst_B,2026-05-28 22:23:58,high
TXN-2015077,legit,,analyst_B,2026-05-28 22:40:07,high
TXN-2012080,legit,,analyst_B,2026-05-28 22:40:15,medium
TXN-2020908,legit,,analyst_A,2026-05-28 22:52:40,medium
TXN-2021595,legit,,analyst_A,2026-05-28 23:40:32,medium
TXN-2002563,legit,,analyst_B,2026-05-29 00:25:10,medium
TXN-2005206,legit,,analyst_A,2026-05-29 00:27:09,medium
TXN-2018464,legit,,analyst_A,2026-05-29 00:34:52,high
TXN-2023098,legit,,analyst_B,2026-05-29 01:14:21,low
TXN-2007074,legit,,analyst_A,2026-05-29 01:55:00,high
TXN-2022929,legit,,analyst_A,2026-05-29 02:17:19,medium
TXN-2020312,legit,,analyst_B,2026-05-29 03:45:33,medium
TXN-2024021,legit,,analyst_A,2026-05-29 05:13:16,low
TXN-2021567,legit,,analyst_B,2026-05-29 05:38:18,medium
TXN-2006380,legit,,analyst_B,2026-05-29 06:21:19,high
TXN-2019312,legit,,analyst_A,2026-05-29 08:16:37,medium
TXN-2024229,legit,,analyst_A,2026-05-29 09:52:10,medium
TXN-2015041,legit,,analyst_A,2026-05-29 09:52:36,medium
TXN-2022279,legit,,analyst_B,2026-05-29 10:18:23,medium
TXN-2000766,legit,,analyst_A,2026-05-29 10:30:37,low
TXN-2002788,legit,,analyst_A,2026-05-29 10:38:09,high
TXN-2019055,legit,,analyst_B,2026-05-29 11:15:03,medium
TXN-2006277,legit,,analyst_B,2026-05-29 12:23:15,high
TXN-2011387,legit,,analyst_A,2026-05-29 13:08:32,high
TXN-2023406,legit,,analyst_B,2026-05-29 13:20:18,high
TXN-2020423,legit,,analyst_B,2026-05-29 13:44:29,medium
TXN-2018656,legit,,analyst_B,2026-05-29 13:49:05,high
TXN-2023150,legit,,analyst_A,2026-05-29 14:11:41,low
TXN-2001436,legit,,analyst_A,2026-05-29 14:16:41,low
TXN-2016036,legit,,analyst_B,2026-05-29 16:09:59,medium
TXN-2000170,legit,,analyst_B,2026-05-29 16:18:23,high
TXN-2021660,legit,,analyst_B,2026-05-29 17:24:03,high
TXN-2021728,legit,,analyst_B,2026-05-29 17:46:34,medium
TXN-2000266,legit,,analyst_A,2026-05-29 18:09:47,low
TXN-2022305,legit,,analyst_A,2026-05-29 19:39:42,high
TXN-2015353,legit,,analyst_A,2026-05-29 19:46:43,high
TXN-2013973,legit,,analyst_B,2026-05-29 20:55:12,medium
TXN-2022567,legit,,analyst_B,2026-05-29 21:40:06,high
TXN-2021901,legit,,analyst_B,2026-05-29 21:56:49,low
TXN-2000266,fraud,sim_swap,analyst_B,2026-05-29 22:09:47,low
TXN-2015502,legit,,analyst_A,2026-05-30 00:49:55,medium
TXN-2014483,legit,,analyst_B,2026-05-30 01:01:25,low
TXN-2017101,legit,,analyst_A,2026-05-30 02:09:51,medium
TXN-2017083,legit,,analyst_B,2026-05-30 02:23:05,medium
TXN-2004506,legit,,analyst_A,2026-05-30 02:53:23,low
TXN-2004776,legit,,analyst_B,2026-05-30 03:42:12,high
TXN-2017808,legit,,analyst_A,2026-05-30 04:23:30,high
TXN-2019589,legit,,analyst_A,2026-05-30 05:06:53,high
TXN-2010827,legit,,analyst_A,2026-05-30 05:21:01,low
TXN-2000702,legit,,analyst_B,2026-05-30 05:38:11,medium
TXN-2021346,legit,,analyst_A,2026-05-30 05:50:03,high
TXN-2014720,legit,,analyst_A,2026-05-30 06:18:14,medium
TXN-2000903,legit,,analyst_A,2026-05-30 07:13:40,medium
TXN-2004924,legit,,analyst_A,2026-05-30 07:39:00,high
TXN-2004766,legit,,analyst_A,2026-05-30 08:06:12,high
TXN-2013227,legit,,analyst_A,2026-05-30 08:45:58,medium
TXN-2001853,legit,,analyst_B,2026-05-30 09:14:38,low
TXN-2017922,legit,,analyst_A,2026-05-30 09:39:26,medium
TXN-2023436,legit,,analyst_A,2026-05-30 09:56:00,high
TXN-2013237,legit,,analyst_A,2026-05-30 10:08:42,high
TXN-2011511,legit,,analyst_B,2026-05-30 11:27:28,high
TXN-2018750,legit,,analyst_A,2026-05-30 12:43:49,medium
TXN-2011568,legit,,analyst_A,2026-05-30 12:50:24,high
TXN-2005458,legit,,analyst_A,2026-05-30 12:55:11,medium
TXN-2021244,legit,,analyst_A,2026-05-30 13:00:48,medium
TXN-2016501,legit,,analyst_A,2026-05-30 13:16:52,high
TXN-2008417,legit,,analyst_A,2026-05-30 13:39:50,high
TXN-2001551,legit,,analyst_B,2026-05-30 13:57:14,medium
TXN-2015816,legit,,analyst_B,2026-05-30 14:20:57,low
TXN-2008969,legit,,analyst_A,2026-05-30 17:40:28,low
TXN-2015258,legit,,analyst_A,2026-05-30 18:09:28,medium
TXN-2016800,legit,,analyst_A,2026-05-30 18:09:34,high
TXN-2014332,legit,,analyst_A,2026-05-30 18:13:15,high
TXN-2019908,legit,,analyst_A,2026-05-30 18:43:01,high
TXN-2007340,legit,,analyst_A,2026-05-30 19:34:04,medium
TXN-2023720,legit,,analyst_A,2026-05-30 20:58:33,high
TXN-2021193,legit,,analyst_A,2026-05-30 21:03:50,high
TXN-2024935,legit,,analyst_B,2026-05-30 22:45:43,medium
TXN-2021307,legit,,analyst_A,2026-05-30 23:29:42,high
TXN-2017981,legit,,analyst_A,2026-05-30 23:49:49,high
TXN-2004997,legit,,analyst_B,2026-05-31 00:09:14,high
TXN-2001747,legit,,analyst_A,2026-05-31 00:54:58,medium
TXN-2020048,legit,,analyst_B,2026-05-31 00:59:49,medium
TXN-2022593,legit,,analyst_A,2026-05-31 01:50:09,high
TXN-2024881,legit,,analyst_B,2026-05-31 04:13:19,high
TXN-2019723,legit,,analyst_A,2026-05-31 05:34:58,high
TXN-2009316,legit,,analyst_B,2026-05-31 05:44:05,high
TXN-2002209,legit,,analyst_B,2026-05-31 05:55:22,medium
TXN-2003994,legit,,analyst_B,2026-05-31 06:01:34,medium
TXN-2016690,legit,,analyst_B,2026-05-31 06:04:02,medium
TXN-2018719,legit,,analyst_B,2026-05-31 07:29:58,medium
TXN-2019789,legit,,analyst_B,2026-05-31 07:30:25,high
TXN-2003162,legit,,analyst_A,2026-05-31 07:40:55,medium
TXN-2024806,legit,,analyst_A,2026-05-31 07:53:55,medium
TXN-2014939,legit,,analyst_A,2026-05-31 09:37:19,medium
TXN-2018656,legit,,analyst_A,2026-05-31 09:49:05,low
TXN-2005255,legit,,analyst_B,2026-05-31 09:51:19,medium
TXN-2009007,legit,,analyst_B,2026-05-31 10:32:12,medium
TXN-2003627,fraud,social_engineering,analyst_B,2026-05-31 11:40:58,high
TXN-2012594,legit,,analyst_A,2026-05-31 14:12:31,medium
TXN-2008176,legit,,analyst_B,2026-05-31 16:12:37,high
TXN-2003319,legit,,analyst_A,2026-05-31 16:25:46,high
TXN-2004747,legit,,analyst_B,2026-05-31 16:37:09,medium
TXN-2009729,legit,,analyst_B,2026-05-31 16:40:07,medium
TXN-2016999,legit,,analyst_B,2026-05-31 17:19:09,medium
TXN-2002319,legit,,analyst_B,2026-05-31 18:12:46,low
TXN-2017600,legit,,analyst_A,2026-05-31 19:16:49,low
TXN-2010898,legit,,analyst_B,2026-05-31 19:39:26,low
TXN-2024426,legit,,analyst_B,2026-05-31 20:08:07,high
TXN-2001302,legit,,analyst_B,2026-05-31 20:41:57,medium
TXN-2008239,legit,,analyst_A,2026-05-31 21:59:46,high
TXN-2009395,legit,,analyst_B,2026-05-31 22:35:17,medium
TXN-2016031,legit,,analyst_B,2026-06-01 01:37:28,low
TXN-2003134,legit,,analyst_B,2026-06-01 02:18:57,medium
TXN-2005719,legit,,analyst_A,2026-06-01 02:49:32,medium
TXN-2014733,legit,,analyst_B,2026-06-01 04:31:49,low
TXN-2020558,legit,,analyst_B,2026-06-01 05:27:39,low
TXN-2013834,legit,,analyst_B,2026-06-01 05:30:43,high
TXN-2017405,legit,,analyst_B,2026-06-01 05:39:12,high
TXN-2018712,legit,,analyst_A,2026-06-01 06:53:17,high
TXN-2015294,legit,,analyst_A,2026-06-01 07:06:49,high
TXN-2016620,legit,,analyst_A,2026-06-01 07:13:26,high
TXN-2021544,legit,,analyst_A,2026-06-01 07:44:59,high
TXN-2002756,legit,,analyst_A,2026-06-01 07:55:22,medium
TXN-2008861,legit,,analyst_A,2026-06-01 08:10:27,medium
TXN-2008431,legit,,analyst_B,2026-06-01 09:44:29,low
TXN-2001678,legit,,analyst_A,2026-06-01 09:53:10,low
TXN-2003865,legit,,analyst_A,2026-06-01 10:21:00,medium
TXN-2017105,legit,,analyst_B,2026-06-01 10:36:22,high
TXN-2015466,legit,,analyst_A,2026-06-01 10:47:42,low
TXN-2003291,legit,,analyst_A,2026-06-01 10:58:27,high
TXN-2010238,legit,,analyst_A,2026-06-01 11:52:13,medium
TXN-2000035,legit,,analyst_A,2026-06-01 13:00:28,medium
TXN-2007445,legit,,analyst_A,2026-06-01 13:16:46,low
TXN-2015987,legit,,analyst_A,2026-06-01 13:32:19,low
TXN-2003198,legit,,analyst_A,2026-06-01 14:29:50,high
TXN-2004259,legit,,analyst_A,2026-06-01 14:40:22,high
TXN-2012798,legit,,analyst_B,2026-06-01 16:51:03,high
TXN-2012980,legit,,analyst_B,2026-06-01 17:04:06,medium
TXN-2017117,legit,,analyst_A,2026-06-01 17:10:39,medium
TXN-2013649,legit,,analyst_A,2026-06-01 17:20:10,low
TXN-2022192,legit,,analyst_A,2026-06-01 19:01:38,low
TXN-2008871,legit,,analyst_B,2026-06-01 19:15:12,medium
TXN-2003413,legit,,analyst_A,2026-06-01 19:29:36,low
TXN-2018531,legit,,analyst_B,2026-06-01 19:57:53,high
TXN-2005807,legit,,analyst_B,2026-06-01 20:12:56,high
TXN-2024843,legit,,analyst_B,2026-06-01 20:15:02,medium
TXN-2013068,legit,,analyst_A,2026-06-01 20:18:13,medium
TXN-2010707,legit,,analyst_A,2026-06-01 21:30:05,high
TXN-2020276,legit,,analyst_B,2026-06-01 22:49:27,high
TXN-2000952,legit,,analyst_B,2026-06-01 23:58:45,high
TXN-2014886,legit,,analyst_A,2026-06-02 00:36:17,low
TXN-2000785,legit,,analyst_A,2026-06-02 00:44:43,high
TXN-2017129,legit,,analyst_A,2026-06-02 00:45:36,high
TXN-2019716,legit,,analyst_B,2026-06-02 02:52:07,high
TXN-2014366,legit,,analyst_A,2026-06-02 04:31:55,low
TXN-2015222,legit,,analyst_A,2026-06-02 09:08:46,high
TXN-2010689,legit,,analyst_B,2026-06-02 09:55:56,high
TXN-2007115,legit,,analyst_A,2026-06-02 12:53:38,high
TXN-2018121,legit,,analyst_B,2026-06-02 13:25:37,medium
TXN-2009953,legit,,analyst_A,2026-06-02 13:35:21,high
TXN-2010122,legit,,analyst_B,2026-06-02 15:47:38,medium
TXN-2016592,legit,,analyst_A,2026-06-02 16:02:58,medium
TXN-2004404,legit,,analyst_A,2026-06-02 16:09:51,high
TXN-2016174,legit,,analyst_A,2026-06-02 17:02:14,high
TXN-2003840,legit,,analyst_A,2026-06-02 17:03:22,low
TXN-2011882,legit,,analyst_A,2026-06-02 18:05:04,high
TXN-2023348,legit,,analyst_A,2026-06-02 18:12:10,high
TXN-2010976,legit,,analyst_A,2026-06-02 19:41:59,high
TXN-2005447,legit,,analyst_A,2026-06-02 21:05:08,medium
TXN-2020464,legit,,analyst_A,2026-06-02 21:49:48,high
TXN-2000199,legit,,analyst_B,2026-06-03 00:07:57,high
TXN-2023136,legit,,analyst_A,2026-06-03 00:33:45,medium
TXN-2000296,legit,,analyst_B,2026-06-03 00:57:30,medium
TXN-2000777,legit,,analyst_A,2026-06-03 01:17:06,high
TXN-2015558,legit,,analyst_A,2026-06-03 01:26:57,low
TXN-2021413,legit,,analyst_A,2026-06-03 02:08:28,high
TXN-2002970,legit,,analyst_B,2026-06-03 03:24:24,high
TXN-2018151,legit,,analyst_B,2026-06-03 03:47:40,low
TXN-2009276,legit,,analyst_A,2026-06-03 05:20:08,medium
TXN-2015352,legit,,analyst_B,2026-06-03 05:38:43,medium
TXN-2017737,legit,,analyst_B,2026-06-03 05:53:41,medium
TXN-2024451,legit,,analyst_B,2026-06-03 07:55:26,high
TXN-2013068,legit,,analyst_B,2026-06-03 09:18:13,high
TXN-2016208,legit,,analyst_B,2026-06-03 09:32:40,high
TXN-2002126,legit,,analyst_A,2026-06-03 11:53:26,high
TXN-2009408,legit,,analyst_B,2026-06-03 13:13:54,high
TXN-2008496,legit,,analyst_A,2026-06-03 13:42:11,medium
TXN-2006786,legit,,analyst_B,2026-06-03 13:46:49,medium
TXN-2011445,legit,,analyst_A,2026-06-03 17:19:25,high
TXN-2019296,legit,,analyst_B,2026-06-03 17:23:19,high
TXN-2006431,legit,,analyst_A,2026-06-03 18:18:55,high
TXN-2023569,legit,,analyst_B,2026-06-03 18:25:15,high
TXN-2017714,legit,,analyst_B,2026-06-03 19:48:34,medium
TXN-2018954,legit,,analyst_A,2026-06-03 19:56:32,high
TXN-2005210,legit,,analyst_A,2026-06-03 20:17:34,medium
TXN-2016393,legit,,analyst_A,2026-06-03 20:55:15,medium
TXN-2018411,legit,,analyst_B,2026-06-03 21:25:58,low
TXN-2022340,legit,,analyst_A,2026-06-03 21:57:34,high
TXN-2023229,legit,,analyst_B,2026-06-03 22:58:54,high
TXN-2006431,legit,,analyst_B,2026-06-03 23:18:55,low
TXN-2000706,legit,,analyst_B,2026-06-03 23:39:54,medium
TXN-2024211,legit,,analyst_A,2026-06-04 00:01:59,medium
TXN-2013050,legit,,analyst_B,2026-06-04 00:22:16,high
TXN-2017032,legit,,analyst_A,2026-06-04 00:42:38,medium
TXN-2024989,legit,,analyst_B,2026-06-04 03:13:52,high
TXN-2011397,legit,,analyst_A,2026-06-04 03:15:51,medium
TXN-2015937,legit,,analyst_B,2026-06-04 03:16:00,medium
TXN-2005900,legit,,analyst_B,2026-06-04 04:01:37,medium
TXN-2019184,legit,,analyst_A,2026-06-04 04:10:16,high
TXN-2011930,legit,,analyst_A,2026-06-04 04:36:24,high
TXN-2011574,legit,,analyst_A,2026-06-04 04:38:38,high
TXN-2010157,legit,,analyst_B,2026-06-04 05:05:31,medium
TXN-2009620,legit,,analyst_A,2026-06-04 05:08:20,medium
TXN-2017347,legit,,analyst_B,2026-06-04 05:28:02,medium
TXN-2023856,legit,,analyst_A,2026-06-04 05:39:15,medium
TXN-2001518,legit,,analyst_A,2026-06-04 06:15:48,high
TXN-2010827,legit,,analyst_B,2026-06-04 06:21:01,high
TXN-2009026,legit,,analyst_A,2026-06-04 06:55:55,low
TXN-2009346,legit,,analyst_A,2026-06-04 07:09:17,high
TXN-2010782,legit,,analyst_A,2026-06-04 09:38:20,medium
TXN-2016965,legit,,analyst_A,2026-06-04 10:08:42,medium
TXN-2015453,legit,,analyst_A,2026-06-04 11:42:50,medium
TXN-2003139,legit,,analyst_A,2026-06-04 13:07:17,high
TXN-2009277,legit,,analyst_B,2026-06-04 13:30:46,medium
TXN-2005937,legit,,analyst_B,2026-06-04 13:55:05,medium
TXN-2003055,legit,,analyst_A,2026-06-04 16:26:47,low
TXN-2021238,legit,,analyst_B,2026-06-04 16:50:28,high
TXN-2019640,legit,,analyst_B,2026-06-04 17:08:33,high
TXN-2022566,legit,,analyst_B,2026-06-04 17:27:59,medium
TXN-2021732,legit,,analyst_A,2026-06-04 17:28:10,high
TXN-2007179,legit,,analyst_A,2026-06-04 18:07:02,high
TXN-2014317,legit,,analyst_A,2026-06-04 19:16:39,high
TXN-2021805,legit,,analyst_A,2026-06-04 19:22:00,medium
TXN-2005617,legit,,analyst_B,2026-06-04 19:22:13,high
TXN-2020057,legit,,analyst_B,2026-06-04 19:29:52,high
TXN-2001564,legit,,analyst_B,2026-06-04 19:35:26,high
TXN-2015334,legit,,analyst_B,2026-06-04 20:25:15,medium
TXN-2016203,legit,,analyst_B,2026-06-04 22:52:09,medium
TXN-2019699,legit,,analyst_B,2026-06-04 23:00:16,high
TXN-2022199,legit,,analyst_A,2026-06-04 23:38:27,medium
TXN-2019237,legit,,analyst_A,2026-06-04 23:49:42,medium
TXN-2000442,legit,,analyst_B,2026-06-05 00:05:43,high
TXN-2000367,legit,,analyst_B,2026-06-05 00:40:07,medium
TXN-2017800,legit,,analyst_A,2026-06-05 02:47:15,high
TXN-2006322,legit,,analyst_B,2026-06-05 02:51:45,low
TXN-2000497,legit,,analyst_A,2026-06-05 03:18:40,low
TXN-2015120,legit,,analyst_B,2026-06-05 09:03:17,high
TXN-2024965,legit,,analyst_A,2026-06-05 09:20:39,medium
TXN-2003332,legit,,analyst_A,2026-06-05 09:43:20,medium
TXN-2022554,legit,,analyst_B,2026-06-05 10:23:37,low
TXN-2007710,legit,,analyst_B,2026-06-05 12:57:18,medium
TXN-2003571,legit,,analyst_A,2026-06-05 13:08:45,medium
TXN-2007767,fraud,sim_swap,analyst_B,2026-06-05 13:17:25,high
TXN-2002571,legit,,analyst_A,2026-06-05 17:04:04,high
TXN-2006309,legit,,analyst_A,2026-06-05 17:29:22,high
TXN-2003869,legit,,analyst_A,2026-06-05 17:49:50,low
TXN-2023201,legit,,analyst_B,2026-06-05 18:04:00,high
TXN-2018353,legit,,analyst_B,2026-06-05 18:36:39,medium
TXN-2008087,legit,,analyst_B,2026-06-05 19:25:47,low
TXN-2010210,legit,,analyst_B,2026-06-05 19:40:25,high
TXN-2004027,legit,,analyst_B,2026-06-05 20:07:14,medium
TXN-2004108,legit,,analyst_B,2026-06-05 20:27:26,low
TXN-2019727,legit,,analyst_A,2026-06-05 20:33:52,medium
TXN-2011325,legit,,analyst_B,2026-06-05 20:46:38,high
TXN-2022023,legit,,analyst_A,2026-06-05 21:03:59,high
TXN-2017750,legit,,analyst_B,2026-06-05 21:44:10,high
TXN-2007265,legit,,analyst_B,2026-06-05 21:54:16,high
TXN-2024279,legit,,analyst_B,2026-06-05 22:20:05,high
TXN-2006605,legit,,analyst_A,2026-06-05 22:48:33,medium
TXN-2006724,legit,,analyst_A,2026-06-05 23:59:33,high
TXN-2001598,legit,,analyst_B,2026-06-06 00:14:22,high
TXN-2017292,legit,,analyst_B,2026-06-06 00:20:58,high
TXN-2005438,legit,,analyst_A,2026-06-06 00:29:22,high
TXN-2000458,legit,,analyst_A,2026-06-06 01:42:41,high
TXN-2022949,legit,,analyst_A,2026-06-06 03:09:51,high
TXN-2006724,legit,,analyst_B,2026-06-06 05:59:33,medium
TXN-2003432,legit,,analyst_A,2026-06-06 06:19:22,high
TXN-2007096,legit,,analyst_A,2026-06-06 08:06:33,high
TXN-2013135,legit,,analyst_B,2026-06-06 11:19:41,medium
TXN-2022439,legit,,analyst_A,2026-06-06 11:56:51,low
TXN-2003430,legit,,analyst_A,2026-06-06 12:19:09,medium
TXN-2010122,legit,,analyst_A,2026-06-06 12:47:38,high
TXN-2007932,legit,,analyst_B,2026-06-06 13:45:58,medium
TXN-2015624,legit,,analyst_B,2026-06-06 14:06:44,medium
TXN-2016583,legit,,analyst_A,2026-06-06 14:45:55,high
TXN-2015434,legit,,analyst_B,2026-06-06 17:08:54,low
TXN-2022754,legit,,analyst_A,2026-06-06 18:28:39,high
TXN-2004857,legit,,analyst_A,2026-06-06 18:29:56,medium
TXN-2015672,legit,,analyst_B,2026-06-06 20:12:54,high
TXN-2012355,legit,,analyst_B,2026-06-06 20:40:20,medium
TXN-2005244,legit,,analyst_B,2026-06-06 20:47:59,medium
TXN-2017314,legit,,analyst_A,2026-06-06 21:19:31,low
TXN-2018550,legit,,analyst_A,2026-06-06 21:25:57,high
TXN-2011314,legit,,analyst_B,2026-06-06 22:17:10,medium
TXN-2006099,legit,,analyst_A,2026-06-06 23:11:27,low
TXN-2008073,legit,,analyst_B,2026-06-06 23:22:11,medium
TXN-2014335,legit,,analyst_B,2026-06-07 00:06:29,high
TXN-2012546,legit,,analyst_A,2026-06-07 00:06:37,high
TXN-2006812,legit,,analyst_A,2026-06-07 00:26:58,low
TXN-2009640,legit,,analyst_A,2026-06-07 02:08:26,medium
TXN-2016826,legit,,analyst_B,2026-06-07 02:08:51,high
TXN-2002951,legit,,analyst_A,2026-06-07 02:39:13,medium
TXN-2000530,legit,,analyst_B,2026-06-07 03:08:27,high
TXN-2000499,legit,,analyst_A,2026-06-07 03:58:17,low
TXN-2005195,legit,,analyst_B,2026-06-07 04:02:45,high
TXN-2010338,legit,,analyst_A,2026-06-07 04:16:38,high
TXN-2015125,legit,,analyst_A,2026-06-07 04:17:54,medium
TXN-2008449,legit,,analyst_A,2026-06-07 04:48:54,medium
TXN-2012699,legit,,analyst_A,2026-06-07 05:29:18,high
TXN-2008998,legit,,analyst_A,2026-06-07 05:29:40,high
TXN-2018357,legit,,analyst_B,2026-06-07 07:47:54,medium
TXN-2014542,legit,,analyst_A,2026-06-07 08:28:41,low
TXN-2002440,legit,,analyst_B,2026-06-07 09:04:37,low
TXN-2008895,legit,,analyst_A,2026-06-07 09:54:20,high
TXN-2023097,legit,,analyst_A,2026-06-07 10:19:22,medium
TXN-2012589,legit,,analyst_B,2026-06-07 11:42:03,medium
TXN-2018444,legit,,analyst_A,2026-06-07 11:42:09,low
TXN-2001610,legit,,analyst_A,2026-06-07 12:34:00,high
TXN-2015114,legit,,analyst_B,2026-06-07 15:58:02,medium
TXN-2004291,legit,,analyst_A,2026-06-07 16:56:10,high
TXN-2016180,legit,,analyst_A,2026-06-07 17:29:55,medium
TXN-2017784,legit,,analyst_A,2026-06-07 18:01:53,high
TXN-2004792,legit,,analyst_A,2026-06-07 18:08:18,high
TXN-2016225,legit,,analyst_A,2026-06-07 21:39:43,medium
TXN-2006799,legit,,analyst_A,2026-06-07 23:57:58,high
TXN-2012441,legit,,analyst_B,2026-06-07 23:58:43,low
TXN-2018815,legit,,analyst_A,2026-06-08 00:08:19,medium
TXN-2014348,legit,,analyst_A,2026-06-08 01:08:53,low
TXN-2023167,legit,,analyst_A,2026-06-08 04:17:28,high
TXN-2012665,legit,,analyst_A,2026-06-08 05:19:31,high
TXN-2012410,legit,,analyst_A,2026-06-08 05:48:47,medium
TXN-2012205,legit,,analyst_B,2026-06-08 06:12:58,low
TXN-2007954,legit,,analyst_A,2026-06-08 10:47:48,low
TXN-2013237,legit,,analyst_B,2026-06-08 13:08:42,medium
TXN-2016449,legit,,analyst_A,2026-06-08 13:10:00,medium
TXN-2019195,legit,,analyst_A,2026-06-08 13:43:08,high
TXN-2020592,legit,,analyst_B,2026-06-08 14:00:32,medium
TXN-2003382,legit,,analyst_A,2026-06-08 14:46:10,high
TXN-2017293,legit,,analyst_A,2026-06-08 15:29:41,medium
TXN-2005386,legit,,analyst_B,2026-06-08 15:36:48,medium
TXN-2019596,legit,,analyst_A,2026-06-08 15:54:11,high
TXN-2004592,legit,,analyst_A,2026-06-08 16:10:27,medium
TXN-2017655,legit,,analyst_B,2026-06-08 16:22:47,medium
TXN-2016368,legit,,analyst_A,2026-06-08 16:47:36,low
TXN-2013202,legit,,analyst_B,2026-06-08 17:03:29,high
TXN-2011906,legit,,analyst_B,2026-06-08 17:04:04,high
TXN-2024598,legit,,analyst_A,2026-06-08 18:48:54,medium
TXN-2018402,legit,,analyst_A,2026-06-08 23:29:34,medium
TXN-2015252,legit,,analyst_A,2026-06-08 23:42:49,high
TXN-2022036,legit,,analyst_A,2026-06-08 23:52:40,medium
TXN-2000444,legit,,analyst_A,2026-06-09 00:34:09,medium
TXN-2012164,legit,,analyst_A,2026-06-09 01:59:13,high
TXN-2014577,legit,,analyst_B,2026-06-09 02:03:59,medium
TXN-2015874,legit,,analyst_B,2026-06-09 03:49:39,high
TXN-2009491,legit,,analyst_A,2026-06-09 04:26:57,medium
TXN-2013016,legit,,analyst_B,2026-06-09 06:39:14,high
TXN-2011985,legit,,analyst_A,2026-06-09 07:35:03,medium
TXN-2018342,legit,,analyst_B,2026-06-09 08:04:42,high
TXN-2006495,legit,,analyst_B,2026-06-09 08:12:36,medium
TXN-2001906,legit,,analyst_A,2026-06-09 08:29:23,medium
TXN-2008012,legit,,analyst_A,2026-06-09 09:35:31,medium
TXN-2015987,legit,,analyst_B,2026-06-09 11:32:19,high
TXN-2003994,legit,,analyst_A,2026-06-09 12:01:34,low
TXN-2000921,legit,,analyst_B,2026-06-09 12:16:17,high
TXN-2014354,legit,,analyst_A,2026-06-09 13:52:14,low
TXN-2019484,legit,,analyst_A,2026-06-09 14:30:10,high
TXN-2010673,legit,,analyst_B,2026-06-09 15:13:32,medium
TXN-2000223,legit,,analyst_B,2026-06-09 15:30:56,high
TXN-2016620,legit,,analyst_B,2026-06-09 16:13:26,high
TXN-2023676,legit,,analyst_B,2026-06-09 16:17:19,low
TXN-2010128,legit,,analyst_B,2026-06-09 16:30:41,medium
TXN-2010663,legit,,analyst_B,2026-06-09 16:31:07,medium
TXN-2008822,legit,,analyst_A,2026-06-09 16:52:10,low
TXN-2022326,legit,,analyst_B,2026-06-09 17:09:03,high
TXN-2019840,legit,,analyst_B,2026-06-09 19:35:29,medium
TXN-2018465,legit,,analyst_B,2026-06-09 20:03:24,low
TXN-2021776,legit,,analyst_B,2026-06-09 20:05:43,high
TXN-2021421,legit,,analyst_A,2026-06-09 20:07:27,low
TXN-2011601,legit,,analyst_A,2026-06-09 21:24:44,high
TXN-2016290,legit,,analyst_B,2026-06-09 21:29:45,medium
TXN-2005083,legit,,analyst_A,2026-06-09 22:24:42,high
TXN-2019782,legit,,analyst_A,2026-06-09 23:05:04,low
TXN-2007455,legit,,analyst_A,2026-06-09 23:19:39,high
TXN-2011344,legit,,analyst_B,2026-06-10 01:03:46,medium
TXN-2015595,legit,,analyst_A,2026-06-10 01:04:22,high
TXN-2021786,legit,,analyst_B,2026-06-10 01:16:51,high
TXN-2012795,legit,,analyst_B,2026-06-10 04:05:28,low
TXN-2017842,legit,,analyst_B,2026-06-10 04:13:45,high
TXN-2020116,legit,,analyst_B,2026-06-10 07:47:01,high
TXN-2005949,legit,,analyst_A,2026-06-10 09:58:04,medium
TXN-2016619,legit,,analyst_B,2026-06-10 10:07:50,medium
TXN-2019173,legit,,analyst_B,2026-06-10 10:45:56,medium
TXN-2016712,legit,,analyst_B,2026-06-10 10:47:26,high
TXN-2022174,legit,,analyst_B,2026-06-10 11:45:59,low
TXN-2010404,legit,,analyst_A,2026-06-10 12:26:42,high
TXN-2016474,legit,,analyst_A,2026-06-10 13:37:57,medium
TXN-2015408,legit,,analyst_A,2026-06-10 13:41:10,medium
TXN-2021838,legit,,analyst_B,2026-06-10 14:08:15,medium
TXN-2024771,legit,,analyst_B,2026-06-10 16:08:32,medium
TXN-2012817,legit,,analyst_A,2026-06-10 17:36:09,high
TXN-2006731,legit,,analyst_A,2026-06-10 18:42:25,low
TXN-2006963,legit,,analyst_A,2026-06-10 19:15:05,high
TXN-2018586,legit,,analyst_B,2026-06-10 19:59:30,low
TXN-2016779,legit,,analyst_A,2026-06-10 20:33:31,low
TXN-2023689,legit,,analyst_A,2026-06-10 21:06:40,medium
TXN-2021297,legit,,analyst_A,2026-06-10 22:13:15,low
TXN-2023323,legit,,analyst_A,2026-06-10 22:41:16,high
TXN-2015466,legit,,analyst_B,2026-06-10 23:47:42,high
TXN-2001206,legit,,analyst_A,2026-06-11 02:34:27,low
TXN-2020503,legit,,analyst_A,2026-06-11 03:26:15,low
TXN-2010224,legit,,analyst_B,2026-06-11 04:36:46,high
TXN-2024018,legit,,analyst_A,2026-06-11 06:19:14,high
TXN-2012999,legit,,analyst_B,2026-06-11 07:16:56,high
TXN-2013595,legit,,analyst_B,2026-06-11 07:40:41,medium
TXN-2008580,legit,,analyst_A,2026-06-11 08:31:37,high
TXN-2012602,legit,,analyst_B,2026-06-11 08:37:46,medium
TXN-2020351,legit,,analyst_B,2026-06-11 10:29:03,medium
TXN-2014113,legit,,analyst_B,2026-06-11 13:11:05,medium
TXN-2019195,legit,,analyst_B,2026-06-11 14:43:08,medium
TXN-2006044,legit,,analyst_A,2026-06-11 14:52:48,medium
TXN-2011478,legit,,analyst_A,2026-06-11 16:01:35,medium
TXN-2010789,legit,,analyst_A,2026-06-11 16:42:06,high
TXN-2004888,legit,,analyst_A,2026-06-11 17:27:55,high
TXN-2004779,legit,,analyst_A,2026-06-11 18:37:57,high
TXN-2015662,legit,,analyst_B,2026-06-11 19:38:33,low
TXN-2015806,legit,,analyst_A,2026-06-11 20:34:37,medium
TXN-2012383,legit,,analyst_A,2026-06-11 20:40:46,medium
TXN-2004348,legit,,analyst_B,2026-06-11 21:10:21,medium
TXN-2009166,legit,,analyst_A,2026-06-11 22:03:33,high
TXN-2006141,legit,,analyst_A,2026-06-11 22:32:49,high
TXN-2023204,legit,,analyst_A,2026-06-12 00:13:56,high
TXN-2021278,legit,,analyst_A,2026-06-12 01:27:11,high
TXN-2014746,legit,,analyst_A,2026-06-12 02:11:53,medium
TXN-2022950,legit,,analyst_A,2026-06-12 02:57:47,medium
TXN-2021117,legit,,analyst_B,2026-06-12 04:35:51,medium
TXN-2024860,legit,,analyst_A,2026-06-12 05:46:41,high
TXN-2013057,legit,,analyst_B,2026-06-12 06:01:31,high
TXN-2015739,legit,,analyst_A,2026-06-12 06:06:21,medium
TXN-2008226,legit,,analyst_A,2026-06-12 07:09:20,low
TXN-2017212,legit,,analyst_A,2026-06-12 08:21:04,high
TXN-2000396,legit,,analyst_B,2026-06-12 09:19:55,medium
TXN-2021610,legit,,analyst_A,2026-06-12 09:47:32,high
TXN-2023851,legit,,analyst_B,2026-06-12 10:18:50,high
TXN-2008449,legit,,analyst_B,2026-06-12 10:48:54,medium
TXN-2000080,legit,,analyst_A,2026-06-12 11:16:36,high
TXN-2019969,legit,,analyst_B,2026-06-12 11:44:45,low
TXN-2012930,legit,,analyst_A,2026-06-12 12:11:37,medium
TXN-2022037,legit,,analyst_B,2026-06-12 12:37:24,medium
TXN-2024332,legit,,analyst_A,2026-06-12 12:47:57,high
TXN-2006027,legit,,analyst_A,2026-06-12 13:19:28,low
TXN-2010935,legit,,analyst_A,2026-06-12 13:26:13,high
TXN-2019816,legit,,analyst_B,2026-06-12 14:41:31,high
TXN-2005025,legit,,analyst_B,2026-06-12 14:56:54,medium
TXN-2023662,legit,,analyst_A,2026-06-12 15:22:30,high
TXN-2007849,legit,,analyst_A,2026-06-12 16:11:35,medium
TXN-2001468,legit,,analyst_B,2026-06-12 16:13:07,low
TXN-2018480,legit,,analyst_B,2026-06-12 17:37:27,medium
TXN-2009654,legit,,analyst_B,2026-06-12 17:59:12,high
TXN-2016962,legit,,analyst_A,2026-06-12 17:59:27,medium
TXN-2006062,legit,,analyst_B,2026-06-12 18:03:57,medium
TXN-2011553,legit,,analyst_B,2026-06-12 18:38:15,medium
TXN-2011973,legit,,analyst_A,2026-06-12 19:11:19,high
TXN-2006049,legit,,analyst_B,2026-06-12 19:14:08,high
TXN-2015909,legit,,analyst_A,2026-06-12 20:19:26,high
TXN-2012999,legit,,analyst_A,2026-06-12 23:16:56,low
TXN-2001148,legit,,analyst_A,2026-06-12 23:51:26,high
TXN-2004187,legit,,analyst_B,2026-06-13 01:18:13,medium
TXN-2014454,legit,,analyst_B,2026-06-13 01:36:48,medium
TXN-2006034,legit,,analyst_B,2026-06-13 01:58:34,high
TXN-2024624,legit,,analyst_B,2026-06-13 01:59:58,high
TXN-2006564,legit,,analyst_B,2026-06-13 02:57:47,medium
TXN-2002862,legit,,analyst_B,2026-06-13 03:09:43,medium
TXN-2022970,legit,,analyst_A,2026-06-13 04:40:29,medium
TXN-2011350,legit,,analyst_A,2026-06-13 06:26:02,high
TXN-2009235,legit,,analyst_B,2026-06-13 06:45:47,high
TXN-2004251,legit,,analyst_A,2026-06-13 06:48:25,medium
TXN-2021675,legit,,analyst_A,2026-06-13 07:50:41,medium
TXN-2009231,legit,,analyst_A,2026-06-13 08:34:30,high
TXN-2010673,legit,,analyst_A,2026-06-13 10:13:32,high
TXN-2022339,legit,,analyst_A,2026-06-13 11:37:26,high
TXN-2019310,legit,,analyst_A,2026-06-13 12:52:09,medium
TXN-2014852,legit,,analyst_B,2026-06-13 16:00:55,medium
TXN-2017060,legit,,analyst_A,2026-06-13 16:32:25,low
TXN-2006004,legit,,analyst_B,2026-06-13 17:08:28,high
TXN-2002262,legit,,analyst_A,2026-06-13 18:45:37,high
TXN-2023048,legit,,analyst_B,2026-06-13 18:47:25,medium
TXN-2024088,legit,,analyst_A,2026-06-13 19:01:59,low
TXN-2013192,legit,,analyst_B,2026-06-13 19:25:49,medium
TXN-2014508,legit,,analyst_B,2026-06-13 19:48:33,high
TXN-2023518,legit,,analyst_A,2026-06-13 20:00:28,low
TXN-2010269,legit,,analyst_A,2026-06-13 20:12:10,low
TXN-2023999,legit,,analyst_A,2026-06-13 20:18:20,low
TXN-2024355,legit,,analyst_A,2026-06-13 21:27:55,medium
TXN-2022712,legit,,analyst_B,2026-06-13 21:36:07,low
TXN-2019192,legit,,analyst_A,2026-06-13 22:18:37,medium
TXN-2011633,legit,,analyst_B,2026-06-13 23:47:47,low
TXN-2019154,legit,,analyst_B,2026-06-14 01:25:39,low
TXN-2019650,legit,,analyst_B,2026-06-14 01:30:42,high
TXN-2020272,legit,,analyst_A,2026-06-14 01:57:21,high
TXN-2007849,legit,,analyst_B,2026-06-14 03:11:35,medium
TXN-2000618,legit,,analyst_B,2026-06-14 03:42:05,high
TXN-2010319,legit,,analyst_A,2026-06-14 03:52:00,low
TXN-2005488,legit,,analyst_A,2026-06-14 04:36:29,high
TXN-2006284,legit,,analyst_A,2026-06-14 04:43:37,high
TXN-2020451,legit,,analyst_B,2026-06-14 09:14:19,high
TXN-2023398,legit,,analyst_A,2026-06-14 09:22:33,medium
TXN-2001033,legit,,analyst_A,2026-06-14 10:27:36,low
TXN-2024306,legit,,analyst_B,2026-06-14 12:36:29,medium
TXN-2003180,legit,,analyst_B,2026-06-14 12:46:34,high
TXN-2005124,legit,,analyst_B,2026-06-14 13:14:58,medium
TXN-2021755,legit,,analyst_A,2026-06-14 13:22:23,medium
TXN-2012345,legit,,analyst_A,2026-06-14 14:15:52,medium
TXN-2020400,legit,,analyst_B,2026-06-14 14:38:56,medium
TXN-2015490,legit,,analyst_A,2026-06-14 14:41:20,high
TXN-2021506,legit,,analyst_B,2026-06-14 14:56:29,high
TXN-2004703,legit,,analyst_A,2026-06-14 15:34:03,high
TXN-2019749,legit,,analyst_A,2026-06-14 15:40:55,medium
TXN-2004449,legit,,analyst_A,2026-06-14 15:56:23,medium
TXN-2006474,legit,,analyst_A,2026-06-14 16:15:08,low
TXN-2014706,legit,,analyst_B,2026-06-14 16:21:20,medium
TXN-2008824,legit,,analyst_B,2026-06-14 16:56:37,medium
TXN-2016505,legit,,analyst_A,2026-06-14 17:04:48,low
TXN-2015116,legit,,analyst_B,2026-06-14 17:12:14,high
TXN-2009390,legit,,analyst_A,2026-06-14 18:01:12,low
TXN-2014577,fraud,stolen_credential,analyst_A,2026-06-14 18:03:59,low
TXN-2014060,legit,,analyst_B,2026-06-14 18:56:13,high
TXN-2006307,legit,,analyst_A,2026-06-14 20:01:17,low
TXN-2022134,legit,,analyst_A,2026-06-14 20:43:31,high
TXN-2016663,legit,,analyst_A,2026-06-14 21:25:00,high
TXN-2010317,legit,,analyst_B,2026-06-14 22:52:50,high
TXN-2014094,legit,,analyst_B,2026-06-15 00:20:35,medium
TXN-2004156,legit,,analyst_B,2026-06-15 03:16:11,medium
TXN-2017427,legit,,analyst_B,2026-06-15 03:44:26,medium
TXN-2004814,legit,,analyst_B,2026-06-15 03:49:33,low
TXN-2001927,legit,,analyst_A,2026-06-15 06:37:53,high
TXN-2023184,legit,,analyst_A,2026-06-15 06:50:36,medium
TXN-2015995,legit,,analyst_B,2026-06-15 07:46:08,high
TXN-2000215,legit,,analyst_B,2026-06-15 07:57:10,medium
TXN-2014073,legit,,analyst_A,2026-06-15 09:54:21,high
TXN-2012783,legit,,analyst_A,2026-06-15 10:17:42,high
TXN-2005084,legit,,analyst_B,2026-06-15 10:30:09,low
TXN-2000756,legit,,analyst_A,2026-06-15 11:04:29,medium
TXN-2020795,legit,,analyst_A,2026-06-15 11:44:53,medium
TXN-2009352,legit,,analyst_A,2026-06-15 12:16:06,medium
TXN-2003126,legit,,analyst_B,2026-06-15 12:39:06,high
TXN-2007553,legit,,analyst_A,2026-06-15 13:09:52,high
TXN-2010562,legit,,analyst_A,2026-06-15 16:35:50,low
TXN-2013754,legit,,analyst_A,2026-06-15 17:24:41,medium
TXN-2020972,legit,,analyst_A,2026-06-15 18:09:37,high
TXN-2020345,legit,,analyst_A,2026-06-15 20:31:04,high
TXN-2005497,legit,,analyst_A,2026-06-15 20:44:51,high
TXN-2002063,legit,,analyst_A,2026-06-15 21:40:03,medium
TXN-2015020,legit,,analyst_A,2026-06-15 22:11:09,high
TXN-2009003,legit,,analyst_B,2026-06-15 22:56:22,high
TXN-2024279,legit,,analyst_A,2026-06-15 23:20:05,low
TXN-2003554,legit,,analyst_B,2026-06-15 23:52:10,high
TXN-2023550,legit,,analyst_B,2026-06-16 01:21:25,high
TXN-2017567,legit,,analyst_A,2026-06-16 01:25:00,medium
TXN-2010170,legit,,analyst_B,2026-06-16 01:51:28,medium
TXN-2009965,legit,,analyst_A,2026-06-16 01:51:29,high
TXN-2015891,legit,,analyst_B,2026-06-16 01:59:34,high
TXN-2000272,legit,,analyst_A,2026-06-16 02:39:07,high
TXN-2008828,legit,,analyst_A,2026-06-16 03:38:11,high
TXN-2015314,legit,,analyst_A,2026-06-16 04:19:37,high
TXN-2021390,legit,,analyst_B,2026-06-16 06:13:07,low
TXN-2003085,legit,,analyst_A,2026-06-16 08:04:15,high
TXN-2022362,legit,,analyst_B,2026-06-16 10:54:09,high
TXN-2001714,legit,,analyst_A,2026-06-16 11:35:27,medium
TXN-2014714,legit,,analyst_A,2026-06-16 12:15:28,medium
TXN-2024310,legit,,analyst_B,2026-06-16 12:56:49,low
TXN-2006120,legit,,analyst_A,2026-06-16 13:05:10,medium
TXN-2014547,legit,,analyst_B,2026-06-16 13:06:47,medium
TXN-2001566,legit,,analyst_A,2026-06-16 14:31:51,medium
TXN-2018976,legit,,analyst_B,2026-06-16 15:14:24,high
TXN-2016690,legit,,analyst_A,2026-06-16 17:04:02,medium
TXN-2001630,legit,,analyst_B,2026-06-16 17:16:44,low
TXN-2007622,legit,,analyst_A,2026-06-16 18:00:09,medium
TXN-2024146,legit,,analyst_B,2026-06-16 18:25:27,high
TXN-2019296,legit,,analyst_A,2026-06-16 19:23:19,high
TXN-2003254,legit,,analyst_A,2026-06-16 20:09:33,low
TXN-2015686,legit,,analyst_B,2026-06-16 20:12:10,low
TXN-2018022,legit,,analyst_A,2026-06-16 20:44:44,medium
TXN-2007700,legit,,analyst_B,2026-06-16 20:49:41,high
TXN-2023322,legit,,analyst_A,2026-06-16 21:09:17,high
TXN-2004046,legit,,analyst_B,2026-06-16 21:27:19,medium
TXN-2016561,legit,,analyst_B,2026-06-17 00:58:04,medium
TXN-2008845,legit,,analyst_A,2026-06-17 01:01:53,low
TXN-2017099,legit,,analyst_B,2026-06-17 01:36:28,high
TXN-2024781,legit,,analyst_A,2026-06-17 02:06:42,high
TXN-2003142,legit,,analyst_B,2026-06-17 02:42:52,low
TXN-2011665,legit,,analyst_B,2026-06-17 03:43:26,high
TXN-2001659,legit,,analyst_B,2026-06-17 04:44:40,low
TXN-2006068,legit,,analyst_B,2026-06-17 06:00:16,high
TXN-2003525,legit,,analyst_B,2026-06-17 06:16:40,high
TXN-2004082,legit,,analyst_A,2026-06-17 07:41:46,medium
TXN-2011405,legit,,analyst_A,2026-06-17 09:00:30,low
TXN-2005694,legit,,analyst_B,2026-06-17 09:57:28,medium
TXN-2012802,legit,,analyst_A,2026-06-17 12:03:41,low
TXN-2020571,legit,,analyst_A,2026-06-17 13:03:10,medium
TXN-2023086,legit,,analyst_A,2026-06-17 13:03:22,medium
TXN-2001967,legit,,analyst_B,2026-06-17 13:04:24,high
TXN-2023743,legit,,analyst_A,2026-06-17 13:11:33,low
TXN-2015029,legit,,analyst_A,2026-06-17 13:31:45,medium
TXN-2012035,legit,,analyst_B,2026-06-17 13:42:04,high
TXN-2000003,legit,,analyst_A,2026-06-17 14:19:06,high
TXN-2022899,legit,,analyst_B,2026-06-17 15:09:58,high
TXN-2014484,legit,,analyst_A,2026-06-17 15:57:02,high
TXN-2010963,legit,,analyst_B,2026-06-17 16:18:08,medium
TXN-2005313,legit,,analyst_B,2026-06-17 16:45:23,high
TXN-2003382,legit,,analyst_B,2026-06-17 16:46:10,high
TXN-2011584,legit,,analyst_A,2026-06-17 16:49:41,medium
TXN-2004870,legit,,analyst_B,2026-06-17 16:57:45,low
TXN-2000298,legit,,analyst_B,2026-06-17 17:11:29,low
TXN-2017780,legit,,analyst_B,2026-06-17 17:20:45,low
TXN-2011813,legit,,analyst_B,2026-06-17 17:28:09,medium
TXN-2000906,legit,,analyst_B,2026-06-17 19:13:08,medium
TXN-2022795,legit,,analyst_B,2026-06-17 19:20:17,low
TXN-2005313,legit,,analyst_A,2026-06-17 19:45:23,high
TXN-2019301,legit,,analyst_B,2026-06-17 20:25:51,low
TXN-2001315,legit,,analyst_A,2026-06-17 23:49:41,medium
TXN-2010360,legit,,analyst_B,2026-06-18 00:14:39,medium
TXN-2021051,legit,,analyst_A,2026-06-18 00:17:49,medium
TXN-2011457,legit,,analyst_A,2026-06-18 00:40:25,high
TXN-2015099,legit,,analyst_A,2026-06-18 01:13:04,medium
TXN-2021025,legit,,analyst_B,2026-06-18 01:39:23,low
TXN-2010295,legit,,analyst_A,2026-06-18 01:48:31,high
TXN-2015997,legit,,analyst_A,2026-06-18 01:58:21,high
TXN-2016028,legit,,analyst_B,2026-06-18 03:02:19,high
TXN-2021705,legit,,analyst_A,2026-06-18 03:26:16,high
TXN-2004208,legit,,analyst_B,2026-06-18 03:48:27,medium
TXN-2010627,legit,,analyst_A,2026-06-18 04:35:58,high
TXN-2001681,legit,,analyst_B,2026-06-18 05:27:16,high
TXN-2021655,legit,,analyst_A,2026-06-18 06:26:06,high
TXN-2000964,legit,,analyst_B,2026-06-18 06:34:10,high
TXN-2006495,fraud,account_takeover,analyst_A,2026-06-18 07:12:36,high
TXN-2006158,legit,,analyst_B,2026-06-18 07:21:52,high
TXN-2016032,legit,,analyst_B,2026-06-18 09:06:52,medium
TXN-2013183,legit,,analyst_A,2026-06-18 10:13:08,high
TXN-2005583,legit,,analyst_B,2026-06-18 10:15:24,high
TXN-2017165,legit,,analyst_B,2026-06-18 13:17:31,high
TXN-2004029,legit,,analyst_A,2026-06-18 13:39:41,medium
TXN-2024390,legit,,analyst_A,2026-06-18 13:47:49,medium
TXN-2000395,legit,,analyst_B,2026-06-18 15:15:01,medium
TXN-2020639,legit,,analyst_A,2026-06-18 15:39:26,medium
TXN-2005124,legit,,analyst_A,2026-06-18 16:14:58,high
TXN-2019591,legit,,analyst_A,2026-06-18 16:35:19,medium
TXN-2016370,legit,,analyst_B,2026-06-18 17:25:03,low
TXN-2006065,legit,,analyst_B,2026-06-18 18:15:44,medium
TXN-2012843,legit,,analyst_B,2026-06-18 18:31:29,high
TXN-2022105,legit,,analyst_A,2026-06-18 18:55:46,high
TXN-2004625,legit,,analyst_A,2026-06-18 19:37:00,high
TXN-2020829,legit,,analyst_A,2026-06-18 20:57:09,medium
TXN-2019744,legit,,analyst_A,2026-06-18 22:18:26,high
TXN-2005784,legit,,analyst_A,2026-06-19 00:13:34,high
TXN-2001680,legit,,analyst_B,2026-06-19 00:28:30,medium
TXN-2016155,legit,,analyst_A,2026-06-19 01:37:15,medium
TXN-2006372,legit,,analyst_B,2026-06-19 01:42:29,medium
TXN-2001077,legit,,analyst_A,2026-06-19 02:07:37,high
TXN-2010836,legit,,analyst_A,2026-06-19 02:58:53,high
TXN-2010260,legit,,analyst_B,2026-06-19 04:48:30,high
TXN-2003576,legit,,analyst_B,2026-06-19 05:18:00,medium
TXN-2003439,legit,,analyst_B,2026-06-19 05:18:41,high
TXN-2021350,legit,,analyst_B,2026-06-19 05:26:59,medium
TXN-2001062,legit,,analyst_B,2026-06-19 09:20:23,low
TXN-2000489,legit,,analyst_A,2026-06-19 09:34:35,medium
TXN-2001054,legit,,analyst_A,2026-06-19 10:17:44,high
TXN-2008782,legit,,analyst_A,2026-06-19 10:45:44,medium
TXN-2012431,legit,,analyst_B,2026-06-19 11:56:10,high
TXN-2019626,legit,,analyst_B,2026-06-19 12:38:34,low
TXN-2000175,legit,,analyst_B,2026-06-19 12:38:35,medium
TXN-2016409,legit,,analyst_A,2026-06-19 12:41:26,high
TXN-2008345,legit,,analyst_A,2026-06-19 14:45:25,medium
TXN-2010352,legit,,analyst_A,2026-06-19 14:52:32,medium
TXN-2023353,legit,,analyst_B,2026-06-19 15:24:18,medium
TXN-2023396,legit,,analyst_B,2026-06-19 15:32:59,medium
TXN-2022445,legit,,analyst_A,2026-06-19 15:56:26,high
TXN-2002888,legit,,analyst_A,2026-06-19 17:28:59,low
TXN-2016191,legit,,analyst_B,2026-06-19 17:31:55,low
TXN-2006047,legit,,analyst_A,2026-06-19 18:00:05,high
TXN-2009092,legit,,analyst_A,2026-06-19 19:49:38,low
TXN-2020717,legit,,analyst_A,2026-06-19 21:02:36,high
TXN-2010449,legit,,analyst_B,2026-06-19 21:34:45,high
TXN-2012035,fraud,sim_swap,analyst_A,2026-06-19 22:42:04,high
TXN-2018712,legit,,analyst_B,2026-06-19 23:53:17,high
TXN-2019943,legit,,analyst_A,2026-06-19 23:59:01,medium
TXN-2020923,legit,,analyst_B,2026-06-20 00:41:52,high
TXN-2021784,legit,,analyst_A,2026-06-20 01:53:25,medium
TXN-2007436,legit,,analyst_A,2026-06-20 02:53:57,low
TXN-2017940,legit,,analyst_B,2026-06-20 03:32:15,medium
TXN-2024677,legit,,analyst_B,2026-06-20 03:38:58,low
TXN-2024946,legit,,analyst_A,2026-06-20 04:15:33,medium
TXN-2018095,legit,,analyst_B,2026-06-20 04:17:07,high
TXN-2020822,legit,,analyst_A,2026-06-20 04:20:02,low
TXN-2024477,legit,,analyst_B,2026-06-20 04:38:20,low
TXN-2013837,legit,,analyst_A,2026-06-20 06:43:41,medium
TXN-2011939,legit,,analyst_B,2026-06-20 07:51:19,medium
TXN-2009179,legit,,analyst_A,2026-06-20 08:01:03,low
TXN-2019882,legit,,analyst_A,2026-06-20 08:09:42,low
TXN-2020955,legit,,analyst_A,2026-06-20 08:25:50,high
TXN-2003370,legit,,analyst_A,2026-06-20 08:30:20,low
TXN-2019348,legit,,analyst_A,2026-06-20 10:23:37,high
TXN-2015372,legit,,analyst_A,2026-06-20 10:52:19,medium
TXN-2022862,legit,,analyst_A,2026-06-20 10:55:46,high
TXN-2019417,legit,,analyst_B,2026-06-20 11:03:23,high
TXN-2015875,legit,,analyst_A,2026-06-20 13:15:09,medium
TXN-2022907,legit,,analyst_A,2026-06-20 13:25:48,low
TXN-2007008,legit,,analyst_A,2026-06-20 13:38:18,high
TXN-2010151,legit,,analyst_A,2026-06-20 13:41:22,high
TXN-2014382,legit,,analyst_A,2026-06-20 13:49:51,high
TXN-2014425,legit,,analyst_B,2026-06-20 15:11:21,medium
TXN-2004194,legit,,analyst_A,2026-06-20 16:54:30,low
TXN-2020217,legit,,analyst_B,2026-06-20 17:13:18,medium
TXN-2002828,legit,,analyst_A,2026-06-20 18:32:31,high
TXN-2004460,legit,,analyst_A,2026-06-20 19:24:53,medium
TXN-2014908,legit,,analyst_A,2026-06-20 19:48:24,low
TXN-2021081,legit,,analyst_A,2026-06-20 19:51:47,medium
TXN-2002014,legit,,analyst_A,2026-06-20 20:03:40,medium
TXN-2003580,legit,,analyst_B,2026-06-20 21:56:47,high
TXN-2010812,legit,,analyst_A,2026-06-20 22:10:01,high
TXN-2018828,legit,,analyst_A,2026-06-20 22:14:28,medium
TXN-2004147,legit,,analyst_B,2026-06-20 22:38:04,high
TXN-2001234,legit,,analyst_B,2026-06-20 22:39:46,high
TXN-2010287,legit,,analyst_A,2026-06-20 22:53:26,medium
TXN-2023074,legit,,analyst_B,2026-06-20 23:34:28,medium
TXN-2014870,legit,,analyst_B,2026-06-21 00:08:46,medium
TXN-2000809,legit,,analyst_A,2026-06-21 00:13:48,high
TXN-2015936,legit,,analyst_A,2026-06-21 01:25:59,high
TXN-2024887,legit,,analyst_B,2026-06-21 04:15:44,medium
TXN-2010687,legit,,analyst_B,2026-06-21 05:37:23,medium
TXN-2018954,legit,,analyst_B,2026-06-21 05:56:32,medium
TXN-2017380,legit,,analyst_A,2026-06-21 06:46:22,medium
TXN-2011929,legit,,analyst_A,2026-06-21 07:32:13,low
TXN-2012081,legit,,analyst_A,2026-06-21 07:34:13,low
TXN-2023163,legit,,analyst_A,2026-06-21 08:14:07,medium
TXN-2001062,legit,,analyst_A,2026-06-21 10:20:23,high
TXN-2021042,legit,,analyst_A,2026-06-21 11:57:44,low
TXN-2000832,legit,,analyst_B,2026-06-21 12:01:16,high
TXN-2016909,legit,,analyst_B,2026-06-21 12:15:34,high
TXN-2012014,legit,,analyst_B,2026-06-21 12:39:18,medium
TXN-2008342,legit,,analyst_A,2026-06-21 13:13:13,medium
TXN-2023887,legit,,analyst_A,2026-06-21 14:50:46,medium
TXN-2024360,legit,,analyst_B,2026-06-21 14:59:44,low
TXN-2016551,legit,,analyst_A,2026-06-21 15:07:17,medium
TXN-2005508,legit,,analyst_A,2026-06-21 15:12:49,low
TXN-2024372,legit,,analyst_A,2026-06-21 15:13:53,low
TXN-2024160,legit,,analyst_B,2026-06-21 15:36:17,medium
TXN-2000175,legit,,analyst_A,2026-06-21 15:38:35,medium
TXN-2005195,legit,,analyst_A,2026-06-21 16:02:45,medium
TXN-2009085,legit,,analyst_A,2026-06-21 17:02:22,medium
TXN-2013572,legit,,analyst_A,2026-06-21 17:42:41,low
TXN-2007639,legit,,analyst_A,2026-06-21 17:43:35,low
TXN-2020695,legit,,analyst_A,2026-06-21 18:00:22,low
TXN-2013308,legit,,analyst_A,2026-06-21 18:06:42,low
TXN-2012234,legit,,analyst_B,2026-06-21 18:10:21,medium
TXN-2021070,legit,,analyst_B,2026-06-21 18:52:28,high
TXN-2019688,legit,,analyst_A,2026-06-21 20:02:03,medium
TXN-2004939,legit,,analyst_A,2026-06-21 20:29:24,high
TXN-2001918,legit,,analyst_B,2026-06-21 21:55:42,medium
TXN-2001011,legit,,analyst_B,2026-06-21 22:22:00,low
TXN-2015492,legit,,analyst_A,2026-06-21 22:39:11,medium
TXN-2003338,legit,,analyst_B,2026-06-21 22:45:23,high
TXN-2022149,legit,,analyst_B,2026-06-21 23:45:18,medium
TXN-2017957,legit,,analyst_B,2026-06-21 23:59:13,medium
TXN-2020323,legit,,analyst_A,2026-06-21 23:59:58,low
TXN-2007021,legit,,analyst_A,2026-06-22 00:51:00,high
TXN-2021960,legit,,analyst_B,2026-06-22 01:40:04,low
TXN-2014215,legit,,analyst_A,2026-06-22 02:18:58,high
TXN-2019964,legit,,analyst_B,2026-06-22 02:30:17,high
TXN-2018790,legit,,analyst_B,2026-06-22 04:22:16,medium
TXN-2002925,legit,,analyst_A,2026-06-22 04:37:57,high
TXN-2002701,legit,,analyst_A,2026-06-22 04:44:55,medium
TXN-2002850,legit,,analyst_A,2026-06-22 06:41:27,low
TXN-2019208,legit,,analyst_B,2026-06-22 07:03:07,low
TXN-2000425,legit,,analyst_A,2026-06-22 07:04:39,medium
TXN-2002959,legit,,analyst_B,2026-06-22 07:08:31,high
TXN-2009695,legit,,analyst_B,2026-06-22 08:24:29,medium
TXN-2010005,legit,,analyst_A,2026-06-22 08:24:47,medium
TXN-2020722,legit,,analyst_B,2026-06-22 09:13:34,medium
TXN-2002002,legit,,analyst_A,2026-06-22 09:25:00,high
TXN-2008014,legit,,analyst_A,2026-06-22 11:09:48,high
TXN-2006028,legit,,analyst_B,2026-06-22 11:12:26,high
TXN-2020485,legit,,analyst_B,2026-06-22 13:14:34,high
TXN-2000179,legit,,analyst_B,2026-06-22 14:11:38,medium
TXN-2020406,legit,,analyst_A,2026-06-22 15:08:28,high
TXN-2007946,legit,,analyst_A,2026-06-22 17:13:10,high
TXN-2020025,legit,,analyst_B,2026-06-22 17:21:03,low
TXN-2013999,legit,,analyst_B,2026-06-22 17:29:27,low
TXN-2010011,legit,,analyst_A,2026-06-22 18:21:45,high
TXN-2014075,legit,,analyst_B,2026-06-22 19:19:40,high
TXN-2019717,legit,,analyst_A,2026-06-22 19:47:49,low
TXN-2018879,legit,,analyst_A,2026-06-22 20:12:55,high
TXN-2014913,legit,,analyst_A,2026-06-22 21:18:48,high
TXN-2018526,legit,,analyst_A,2026-06-23 00:34:46,high
TXN-2000191,legit,,analyst_A,2026-06-23 00:56:39,high
TXN-2006849,legit,,analyst_A,2026-06-23 02:01:12,high
TXN-2001685,legit,,analyst_A,2026-06-23 02:50:07,medium
TXN-2004216,legit,,analyst_A,2026-06-23 02:57:54,medium
TXN-2015365,legit,,analyst_A,2026-06-23 03:43:20,medium
TXN-2008058,legit,,analyst_A,2026-06-23 05:39:38,high
TXN-2008105,legit,,analyst_B,2026-06-23 07:09:36,medium
TXN-2009066,legit,,analyst_B,2026-06-23 07:16:37,medium
TXN-2003202,legit,,analyst_B,2026-06-23 07:50:24,high
TXN-2015565,legit,,analyst_B,2026-06-23 08:15:38,medium
TXN-2024965,fraud,social_engineering,analyst_B,2026-06-23 09:20:39,low
TXN-2000491,legit,,analyst_A,2026-06-23 09:36:39,medium
TXN-2023234,legit,,analyst_B,2026-06-23 09:46:06,medium
TXN-2002375,legit,,analyst_A,2026-06-23 10:12:35,medium
TXN-2013044,legit,,analyst_B,2026-06-23 11:03:42,high
TXN-2016689,legit,,analyst_B,2026-06-23 11:21:33,high
TXN-2010250,legit,,analyst_A,2026-06-23 11:39:23,high
TXN-2014508,legit,,analyst_A,2026-06-23 11:48:33,medium
TXN-2006353,legit,,analyst_A,2026-06-23 11:56:58,low
TXN-2021377,legit,,analyst_A,2026-06-23 12:16:09,low
TXN-2015217,legit,,analyst_A,2026-06-23 12:22:21,high
TXN-2013248,legit,,analyst_B,2026-06-23 12:44:58,medium
TXN-2021765,legit,,analyst_A,2026-06-23 13:27:55,low
TXN-2008200,legit,,analyst_A,2026-06-23 13:50:44,medium
TXN-2009340,legit,,analyst_B,2026-06-23 15:22:37,high
TXN-2000022,legit,,analyst_A,2026-06-23 19:06:12,medium
TXN-2021910,legit,,analyst_B,2026-06-23 19:27:00,high
TXN-2016493,legit,,analyst_B,2026-06-23 19:45:08,medium
TXN-2004124,legit,,analyst_A,2026-06-23 20:04:45,medium
TXN-2000887,legit,,analyst_A,2026-06-23 20:16:01,high
TXN-2008445,legit,,analyst_B,2026-06-23 21:55:59,high
TXN-2006151,legit,,analyst_A,2026-06-24 00:02:16,high
TXN-2022758,legit,,analyst_B,2026-06-24 01:15:46,medium
TXN-2020386,legit,,analyst_A,2026-06-24 01:27:06,medium
TXN-2019844,legit,,analyst_B,2026-06-24 01:42:03,low
TXN-2015515,legit,,analyst_A,2026-06-24 02:24:36,low
TXN-2011691,legit,,analyst_B,2026-06-24 02:47:48,low
TXN-2000135,legit,,analyst_B,2026-06-24 02:55:02,high
TXN-2014025,legit,,analyst_A,2026-06-24 02:55:09,medium
TXN-2023966,legit,,analyst_A,2026-06-24 02:56:40,low
TXN-2009545,legit,,analyst_B,2026-06-24 03:17:35,high
TXN-2022862,legit,,analyst_B,2026-06-24 04:55:46,high
TXN-2003670,legit,,analyst_A,2026-06-24 05:10:36,high
TXN-2015926,legit,,analyst_B,2026-06-24 05:13:29,medium
TXN-2004688,legit,,analyst_B,2026-06-24 05:53:46,low
TXN-2011749,legit,,analyst_B,2026-06-24 06:14:34,medium
TXN-2018931,legit,,analyst_A,2026-06-24 09:43:27,high
TXN-2024011,legit,,analyst_A,2026-06-24 10:29:07,high
TXN-2010638,legit,,analyst_B,2026-06-24 10:41:50,medium
TXN-2007922,legit,,analyst_B,2026-06-24 10:55:33,high
TXN-2013633,legit,,analyst_B,2026-06-24 11:40:15,medium
TXN-2010150,legit,,analyst_A,2026-06-24 11:53:24,high
TXN-2012278,legit,,analyst_B,2026-06-24 12:48:12,medium
TXN-2005710,legit,,analyst_A,2026-06-24 13:37:12,medium
TXN-2011196,legit,,analyst_B,2026-06-24 14:41:39,medium
TXN-2019731,legit,,analyst_B,2026-06-24 14:43:42,high
TXN-2023898,legit,,analyst_A,2026-06-24 14:59:05,high
TXN-2006556,legit,,analyst_B,2026-06-24 15:12:26,high
TXN-2004292,legit,,analyst_B,2026-06-24 16:32:53,high
TXN-2012533,legit,,analyst_A,2026-06-24 16:52:16,medium
TXN-2012633,legit,,analyst_A,2026-06-24 17:25:01,medium
TXN-2018291,legit,,analyst_A,2026-06-24 17:46:44,low
TXN-2002520,legit,,analyst_A,2026-06-24 18:10:05,medium
TXN-2000866,legit,,analyst_B,2026-06-24 20:35:14,high
TXN-2009862,legit,,analyst_A,2026-06-24 21:24:44,medium
TXN-2015676,legit,,analyst_B,2026-06-24 22:49:23,high
TXN-2021079,legit,,analyst_A,2026-06-25 00:09:11,high
TXN-2021874,legit,,analyst_A,2026-06-25 00:32:27,medium
TXN-2011166,legit,,analyst_B,2026-06-25 01:51:35,medium
TXN-2022105,legit,,analyst_B,2026-06-25 01:55:46,high
TXN-2023289,legit,,analyst_A,2026-06-25 03:23:41,high
TXN-2003043,legit,,analyst_B,2026-06-25 03:39:24,high
TXN-2002995,legit,,analyst_A,2026-06-25 03:42:49,medium
TXN-2006183,legit,,analyst_B,2026-06-25 04:12:43,low
TXN-2002141,legit,,analyst_A,2026-06-25 04:47:18,medium
TXN-2018703,legit,,analyst_B,2026-06-25 06:08:57,medium
TXN-2005161,legit,,analyst_B,2026-06-25 07:09:30,high
TXN-2011200,legit,,analyst_B,2026-06-25 07:36:45,medium
TXN-2011522,legit,,analyst_A,2026-06-25 08:00:43,high
TXN-2003783,legit,,analyst_B,2026-06-25 09:13:44,high
TXN-2021656,legit,,analyst_A,2026-06-25 09:17:29,medium
TXN-2013109,legit,,analyst_B,2026-06-25 11:17:28,medium
TXN-2005415,legit,,analyst_A,2026-06-25 11:39:38,high
TXN-2008499,legit,,analyst_B,2026-06-25 12:22:45,high
TXN-2010906,legit,,analyst_A,2026-06-25 12:55:37,medium
TXN-2014907,legit,,analyst_A,2026-06-25 14:03:31,low
TXN-2006649,legit,,analyst_A,2026-06-25 14:43:47,high
TXN-2013949,legit,,analyst_B,2026-06-25 15:43:37,medium
TXN-2003995,legit,,analyst_A,2026-06-25 15:50:33,high
TXN-2016032,legit,,analyst_A,2026-06-25 16:06:52,medium
TXN-2014821,legit,,analyst_B,2026-06-25 18:37:56,medium
TXN-2023576,legit,,analyst_B,2026-06-25 19:28:16,high
TXN-2008102,legit,,analyst_B,2026-06-25 19:58:51,medium
TXN-2023515,legit,,analyst_A,2026-06-25 20:10:23,high
TXN-2020039,legit,,analyst_B,2026-06-25 21:31:10,high
TXN-2014910,legit,,analyst_B,2026-06-25 21:36:36,medium
TXN-2006277,legit,,analyst_A,2026-06-25 22:23:15,low
TXN-2005222,legit,,analyst_B,2026-06-25 22:45:48,medium
TXN-2022720,legit,,analyst_B,2026-06-26 00:57:53,medium
TXN-2005453,legit,,analyst_A,2026-06-26 01:00:09,high
TXN-2014145,legit,,analyst_B,2026-06-26 01:43:36,high
TXN-2001412,legit,,analyst_B,2026-06-26 01:45:01,high
TXN-2003961,legit,,analyst_A,2026-06-26 01:49:25,high
TXN-2009782,legit,,analyst_B,2026-06-26 03:08:01,high
TXN-2024571,legit,,analyst_B,2026-06-26 03:23:12,high
TXN-2001341,legit,,analyst_A,2026-06-26 03:54:18,low
TXN-2006867,legit,,analyst_B,2026-06-26 04:16:55,high
TXN-2010147,legit,,analyst_B,2026-06-26 05:16:56,low
TXN-2004967,legit,,analyst_A,2026-06-26 05:36:26,medium
TXN-2022034,legit,,analyst_B,2026-06-26 06:34:49,high
TXN-2005546,legit,,analyst_A,2026-06-26 08:12:48,high
TXN-2007570,legit,,analyst_A,2026-06-26 08:53:29,medium
TXN-2003844,legit,,analyst_B,2026-06-26 08:53:35,high
TXN-2021897,legit,,analyst_B,2026-06-26 09:28:47,low
TXN-2012833,legit,,analyst_A,2026-06-26 09:59:23,medium
TXN-2010759,legit,,analyst_B,2026-06-26 10:11:14,medium
TXN-2012723,legit,,analyst_A,2026-06-26 11:03:54,medium
TXN-2016036,legit,,analyst_A,2026-06-26 11:09:59,high
TXN-2018266,legit,,analyst_A,2026-06-26 11:17:38,low
TXN-2014517,legit,,analyst_B,2026-06-26 11:34:25,high
TXN-2007296,legit,,analyst_A,2026-06-26 13:56:25,low
TXN-2007879,legit,,analyst_A,2026-06-26 17:24:49,medium
TXN-2004133,legit,,analyst_B,2026-06-26 17:48:59,high
TXN-2005774,legit,,analyst_B,2026-06-26 18:00:08,medium
TXN-2001177,legit,,analyst_A,2026-06-26 18:17:40,high
TXN-2018133,legit,,analyst_B,2026-06-26 20:57:45,low
TXN-2004223,legit,,analyst_A,2026-06-26 21:57:22,medium
TXN-2005694,legit,,analyst_A,2026-06-26 21:57:28,high
TXN-2024175,legit,,analyst_A,2026-06-26 23:04:30,medium
TXN-2018756,legit,,analyst_B,2026-06-27 01:21:55,high
TXN-2002787,legit,,analyst_A,2026-06-27 02:05:12,medium
TXN-2021552,legit,,analyst_A,2026-06-27 04:23:33,high
TXN-2020955,legit,,analyst_B,2026-06-27 04:25:50,low
TXN-2010123,legit,,analyst_B,2026-06-27 04:44:05,medium
TXN-2019801,legit,,analyst_A,2026-06-27 05:42:39,high
TXN-2021468,legit,,analyst_A,2026-06-27 05:59:29,medium
TXN-2017796,legit,,analyst_B,2026-06-27 06:13:08,low
TXN-2013122,legit,,analyst_B,2026-06-27 06:50:12,high
TXN-2018959,legit,,analyst_B,2026-06-27 08:00:46,high
TXN-2004107,legit,,analyst_A,2026-06-27 08:57:55,high
TXN-2016046,legit,,analyst_A,2026-06-27 09:46:41,high
TXN-2001105,legit,,analyst_B,2026-06-27 10:14:48,low
TXN-2024113,legit,,analyst_B,2026-06-27 11:41:14,high
TXN-2003460,legit,,analyst_B,2026-06-27 14:15:30,high
TXN-2016571,legit,,analyst_A,2026-06-27 15:34:44,high
TXN-2018580,legit,,analyst_A,2026-06-27 15:43:32,medium
TXN-2021090,legit,,analyst_B,2026-06-27 16:58:50,high
TXN-2024655,legit,,analyst_B,2026-06-27 17:02:38,high
TXN-2019550,legit,,analyst_A,2026-06-27 17:04:00,high
TXN-2002491,legit,,analyst_B,2026-06-27 17:15:12,low
TXN-2023132,legit,,analyst_B,2026-06-27 17:50:02,low
TXN-2000070,legit,,analyst_A,2026-06-27 18:44:38,low
TXN-2014870,legit,,analyst_A,2026-06-27 20:08:46,low
TXN-2009034,legit,,analyst_B,2026-06-27 20:36:32,high
TXN-2007929,legit,,analyst_B,2026-06-27 21:34:01,high
TXN-2007453,legit,,analyst_A,2026-06-27 21:43:56,high
TXN-2002227,legit,,analyst_B,2026-06-27 21:49:21,low
TXN-2018923,legit,,analyst_A,2026-06-27 22:01:06,low
TXN-2011901,legit,,analyst_B,2026-06-27 22:14:42,medium
TXN-2000268,legit,,analyst_A,2026-06-27 23:16:06,high
TXN-2003747,legit,,analyst_B,2026-06-27 23:16:16,high
TXN-2014254,legit,,analyst_B,2026-06-28 01:07:15,high
TXN-2017264,legit,,analyst_A,2026-06-28 01:23:16,high
TXN-2021839,legit,,analyst_B,2026-06-28 01:40:33,high
TXN-2011150,legit,,analyst_A,2026-06-28 01:56:30,high
TXN-2010090,legit,,analyst_A,2026-06-28 02:09:41,high
TXN-2015058,legit,,analyst_A,2026-06-28 02:23:21,low
TXN-2020950,legit,,analyst_B,2026-06-28 02:33:31,medium
TXN-2006240,legit,,analyst_A,2026-06-28 02:39:41,high
TXN-2024954,legit,,analyst_A,2026-06-28 02:58:46,high
TXN-2003804,legit,,analyst_B,2026-06-28 05:05:03,high
TXN-2014728,legit,,analyst_B,2026-06-28 05:38:28,low
TXN-2010204,legit,,analyst_B,2026-06-28 07:20:00,low
TXN-2004854,legit,,analyst_B,2026-06-28 07:22:38,low
TXN-2003107,legit,,analyst_A,2026-06-28 07:32:07,high
TXN-2002643,legit,,analyst_A,2026-06-28 07:48:10,medium
TXN-2016623,legit,,analyst_A,2026-06-28 08:05:58,high
TXN-2002136,legit,,analyst_B,2026-06-28 08:38:23,medium
TXN-2006094,legit,,analyst_B,2026-06-28 09:22:11,high
TXN-2010646,legit,,analyst_A,2026-06-28 09:40:41,high
TXN-2012259,legit,,analyst_B,2026-06-28 10:17:03,high
TXN-2018675,legit,,analyst_A,2026-06-28 10:56:58,high
TXN-2006396,legit,,analyst_A,2026-06-28 14:36:07,medium
TXN-2012989,legit,,analyst_B,2026-06-28 15:14:39,medium
TXN-2013535,legit,,analyst_A,2026-06-28 15:47:22,high
TXN-2017605,legit,,analyst_B,2026-06-28 15:56:53,low
TXN-2009441,legit,,analyst_A,2026-06-28 18:42:38,low
TXN-2002524,legit,,analyst_B,2026-06-28 18:44:46,medium
TXN-2002278,legit,,analyst_B,2026-06-28 18:54:19,low
TXN-2024341,legit,,analyst_A,2026-06-28 19:40:45,high
TXN-2022525,legit,,analyst_A,2026-06-28 20:17:54,high
TXN-2014047,legit,,analyst_B,2026-06-28 20:58:07,medium
TXN-2024314,legit,,analyst_A,2026-06-28 22:08:11,medium
TXN-2004164,legit,,analyst_A,2026-06-28 22:45:41,high
TXN-2016217,legit,,analyst_B,2026-06-29 00:07:09,low
TXN-2014621,legit,,analyst_B,2026-06-29 02:00:43,low
TXN-2017545,legit,,analyst_A,2026-06-29 02:06:24,medium
TXN-2001540,legit,,analyst_B,2026-06-29 03:47:41,high
TXN-2022585,legit,,analyst_A,2026-06-29 03:50:33,low
TXN-2008212,legit,,analyst_B,2026-06-29 03:53:42,high
TXN-2015492,legit,,analyst_B,2026-06-29 06:39:11,high
TXN-2007939,legit,,analyst_B,2026-06-29 07:07:29,low
TXN-2018424,legit,,analyst_B,2026-06-29 07:57:40,low
TXN-2012723,legit,,analyst_B,2026-06-29 10:03:54,high
TXN-2014673,legit,,analyst_A,2026-06-29 11:46:32,low
TXN-2024269,legit,,analyst_A,2026-06-29 11:52:12,high
TXN-2021747,legit,,analyst_A,2026-06-29 12:07:24,medium
TXN-2002228,legit,,analyst_B,2026-06-29 12:55:30,high
TXN-2009040,legit,,analyst_A,2026-06-29 14:00:27,medium
TXN-2023121,legit,,analyst_A,2026-06-29 14:11:55,low
TXN-2017328,legit,,analyst_B,2026-06-29 15:26:48,low
TXN-2007953,legit,,analyst_A,2026-06-29 17:49:52,medium
TXN-2023761,legit,,analyst_A,2026-06-29 17:57:09,medium
TXN-2019644,legit,,analyst_B,2026-06-29 17:58:05,low
TXN-2013785,legit,,analyst_A,2026-06-29 19:28:15,high
TXN-2014159,legit,,analyst_B,2026-06-29 22:55:24,high
TXN-2009499,legit,,analyst_A,2026-06-29 23:21:11,high
TXN-2021423,legit,,analyst_A,2026-06-30 00:07:14,medium
TXN-2005754,legit,,analyst_B,2026-06-30 00:57:12,low
TXN-2002781,legit,,analyst_A,2026-06-30 01:15:08,low
TXN-2004073,legit,,analyst_A,2026-06-30 01:47:24,low
TXN-2013799,legit,,analyst_A,2026-06-30 02:45:09,high
TXN-2022003,legit,,analyst_B,2026-06-30 04:04:00,low
TXN-2023438,legit,,analyst_A,2026-06-30 04:36:11,medium
TXN-2022971,legit,,analyst_B,2026-06-30 04:48:09,low
TXN-2019092,legit,,analyst_A,2026-06-30 05:19:34,medium
TXN-2013837,legit,,analyst_B,2026-06-30 05:43:41,low
TXN-2005113,legit,,analyst_B,2026-06-30 06:16:35,medium
TXN-2007366,legit,,analyst_A,2026-06-30 08:27:18,high
TXN-2024839,legit,,analyst_A,2026-06-30 11:13:27,medium
TXN-2003471,legit,,analyst_A,2026-06-30 11:44:20,high
TXN-2012606,legit,,analyst_A,2026-06-30 12:33:19,medium
TXN-2004996,legit,,analyst_B,2026-06-30 12:57:43,medium
TXN-2020968,legit,,analyst_B,2026-06-30 14:21:44,low
TXN-2022468,legit,,analyst_B,2026-06-30 15:29:55,medium
TXN-2005471,legit,,analyst_A,2026-06-30 16:16:11,high
TXN-2024074,legit,,analyst_A,2026-06-30 16:29:37,medium
TXN-2005626,legit,,analyst_B,2026-06-30 16:41:42,low
TXN-2012128,legit,,analyst_A,2026-06-30 16:50:26,high
TXN-2023726,legit,,analyst_A,2026-06-30 16:51:58,high
TXN-2003840,legit,,analyst_B,2026-06-30 17:03:22,medium
TXN-2006004,fraud,account_takeover,analyst_A,2026-06-30 17:08:28,high
TXN-2024022,legit,,analyst_B,2026-06-30 18:37:33,low
TXN-2009880,legit,,analyst_B,2026-06-30 21:47:25,high
TXN-2014758,legit,,analyst_A,2026-06-30 22:55:57,high
TXN-2019329,legit,,analyst_B,2026-06-30 23:03:10,medium
TXN-2022095,legit,,analyst_B,2026-06-30 23:22:08,high
TXN-2004866,legit,,analyst_B,2026-06-30 23:30:07,low
TXN-2000928,legit,,analyst_B,2026-07-01 00:29:49,high
TXN-2008209,legit,,analyst_A,2026-07-01 01:07:35,high
TXN-2000483,legit,,analyst_A,2026-07-01 01:14:01,medium
TXN-2014067,legit,,analyst_B,2026-07-01 03:59:23,medium
TXN-2022636,legit,,analyst_B,2026-07-01 05:16:37,high
TXN-2007078,legit,,analyst_A,2026-07-01 05:19:00,low
TXN-2011109,legit,,analyst_B,2026-07-01 07:35:16,medium
TXN-2000823,legit,,analyst_A,2026-07-01 08:08:57,high
TXN-2016697,legit,,analyst_A,2026-07-01 09:11:39,high
TXN-2005800,legit,,analyst_B,2026-07-01 09:17:12,high
TXN-2005730,legit,,analyst_A,2026-07-01 09:26:42,high
TXN-2024256,legit,,analyst_A,2026-07-01 09:34:46,medium
TXN-2013585,legit,,analyst_B,2026-07-01 11:43:23,high
TXN-2007784,legit,,analyst_A,2026-07-01 12:37:46,high
TXN-2019197,legit,,analyst_A,2026-07-01 12:45:34,high
TXN-2019128,legit,,analyst_A,2026-07-01 12:58:44,high
TXN-2010272,legit,,analyst_A,2026-07-01 13:16:45,high
TXN-2011573,legit,,analyst_A,2026-07-01 13:41:21,low
TXN-2001826,legit,,analyst_B,2026-07-01 14:17:19,medium
TXN-2015199,legit,,analyst_A,2026-07-01 14:42:25,medium
TXN-2019128,legit,,analyst_B,2026-07-01 15:58:44,medium
TXN-2008467,legit,,analyst_A,2026-07-01 16:46:05,high
TXN-2021849,legit,,analyst_B,2026-07-01 16:46:40,high
TXN-2021060,legit,,analyst_A,2026-07-01 17:32:20,high
TXN-2011906,legit,,analyst_A,2026-07-01 18:04:04,high
TXN-2004713,legit,,analyst_B,2026-07-01 18:12:59,medium
TXN-2022194,legit,,analyst_A,2026-07-01 20:20:33,medium
TXN-2008467,legit,,analyst_B,2026-07-01 20:46:05,medium
TXN-2012526,legit,,analyst_B,2026-07-01 21:46:52,low
TXN-2009951,legit,,analyst_A,2026-07-01 22:05:13,low
TXN-2019133,legit,,analyst_B,2026-07-01 23:58:21,high
TXN-2015511,legit,,analyst_A,2026-07-01 23:59:49,low
TXN-2018871,legit,,analyst_A,2026-07-02 00:28:31,high
TXN-2010075,legit,,analyst_A,2026-07-02 00:47:15,medium
TXN-2003388,legit,,analyst_A,2026-07-02 03:09:56,high
TXN-2000514,legit,,analyst_B,2026-07-02 03:16:39,high
TXN-2021659,legit,,analyst_B,2026-07-02 03:32:41,low
TXN-2018755,legit,,analyst_B,2026-07-02 05:19:51,low
TXN-2002549,legit,,analyst_A,2026-07-02 05:56:21,medium
TXN-2019343,legit,,analyst_A,2026-07-02 06:32:50,medium
TXN-2022259,legit,,analyst_A,2026-07-02 08:46:53,high
TXN-2003056,legit,,analyst_B,2026-07-02 09:20:06,low
TXN-2008223,legit,,analyst_A,2026-07-02 11:34:03,high
TXN-2015193,legit,,analyst_B,2026-07-02 11:58:58,medium
TXN-2006270,legit,,analyst_A,2026-07-02 12:48:15,high
TXN-2019550,legit,,analyst_B,2026-07-02 13:04:00,medium
TXN-2001647,legit,,analyst_B,2026-07-02 13:29:57,medium
TXN-2017927,legit,,analyst_B,2026-07-02 13:57:46,medium
TXN-2006919,legit,,analyst_A,2026-07-02 14:46:46,high
TXN-2018669,legit,,analyst_A,2026-07-02 16:14:36,medium
TXN-2014192,legit,,analyst_B,2026-07-02 16:59:44,high
TXN-2015356,legit,,analyst_B,2026-07-02 17:31:14,low
TXN-2003408,legit,,analyst_A,2026-07-02 18:43:06,medium
TXN-2001443,legit,,analyst_B,2026-07-02 18:48:30,high
TXN-2024759,legit,,analyst_B,2026-07-02 19:53:25,medium
TXN-2022915,legit,,analyst_A,2026-07-02 20:22:40,low
TXN-2018338,legit,,analyst_B,2026-07-02 22:15:40,high
TXN-2023448,legit,,analyst_A,2026-07-02 23:06:23,high
TXN-2024394,legit,,analyst_B,2026-07-02 23:50:47,high
TXN-2014342,legit,,analyst_A,2026-07-03 00:04:43,high
TXN-2009864,legit,,analyst_B,2026-07-03 02:34:40,medium
TXN-2022932,legit,,analyst_B,2026-07-03 02:43:01,low
TXN-2011771,legit,,analyst_B,2026-07-03 03:01:57,medium
TXN-2011710,legit,,analyst_B,2026-07-03 03:07:39,high
TXN-2002785,legit,,analyst_A,2026-07-03 03:13:35,high
TXN-2016499,legit,,analyst_A,2026-07-03 04:57:30,low
TXN-2007093,legit,,analyst_B,2026-07-03 05:08:11,high
TXN-2007379,legit,,analyst_A,2026-07-03 06:55:02,medium
TXN-2013146,legit,,analyst_A,2026-07-03 11:47:32,high
TXN-2016771,legit,,analyst_A,2026-07-03 12:25:05,high
TXN-2003417,legit,,analyst_A,2026-07-03 12:37:48,high
TXN-2013624,legit,,analyst_B,2026-07-03 13:45:58,low
TXN-2011572,legit,,analyst_B,2026-07-03 13:59:46,high
TXN-2004266,legit,,analyst_A,2026-07-03 14:33:21,medium
TXN-2024177,legit,,analyst_B,2026-07-03 15:35:32,high
TXN-2014143,legit,,analyst_A,2026-07-03 15:39:25,low
TXN-2000757,legit,,analyst_B,2026-07-03 15:46:02,high
TXN-2023194,legit,,analyst_B,2026-07-03 16:21:11,high
TXN-2018592,legit,,analyst_A,2026-07-03 17:18:32,medium
TXN-2011234,legit,,analyst_A,2026-07-03 18:11:54,low
TXN-2004574,legit,,analyst_A,2026-07-03 18:23:59,high
TXN-2007523,legit,,analyst_B,2026-07-03 18:33:31,medium
TXN-2006498,legit,,analyst_B,2026-07-03 19:10:24,medium
TXN-2016586,legit,,analyst_A,2026-07-03 19:19:49,medium
TXN-2023192,legit,,analyst_B,2026-07-03 21:04:54,high
TXN-2023321,legit,,analyst_B,2026-07-03 23:51:59,high
TXN-2012285,legit,,analyst_A,2026-07-04 00:01:48,high
TXN-2024084,legit,,analyst_A,2026-07-04 00:45:57,medium
TXN-2017753,legit,,analyst_B,2026-07-04 01:43:53,high
TXN-2004354,legit,,analyst_B,2026-07-04 02:22:56,medium
TXN-2022769,legit,,analyst_A,2026-07-04 02:58:43,medium
TXN-2000963,legit,,analyst_B,2026-07-04 03:19:53,high
TXN-2010625,legit,,analyst_B,2026-07-04 03:55:20,high
TXN-2001192,legit,,analyst_B,2026-07-04 04:18:46,low
TXN-2012730,legit,,analyst_B,2026-07-04 04:45:14,high
TXN-2021312,legit,,analyst_B,2026-07-04 06:25:32,high
TXN-2014161,legit,,analyst_A,2026-07-04 06:29:52,medium
TXN-2019075,legit,,analyst_A,2026-07-04 06:47:57,medium
TXN-2007875,legit,,analyst_B,2026-07-04 08:29:47,high
TXN-2001947,legit,,analyst_B,2026-07-04 08:32:12,low
TXN-2004192,legit,,analyst_A,2026-07-04 09:55:40,high
TXN-2023383,legit,,analyst_A,2026-07-04 12:01:54,high
TXN-2003280,legit,,analyst_A,2026-07-04 13:19:46,medium
TXN-2020129,legit,,analyst_A,2026-07-04 13:22:06,medium
TXN-2021264,legit,,analyst_B,2026-07-04 13:54:09,high
TXN-2008615,legit,,analyst_B,2026-07-04 14:49:31,medium
TXN-2023894,legit,,analyst_B,2026-07-04 15:47:40,medium
TXN-2018660,legit,,analyst_A,2026-07-04 16:56:07,medium
TXN-2018266,legit,,analyst_B,2026-07-04 17:17:38,medium
TXN-2023064,legit,,analyst_A,2026-07-04 18:51:42,medium
TXN-2017832,legit,,analyst_A,2026-07-04 19:17:45,medium
TXN-2006837,legit,,analyst_A,2026-07-04 20:19:13,low
TXN-2022122,legit,,analyst_B,2026-07-04 20:20:21,medium
TXN-2020664,legit,,analyst_A,2026-07-04 21:00:24,low
TXN-2005155,legit,,analyst_B,2026-07-04 21:08:05,low
TXN-2004231,legit,,analyst_B,2026-07-04 21:30:44,medium
TXN-2010177,legit,,analyst_B,2026-07-04 22:08:43,medium
TXN-2023083,legit,,analyst_A,2026-07-05 02:01:06,high
TXN-2007436,legit,,analyst_B,2026-07-05 02:53:57,low
TXN-2000032,legit,,analyst_B,2026-07-05 03:03:17,high
TXN-2018257,legit,,analyst_A,2026-07-05 05:12:38,low
TXN-2005170,legit,,analyst_A,2026-07-05 07:59:12,medium
TXN-2013313,legit,,analyst_B,2026-07-05 08:18:01,low
TXN-2008181,legit,,analyst_B,2026-07-05 09:08:47,medium
TXN-2013289,legit,,analyst_B,2026-07-05 10:23:13,low
TXN-2006171,legit,,analyst_A,2026-07-05 11:02:36,medium
TXN-2002378,legit,,analyst_B,2026-07-05 11:33:25,medium
TXN-2002991,legit,,analyst_B,2026-07-05 11:47:28,low
TXN-2016990,legit,,analyst_A,2026-07-05 12:27:34,high
TXN-2010634,legit,,analyst_A,2026-07-05 13:17:17,medium
TXN-2021188,legit,,analyst_B,2026-07-05 14:00:58,high
TXN-2016385,legit,,analyst_A,2026-07-05 14:26:26,medium
TXN-2014013,legit,,analyst_B,2026-07-05 16:39:17,medium
TXN-2024467,legit,,analyst_B,2026-07-05 18:07:29,high
TXN-2012513,legit,,analyst_B,2026-07-05 19:32:16,medium
TXN-2001348,legit,,analyst_B,2026-07-05 19:47:01,high
TXN-2022240,legit,,analyst_A,2026-07-05 20:04:51,medium
TXN-2024625,legit,,analyst_A,2026-07-05 21:30:56,medium
TXN-2006675,legit,,analyst_A,2026-07-05 21:56:00,high
TXN-2012289,legit,,analyst_B,2026-07-05 21:56:17,low
TXN-2000560,legit,,analyst_B,2026-07-05 22:57:13,high
TXN-2019276,legit,,analyst_A,2026-07-05 23:07:06,low
TXN-2022513,legit,,analyst_A,2026-07-05 23:15:36,medium
TXN-2020934,legit,,analyst_A,2026-07-05 23:43:01,medium
TXN-2024285,legit,,analyst_B,2026-07-06 00:27:17,low
TXN-2021782,legit,,analyst_A,2026-07-06 00:50:56,low
TXN-2020756,legit,,analyst_B,2026-07-06 00:56:36,low
TXN-2019767,legit,,analyst_A,2026-07-06 00:56:43,low
TXN-2012120,legit,,analyst_B,2026-07-06 02:24:51,low
TXN-2015629,legit,,analyst_A,2026-07-06 03:13:40,medium
TXN-2009581,legit,,analyst_A,2026-07-06 04:47:06,medium
TXN-2013316,legit,,analyst_B,2026-07-06 05:07:41,low
TXN-2000478,legit,,analyst_B,2026-07-06 05:41:25,medium
TXN-2007169,legit,,analyst_A,2026-07-06 06:15:35,high
TXN-2010426,legit,,analyst_A,2026-07-06 07:05:28,high
TXN-2011195,legit,,analyst_B,2026-07-06 07:33:36,high
TXN-2000530,legit,,analyst_A,2026-07-06 08:08:27,medium
TXN-2008960,legit,,analyst_A,2026-07-06 08:10:06,high
TXN-2012927,legit,,analyst_A,2026-07-06 09:27:59,medium
TXN-2012987,legit,,analyst_B,2026-07-06 10:33:43,high
TXN-2013896,legit,,analyst_A,2026-07-06 10:47:45,medium
TXN-2016762,legit,,analyst_B,2026-07-06 11:25:38,low
TXN-2004939,legit,,analyst_B,2026-07-06 14:29:24,low
TXN-2013866,legit,,analyst_B,2026-07-06 14:33:10,low
TXN-2010873,legit,,analyst_A,2026-07-06 14:55:51,high
TXN-2009641,legit,,analyst_B,2026-07-06 17:45:27,high
TXN-2013261,legit,,analyst_A,2026-07-06 18:28:52,high
TXN-2005536,legit,,analyst_A,2026-07-06 19:23:51,medium
TXN-2004384,legit,,analyst_A,2026-07-06 19:46:25,medium
TXN-2008592,legit,,analyst_A,2026-07-06 20:29:58,low
TXN-2000848,legit,,analyst_A,2026-07-06 20:50:22,high
TXN-2024558,legit,,analyst_A,2026-07-06 22:12:57,medium
TXN-2015967,legit,,analyst_B,2026-07-06 22:41:21,medium
TXN-2018775,legit,,analyst_B,2026-07-06 23:40:46,high
TXN-2023412,legit,,analyst_A,2026-07-07 04:12:07,high
TXN-2016172,legit,,analyst_B,2026-07-07 04:38:12,medium
TXN-2014311,legit,,analyst_A,2026-07-07 05:55:09,low
TXN-2015038,legit,,analyst_B,2026-07-07 06:08:15,low
TXN-2020368,legit,,analyst_A,2026-07-07 08:12:08,low
TXN-2009546,legit,,analyst_A,2026-07-07 08:35:01,low
TXN-2021985,legit,,analyst_A,2026-07-07 08:56:36,medium
TXN-2003111,legit,,analyst_A,2026-07-07 09:18:09,high
TXN-2021816,legit,,analyst_B,2026-07-07 09:37:38,low
TXN-2010503,legit,,analyst_B,2026-07-07 09:47:24,medium
TXN-2021358,legit,,analyst_A,2026-07-07 09:58:19,low
TXN-2022630,legit,,analyst_B,2026-07-07 09:59:33,medium
TXN-2011253,legit,,analyst_A,2026-07-07 10:13:35,high
TXN-2012855,legit,,analyst_B,2026-07-07 11:28:55,high
TXN-2018683,legit,,analyst_B,2026-07-07 11:30:00,high
TXN-2024957,legit,,analyst_B,2026-07-07 11:51:49,medium
TXN-2023352,legit,,analyst_B,2026-07-07 12:34:42,medium
TXN-2019217,legit,,analyst_A,2026-07-07 12:41:53,high
TXN-2007020,legit,,analyst_A,2026-07-07 16:24:09,high
TXN-2013032,legit,,analyst_A,2026-07-07 16:29:41,medium
TXN-2012096,legit,,analyst_A,2026-07-07 17:12:19,medium
TXN-2024757,legit,,analyst_A,2026-07-07 18:21:09,medium
TXN-2013526,legit,,analyst_B,2026-07-07 18:25:20,medium
TXN-2013614,legit,,analyst_B,2026-07-07 18:56:47,low
TXN-2018456,legit,,analyst_A,2026-07-07 19:37:55,medium
TXN-2002331,legit,,analyst_A,2026-07-07 19:55:07,high
TXN-2008300,legit,,analyst_B,2026-07-07 20:30:48,low
TXN-2007720,legit,,analyst_B,2026-07-07 20:55:56,high
TXN-2024990,legit,,analyst_A,2026-07-07 21:18:12,medium
TXN-2005627,legit,,analyst_B,2026-07-08 02:18:20,high
TXN-2024915,legit,,analyst_A,2026-07-08 02:19:29,high
TXN-2018504,legit,,analyst_A,2026-07-08 02:24:09,high
TXN-2013917,legit,,analyst_B,2026-07-08 02:30:31,medium
TXN-2019999,legit,,analyst_B,2026-07-08 02:37:48,medium
TXN-2006603,legit,,analyst_A,2026-07-08 03:11:46,high
TXN-2014906,legit,,analyst_B,2026-07-08 03:32:56,high
TXN-2024197,legit,,analyst_A,2026-07-08 04:26:01,low
TXN-2002064,fraud,social_engineering,analyst_A,2026-07-08 04:38:10,low
TXN-2015590,legit,,analyst_A,2026-07-08 06:57:23,high
TXN-2018581,legit,,analyst_B,2026-07-08 07:40:32,medium
TXN-2014070,legit,,analyst_A,2026-07-08 08:41:14,high
TXN-2019401,legit,,analyst_A,2026-07-08 08:54:51,medium
TXN-2015229,legit,,analyst_A,2026-07-08 09:01:52,high
TXN-2002804,legit,,analyst_A,2026-07-08 09:14:10,high
TXN-2008690,legit,,analyst_B,2026-07-08 09:15:14,high
TXN-2009796,legit,,analyst_B,2026-07-08 09:54:04,high
TXN-2018690,legit,,analyst_A,2026-07-08 11:08:51,high
TXN-2015536,legit,,analyst_B,2026-07-08 11:32:35,low
TXN-2023881,legit,,analyst_A,2026-07-08 11:50:58,high
TXN-2006245,legit,,analyst_A,2026-07-08 12:51:14,low
TXN-2021232,legit,,analyst_A,2026-07-08 14:14:44,low
TXN-2005279,legit,,analyst_A,2026-07-08 14:50:14,low
TXN-2001137,legit,,analyst_A,2026-07-08 15:19:52,medium
TXN-2020469,legit,,analyst_B,2026-07-08 17:17:03,medium
TXN-2005073,legit,,analyst_A,2026-07-08 18:17:11,medium
TXN-2009286,legit,,analyst_B,2026-07-08 18:37:54,medium
TXN-2021360,legit,,analyst_A,2026-07-08 20:15:56,high
TXN-2020549,legit,,analyst_A,2026-07-08 20:39:01,high
TXN-2006954,legit,,analyst_A,2026-07-08 21:45:59,low
TXN-2020822,legit,,analyst_B,2026-07-08 22:20:02,medium
TXN-2006427,legit,,analyst_A,2026-07-08 22:44:08,high
TXN-2021640,legit,,analyst_A,2026-07-09 00:22:42,high
TXN-2002259,legit,,analyst_B,2026-07-09 00:32:41,medium
TXN-2003439,legit,,analyst_A,2026-07-09 01:18:41,low
TXN-2017065,legit,,analyst_B,2026-07-09 03:16:07,medium
TXN-2012359,legit,,analyst_B,2026-07-09 04:05:13,medium
TXN-2020379,legit,,analyst_B,2026-07-09 04:06:16,low
TXN-2002874,legit,,analyst_B,2026-07-09 04:10:24,high
TXN-2003339,legit,,analyst_A,2026-07-09 04:57:59,medium
TXN-2017939,legit,,analyst_A,2026-07-09 05:58:33,high
TXN-2014248,legit,,analyst_B,2026-07-09 06:07:14,medium
TXN-2019071,legit,,analyst_A,2026-07-09 06:37:20,high
TXN-2023717,legit,,analyst_B,2026-07-09 07:17:40,medium
TXN-2024754,legit,,analyst_B,2026-07-09 07:20:15,medium
TXN-2014493,legit,,analyst_B,2026-07-09 08:05:50,low
TXN-2002024,legit,,analyst_A,2026-07-09 09:26:23,medium
TXN-2002629,legit,,analyst_A,2026-07-09 11:07:56,medium
TXN-2021652,legit,,analyst_A,2026-07-09 11:22:25,low
TXN-2002615,legit,,analyst_B,2026-07-09 12:26:42,high
TXN-2015967,legit,,analyst_A,2026-07-09 15:41:21,high
TXN-2017018,legit,,analyst_A,2026-07-09 16:42:16,high
TXN-2020209,legit,,analyst_B,2026-07-09 17:09:36,medium
TXN-2005545,legit,,analyst_B,2026-07-09 17:22:26,medium
TXN-2014827,legit,,analyst_B,2026-07-09 18:00:11,high
TXN-2022737,legit,,analyst_A,2026-07-09 21:27:49,medium
TXN-2015928,legit,,analyst_A,2026-07-09 23:31:21,low
TXN-2012483,legit,,analyst_A,2026-07-10 00:49:16,high
TXN-2021702,legit,,analyst_B,2026-07-10 01:12:03,low
TXN-2012757,legit,,analyst_B,2026-07-10 02:35:47,medium
TXN-2004842,legit,,analyst_B,2026-07-10 03:08:15,medium
TXN-2011601,legit,,analyst_B,2026-07-10 03:24:44,low
TXN-2019286,legit,,analyst_A,2026-07-10 04:15:08,high
TXN-2024711,legit,,analyst_A,2026-07-10 05:15:12,high
TXN-2008853,legit,,analyst_B,2026-07-10 05:19:38,medium
TXN-2005786,legit,,analyst_B,2026-07-10 06:08:26,high
TXN-2020011,legit,,analyst_A,2026-07-10 08:14:03,high
TXN-2006104,legit,,analyst_B,2026-07-10 09:07:00,low
TXN-2022310,legit,,analyst_A,2026-07-10 09:14:03,medium
TXN-2001289,legit,,analyst_A,2026-07-10 11:37:53,high
TXN-2006937,legit,,analyst_B,2026-07-10 12:09:35,medium
TXN-2004514,legit,,analyst_B,2026-07-10 12:10:12,medium
TXN-2001894,legit,,analyst_A,2026-07-10 12:27:14,high
TXN-2014069,legit,,analyst_A,2026-07-10 12:49:00,high
TXN-2013205,legit,,analyst_B,2026-07-10 16:26:49,medium
TXN-2004382,legit,,analyst_A,2026-07-10 17:26:42,high
TXN-2006836,legit,,analyst_A,2026-07-10 17:32:55,high
TXN-2018043,legit,,analyst_B,2026-07-10 18:23:39,low
TXN-2013547,legit,,analyst_A,2026-07-10 19:37:54,medium
TXN-2021789,legit,,analyst_B,2026-07-10 20:24:54,high
TXN-2012091,legit,,analyst_A,2026-07-10 20:58:45,high
TXN-2010589,legit,,analyst_B,2026-07-10 21:45:17,high
TXN-2019856,legit,,analyst_A,2026-07-10 22:35:51,low
TXN-2008837,legit,,analyst_B,2026-07-10 22:36:49,medium
TXN-2011521,legit,,analyst_A,2026-07-11 00:22:59,medium
TXN-2014966,legit,,analyst_B,2026-07-11 02:03:13,medium
TXN-2017078,legit,,analyst_B,2026-07-11 02:47:29,medium
TXN-2000821,legit,,analyst_A,2026-07-11 02:55:21,medium
TXN-2020756,legit,,analyst_A,2026-07-11 02:56:36,high
TXN-2007759,legit,,analyst_B,2026-07-11 04:39:56,high
TXN-2024134,legit,,analyst_A,2026-07-11 05:50:40,high
TXN-2012413,legit,,analyst_B,2026-07-11 06:09:16,low
TXN-2018016,legit,,analyst_B,2026-07-11 06:22:11,low
TXN-2022564,legit,,analyst_A,2026-07-11 07:55:11,medium
TXN-2016882,legit,,analyst_B,2026-07-11 08:02:54,medium
TXN-2015476,legit,,analyst_A,2026-07-11 08:50:11,low
TXN-2020379,legit,,analyst_A,2026-07-11 10:06:16,low
TXN-2015559,legit,,analyst_B,2026-07-11 11:21:09,high
TXN-2023424,legit,,analyst_B,2026-07-11 11:38:27,medium
TXN-2019966,legit,,analyst_A,2026-07-11 12:35:46,medium
TXN-2010586,legit,,analyst_A,2026-07-11 13:43:38,high
TXN-2018711,legit,,analyst_B,2026-07-11 14:01:22,medium
TXN-2019095,legit,,analyst_B,2026-07-11 14:57:54,high
TXN-2024152,legit,,analyst_A,2026-07-11 17:01:55,low
TXN-2023673,legit,,analyst_B,2026-07-11 18:24:30,medium
TXN-2024439,legit,,analyst_A,2026-07-11 18:34:15,high
TXN-2012375,legit,,analyst_A,2026-07-11 19:15:20,high
TXN-2004989,legit,,analyst_A,2026-07-11 19:18:07,medium
TXN-2018258,legit,,analyst_B,2026-07-11 19:39:12,medium
TXN-2010754,legit,,analyst_B,2026-07-11 20:01:56,high
TXN-2007224,legit,,analyst_A,2026-07-11 20:23:53,low
TXN-2003810,legit,,analyst_B,2026-07-11 20:41:02,high
TXN-2022520,legit,,analyst_A,2026-07-11 22:12:50,medium
TXN-2004669,legit,,analyst_A,2026-07-11 23:46:44,medium
TXN-2019480,legit,,analyst_A,2026-07-11 23:54:52,medium
TXN-2008891,legit,,analyst_A,2026-07-12 00:49:13,medium
TXN-2000156,legit,,analyst_A,2026-07-12 01:18:04,medium
TXN-2009907,legit,,analyst_A,2026-07-12 01:52:48,high
TXN-2019725,legit,,analyst_A,2026-07-12 02:11:23,medium
TXN-2019599,legit,,analyst_B,2026-07-12 04:06:42,medium
TXN-2017264,legit,,analyst_B,2026-07-12 04:23:16,medium
TXN-2003959,legit,,analyst_A,2026-07-12 05:09:17,high
TXN-2003377,legit,,analyst_A,2026-07-12 05:22:13,medium
TXN-2008061,legit,,analyst_A,2026-07-12 05:25:30,medium
TXN-2009740,legit,,analyst_A,2026-07-12 05:25:35,medium
TXN-2012707,legit,,analyst_B,2026-07-12 05:37:52,high
TXN-2023930,legit,,analyst_B,2026-07-12 05:43:18,low
TXN-2013234,legit,,analyst_A,2026-07-12 06:34:14,high
TXN-2020760,legit,,analyst_A,2026-07-12 07:09:22,medium
TXN-2004617,legit,,analyst_A,2026-07-12 08:03:40,medium
TXN-2000482,legit,,analyst_B,2026-07-12 09:37:06,high
TXN-2014811,legit,,analyst_A,2026-07-12 10:20:06,high
TXN-2024696,legit,,analyst_A,2026-07-12 10:45:36,low
TXN-2002412,legit,,analyst_A,2026-07-12 11:02:36,medium
TXN-2000506,legit,,analyst_B,2026-07-12 11:48:05,medium
TXN-2024412,legit,,analyst_A,2026-07-12 11:50:27,high
TXN-2006656,legit,,analyst_A,2026-07-12 12:25:50,high
TXN-2007691,legit,,analyst_A,2026-07-12 12:39:08,low
TXN-2002201,legit,,analyst_B,2026-07-12 15:33:36,high
TXN-2002520,legit,,analyst_B,2026-07-12 18:10:05,high
TXN-2003626,legit,,analyst_A,2026-07-12 18:20:37,medium
TXN-2021377,legit,,analyst_B,2026-07-12 19:16:09,low
TXN-2004364,legit,,analyst_A,2026-07-12 21:45:24,medium
TXN-2014827,legit,,analyst_A,2026-07-12 23:00:11,high
TXN-2011272,legit,,analyst_A,2026-07-13 00:01:39,high
TXN-2001582,legit,,analyst_B,2026-07-13 00:12:19,low
TXN-2014576,legit,,analyst_A,2026-07-13 00:26:43,low
TXN-2009651,legit,,analyst_A,2026-07-13 00:41:08,medium
TXN-2009963,legit,,analyst_A,2026-07-13 01:18:36,high
TXN-2005521,legit,,analyst_B,2026-07-13 03:38:39,high
TXN-2006740,legit,,analyst_B,2026-07-13 04:41:37,high
TXN-2000044,legit,,analyst_A,2026-07-13 05:21:03,high
TXN-2008615,legit,,analyst_A,2026-07-13 05:49:31,medium
TXN-2020662,legit,,analyst_A,2026-07-13 06:06:23,medium
TXN-2002106,legit,,analyst_A,2026-07-13 07:58:19,high
TXN-2006047,fraud,account_takeover,analyst_B,2026-07-13 09:00:05,medium
TXN-2016400,legit,,analyst_A,2026-07-13 09:29:46,high
TXN-2002521,legit,,analyst_A,2026-07-13 10:08:21,low
TXN-2023199,legit,,analyst_B,2026-07-13 12:24:34,low
TXN-2007940,legit,,analyst_A,2026-07-13 16:38:05,high
TXN-2002233,legit,,analyst_A,2026-07-13 16:39:46,high
TXN-2000773,legit,,analyst_A,2026-07-13 16:40:33,medium
TXN-2014748,legit,,analyst_A,2026-07-13 18:42:48,low
TXN-2011419,legit,,analyst_A,2026-07-13 18:58:29,medium
TXN-2016428,legit,,analyst_B,2026-07-13 22:49:31,medium
TXN-2020438,legit,,analyst_B,2026-07-14 00:29:17,high
TXN-2007734,legit,,analyst_B,2026-07-14 00:59:25,low
TXN-2011695,legit,,analyst_B,2026-07-14 04:05:19,medium
TXN-2005445,legit,,analyst_B,2026-07-14 04:27:13,medium
TXN-2006764,legit,,analyst_A,2026-07-14 04:36:43,medium
TXN-2022265,legit,,analyst_B,2026-07-14 05:21:32,medium
TXN-2002598,legit,,analyst_B,2026-07-14 08:22:01,medium
TXN-2011897,legit,,analyst_B,2026-07-14 08:22:53,low
TXN-2007235,legit,,analyst_B,2026-07-14 08:53:12,low
TXN-2004893,legit,,analyst_A,2026-07-14 08:53:19,medium
TXN-2003573,legit,,analyst_A,2026-07-14 09:02:32,medium
TXN-2016607,legit,,analyst_A,2026-07-14 09:06:39,high
TXN-2019614,legit,,analyst_A,2026-07-14 11:02:28,high
TXN-2005178,legit,,analyst_B,2026-07-14 11:18:48,low
TXN-2016538,legit,,analyst_A,2026-07-14 14:48:29,medium
TXN-2005681,legit,,analyst_A,2026-07-14 14:52:48,low
TXN-2021665,legit,,analyst_A,2026-07-14 16:05:23,low
TXN-2004588,legit,,analyst_B,2026-07-14 18:15:45,high
TXN-2021971,legit,,analyst_A,2026-07-14 20:27:55,high
TXN-2012089,legit,,analyst_A,2026-07-14 21:01:05,high
TXN-2011098,legit,,analyst_B,2026-07-15 02:38:24,low
TXN-2001025,legit,,analyst_B,2026-07-15 03:01:30,low
TXN-2007348,legit,,analyst_B,2026-07-15 06:22:40,high
TXN-2009952,legit,,analyst_A,2026-07-15 06:25:53,high
TXN-2023004,legit,,analyst_A,2026-07-15 07:53:19,high
TXN-2005330,legit,,analyst_A,2026-07-15 08:34:55,high
TXN-2001979,legit,,analyst_A,2026-07-15 09:05:10,high
TXN-2012472,legit,,analyst_B,2026-07-15 09:16:15,high
TXN-2023609,legit,,analyst_B,2026-07-15 10:03:51,high
TXN-2005642,legit,,analyst_B,2026-07-15 10:31:50,high
TXN-2001144,legit,,analyst_A,2026-07-15 11:20:42,high
TXN-2005457,legit,,analyst_B,2026-07-15 12:16:17,high
TXN-2018115,legit,,analyst_A,2026-07-15 13:20:22,high
TXN-2021000,legit,,analyst_A,2026-07-15 13:53:09,medium
TXN-2002064,legit,,analyst_B,2026-07-15 15:38:10,low
TXN-2018105,legit,,analyst_A,2026-07-15 15:59:10,high
TXN-2018794,legit,,analyst_B,2026-07-15 16:30:46,high
TXN-2001359,legit,,analyst_B,2026-07-15 17:56:56,medium
TXN-2023979,legit,,analyst_A,2026-07-15 18:23:20,medium
TXN-2014388,legit,,analyst_B,2026-07-15 19:08:58,low
TXN-2012637,legit,,analyst_A,2026-07-15 19:16:02,low
TXN-2001074,legit,,analyst_B,2026-07-15 19:21:36,low
TXN-2015536,legit,,analyst_A,2026-07-15 19:32:35,medium
TXN-2005828,legit,,analyst_B,2026-07-15 19:51:06,medium
TXN-2001072,legit,,analyst_B,2026-07-15 19:55:25,high
TXN-2012493,legit,,analyst_A,2026-07-15 20:16:14,low
TXN-2023322,legit,,analyst_B,2026-07-15 22:09:17,high
TXN-2004733,legit,,analyst_B,2026-07-15 22:16:14,high
TXN-2005703,legit,,analyst_A,2026-07-16 00:33:07,high
TXN-2009286,legit,,analyst_A,2026-07-16 00:37:54,high
TXN-2006726,legit,,analyst_A,2026-07-16 00:41:22,low
TXN-2018224,legit,,analyst_A,2026-07-16 01:55:25,medium
TXN-2008040,legit,,analyst_B,2026-07-16 03:08:40,high
TXN-2003320,legit,,analyst_A,2026-07-16 05:48:22,medium
TXN-2012882,legit,,analyst_B,2026-07-16 06:19:01,medium
TXN-2010329,legit,,analyst_A,2026-07-16 06:52:47,low
TXN-2022118,legit,,analyst_B,2026-07-16 07:34:49,medium
TXN-2003189,legit,,analyst_A,2026-07-16 09:10:01,low
TXN-2021704,legit,,analyst_B,2026-07-16 10:42:03,high
TXN-2010641,legit,,analyst_A,2026-07-16 12:55:12,medium
TXN-2021687,legit,,analyst_A,2026-07-16 13:16:36,low
TXN-2021593,legit,,analyst_A,2026-07-16 13:17:27,medium
TXN-2001956,legit,,analyst_B,2026-07-16 13:25:58,high
TXN-2023488,legit,,analyst_B,2026-07-16 15:06:43,low
TXN-2009743,legit,,analyst_B,2026-07-16 15:38:37,medium
TXN-2011593,legit,,analyst_A,2026-07-16 15:40:45,high
TXN-2021703,legit,,analyst_A,2026-07-16 15:52:04,low
TXN-2017112,legit,,analyst_B,2026-07-16 17:25:09,high
TXN-2012028,legit,,analyst_A,2026-07-16 17:45:14,medium
TXN-2003783,legit,,analyst_A,2026-07-16 18:13:44,medium
TXN-2011252,legit,,analyst_A,2026-07-16 21:42:35,medium
TXN-2014095,legit,,analyst_A,2026-07-16 22:00:20,medium
TXN-2016502,legit,,analyst_A,2026-07-16 23:01:14,low
TXN-2017729,legit,,analyst_A,2026-07-16 23:24:00,medium
TXN-2007283,legit,,analyst_A,2026-07-16 23:32:18,low
TXN-2012386,legit,,analyst_A,2026-07-16 23:56:19,medium
TXN-2000738,legit,,analyst_A,2026-07-17 02:36:14,medium
TXN-2001082,legit,,analyst_A,2026-07-17 02:48:21,high
TXN-2014461,legit,,analyst_A,2026-07-17 03:49:54,high
TXN-2014461,legit,,analyst_B,2026-07-17 03:49:54,high
TXN-2003438,legit,,analyst_B,2026-07-17 04:05:53,high
TXN-2011303,legit,,analyst_B,2026-07-17 04:10:51,medium
TXN-2021434,legit,,analyst_B,2026-07-17 06:07:08,high
TXN-2003453,legit,,analyst_A,2026-07-17 08:10:41,low
TXN-2014121,legit,,analyst_B,2026-07-17 08:12:29,medium
TXN-2018900,legit,,analyst_A,2026-07-17 08:23:11,medium
TXN-2007118,legit,,analyst_A,2026-07-17 08:46:22,medium
TXN-2005013,legit,,analyst_A,2026-07-17 11:29:34,low
TXN-2009817,legit,,analyst_B,2026-07-17 11:37:56,high
TXN-2000385,legit,,analyst_A,2026-07-17 13:08:33,medium
TXN-2012215,legit,,analyst_A,2026-07-17 13:13:22,medium
TXN-2018315,legit,,analyst_B,2026-07-17 13:32:14,high
TXN-2022193,legit,,analyst_B,2026-07-17 15:50:00,medium
TXN-2016770,legit,,analyst_A,2026-07-17 16:52:57,medium
TXN-2007694,legit,,analyst_A,2026-07-17 17:55:02,medium
TXN-2005918,legit,,analyst_A,2026-07-17 20:58:59,medium
TXN-2017112,legit,,analyst_A,2026-07-17 21:25:09,high
TXN-2019458,legit,,analyst_B,2026-07-17 21:33:14,medium
TXN-2024932,legit,,analyst_B,2026-07-17 21:39:17,high
TXN-2010176,legit,,analyst_B,2026-07-17 22:02:22,medium
TXN-2004441,legit,,analyst_A,2026-07-17 22:58:58,high
TXN-2005295,legit,,analyst_B,2026-07-17 23:06:11,medium
TXN-2000169,legit,,analyst_A,2026-07-17 23:17:38,high
TXN-2003932,legit,,analyst_A,2026-07-17 23:49:37,high
TXN-2005113,legit,,analyst_A,2026-07-18 01:16:35,low
TXN-2018755,legit,,analyst_A,2026-07-18 01:19:51,high
TXN-2015406,legit,,analyst_A,2026-07-18 01:56:47,low
TXN-2001889,legit,,analyst_A,2026-07-18 02:40:43,medium
TXN-2018619,legit,,analyst_A,2026-07-18 03:08:41,medium
TXN-2015473,legit,,analyst_B,2026-07-18 04:08:19,medium
TXN-2019302,legit,,analyst_B,2026-07-18 09:00:18,high
TXN-2001929,legit,,analyst_A,2026-07-18 09:04:23,high
TXN-2016963,legit,,analyst_B,2026-07-18 09:51:21,low
TXN-2022015,legit,,analyst_B,2026-07-18 10:59:59,low
TXN-2012337,legit,,analyst_A,2026-07-18 11:35:22,medium
TXN-2004995,legit,,analyst_A,2026-07-18 12:27:45,high
TXN-2007994,legit,,analyst_B,2026-07-18 13:27:21,medium
TXN-2008026,legit,,analyst_A,2026-07-18 13:50:28,high
TXN-2004090,legit,,analyst_B,2026-07-18 15:23:03,low
TXN-2019952,legit,,analyst_B,2026-07-18 15:36:33,low
TXN-2003682,legit,,analyst_A,2026-07-18 15:56:58,medium
TXN-2000168,legit,,analyst_A,2026-07-18 16:42:39,high
TXN-2014423,legit,,analyst_B,2026-07-18 16:57:22,low
TXN-2007185,legit,,analyst_A,2026-07-18 19:17:30,high
TXN-2020825,legit,,analyst_A,2026-07-18 19:33:22,high
TXN-2003478,legit,,analyst_B,2026-07-18 20:11:57,medium
TXN-2013197,legit,,analyst_A,2026-07-18 20:33:10,medium
TXN-2017309,legit,,analyst_B,2026-07-18 23:17:11,medium
TXN-2001874,legit,,analyst_B,2026-07-18 23:44:37,high
TXN-2003868,legit,,analyst_A,2026-07-18 23:51:01,high
TXN-2001040,legit,,analyst_B,2026-07-19 00:42:29,medium
TXN-2020404,legit,,analyst_B,2026-07-19 03:07:13,low
TXN-2014339,legit,,analyst_A,2026-07-19 04:05:50,high
TXN-2008429,legit,,analyst_A,2026-07-19 05:48:34,medium
TXN-2020628,legit,,analyst_A,2026-07-19 05:57:11,high
TXN-2004476,legit,,analyst_A,2026-07-19 06:06:31,high
TXN-2012937,legit,,analyst_A,2026-07-19 06:13:39,high
TXN-2024402,legit,,analyst_B,2026-07-19 06:26:25,medium
TXN-2013843,legit,,analyst_A,2026-07-19 06:29:22,high
TXN-2015319,legit,,analyst_B,2026-07-19 09:19:01,low
TXN-2012423,legit,,analyst_A,2026-07-19 09:51:19,medium
TXN-2015110,legit,,analyst_A,2026-07-19 10:06:28,high
TXN-2006137,legit,,analyst_B,2026-07-19 10:20:34,medium
TXN-2023980,legit,,analyst_B,2026-07-19 10:44:01,high
TXN-2012364,legit,,analyst_B,2026-07-19 12:15:09,medium
TXN-2006592,legit,,analyst_B,2026-07-19 12:46:25,medium
TXN-2001020,legit,,analyst_A,2026-07-19 13:08:36,high
TXN-2001398,legit,,analyst_A,2026-07-19 14:12:34,medium
TXN-2003652,legit,,analyst_B,2026-07-19 14:22:41,high
TXN-2006918,legit,,analyst_B,2026-07-19 14:26:00,high
TXN-2002888,legit,,analyst_B,2026-07-19 14:28:59,high
TXN-2000770,legit,,analyst_B,2026-07-19 15:54:27,medium
TXN-2004423,legit,,analyst_A,2026-07-19 17:59:19,high
TXN-2003405,legit,,analyst_A,2026-07-19 18:48:33,medium
TXN-2010335,legit,,analyst_A,2026-07-19 19:31:34,high
TXN-2008551,legit,,analyst_A,2026-07-19 20:41:17,high
TXN-2008103,legit,,analyst_B,2026-07-19 21:39:18,medium
TXN-2022080,legit,,analyst_B,2026-07-19 23:19:56,low
TXN-2004174,legit,,analyst_B,2026-07-19 23:41:36,medium
TXN-2010981,legit,,analyst_A,2026-07-20 01:28:55,high
TXN-2017103,legit,,analyst_A,2026-07-20 02:42:58,high
TXN-2011815,legit,,analyst_A,2026-07-20 03:16:07,high
TXN-2022447,legit,,analyst_B,2026-07-20 03:18:50,medium
TXN-2012381,legit,,analyst_B,2026-07-20 03:37:17,low
TXN-2007047,legit,,analyst_A,2026-07-20 04:37:08,high
TXN-2012243,legit,,analyst_A,2026-07-20 05:55:49,medium
TXN-2021129,legit,,analyst_B,2026-07-20 06:50:29,medium
TXN-2020230,legit,,analyst_B,2026-07-20 07:25:40,medium
TXN-2007358,legit,,analyst_A,2026-07-20 08:08:11,high
TXN-2016538,legit,,analyst_B,2026-07-20 08:48:29,medium
TXN-2022527,legit,,analyst_A,2026-07-20 08:50:05,high
TXN-2013766,legit,,analyst_B,2026-07-20 10:19:41,medium
TXN-2024359,legit,,analyst_A,2026-07-20 11:08:55,high
TXN-2001396,legit,,analyst_B,2026-07-20 11:34:17,high
TXN-2017082,legit,,analyst_A,2026-07-20 11:48:58,medium
TXN-2017793,legit,,analyst_A,2026-07-20 12:22:11,high
TXN-2008979,legit,,analyst_A,2026-07-20 13:54:25,medium
TXN-2006181,legit,,analyst_B,2026-07-20 14:16:09,high
TXN-2016168,legit,,analyst_B,2026-07-20 14:53:43,low
TXN-2003821,legit,,analyst_A,2026-07-20 15:49:40,high
TXN-2005801,legit,,analyst_A,2026-07-20 16:11:41,medium
TXN-2022351,legit,,analyst_B,2026-07-20 16:46:32,low
TXN-2020273,legit,,analyst_A,2026-07-20 16:58:34,high
TXN-2017421,legit,,analyst_A,2026-07-20 17:35:14,medium
TXN-2011351,legit,,analyst_A,2026-07-20 17:36:44,medium
TXN-2011082,legit,,analyst_A,2026-07-20 17:53:27,medium
TXN-2006720,legit,,analyst_B,2026-07-20 18:20:24,high
TXN-2010120,legit,,analyst_B,2026-07-20 19:40:12,medium
TXN-2011221,legit,,analyst_B,2026-07-20 20:23:11,low
TXN-2001140,legit,,analyst_B,2026-07-20 22:29:53,medium
TXN-2002589,legit,,analyst_A,2026-07-20 23:03:56,high
TXN-2007523,legit,,analyst_A,2026-07-20 23:33:31,medium
TXN-2006379,legit,,analyst_A,2026-07-21 00:17:03,medium
TXN-2010176,legit,,analyst_A,2026-07-21 01:02:22,medium
TXN-2004737,legit,,analyst_B,2026-07-21 01:27:30,medium
TXN-2009857,legit,,analyst_A,2026-07-21 01:47:35,high
TXN-2024171,legit,,analyst_A,2026-07-21 03:12:53,high
TXN-2004634,legit,,analyst_A,2026-07-21 05:08:55,high
TXN-2004433,legit,,analyst_A,2026-07-21 05:26:09,medium
TXN-2006101,legit,,analyst_A,2026-07-21 06:12:33,high
TXN-2011455,legit,,analyst_A,2026-07-21 07:05:04,medium
TXN-2021548,legit,,analyst_B,2026-07-21 07:31:46,medium
TXN-2005154,legit,,analyst_B,2026-07-21 10:57:49,medium
TXN-2018674,legit,,analyst_A,2026-07-21 11:21:06,medium
TXN-2006106,legit,,analyst_B,2026-07-21 14:10:33,high
TXN-2014470,legit,,analyst_B,2026-07-21 14:48:27,medium
TXN-2007761,legit,,analyst_A,2026-07-21 15:08:02,high
TXN-2016584,legit,,analyst_B,2026-07-21 17:43:52,medium
TXN-2021579,legit,,analyst_A,2026-07-21 18:09:19,high
TXN-2012270,legit,,analyst_A,2026-07-21 19:01:47,low
TXN-2013829,legit,,analyst_A,2026-07-21 20:24:48,low
TXN-2018242,legit,,analyst_A,2026-07-21 21:19:35,medium
TXN-2021679,legit,,analyst_B,2026-07-21 21:30:21,high
TXN-2001607,legit,,analyst_B,2026-07-21 21:37:03,high
TXN-2007701,legit,,analyst_B,2026-07-21 22:53:42,medium
TXN-2007103,legit,,analyst_A,2026-07-22 01:08:30,medium
TXN-2001272,legit,,analyst_A,2026-07-22 02:26:51,medium
TXN-2010553,legit,,analyst_A,2026-07-22 02:38:03,high
TXN-2023850,legit,,analyst_A,2026-07-22 03:18:44,low
TXN-2021254,legit,,analyst_A,2026-07-22 04:39:03,medium
TXN-2002937,legit,,analyst_A,2026-07-22 06:08:56,medium
TXN-2022233,legit,,analyst_A,2026-07-22 08:19:06,medium
TXN-2016398,legit,,analyst_A,2026-07-22 08:19:13,medium
TXN-2005489,legit,,analyst_A,2026-07-22 08:22:23,high
TXN-2003532,legit,,analyst_B,2026-07-22 09:02:43,high
TXN-2017162,legit,,analyst_B,2026-07-22 10:00:55,medium
TXN-2003206,legit,,analyst_B,2026-07-22 10:19:11,medium
TXN-2023975,legit,,analyst_A,2026-07-22 10:44:41,medium
TXN-2009617,legit,,analyst_A,2026-07-22 10:52:57,high
TXN-2021138,legit,,analyst_A,2026-07-22 11:21:19,medium
TXN-2004400,legit,,analyst_B,2026-07-22 11:53:18,high
TXN-2023796,legit,,analyst_A,2026-07-22 11:56:24,high
TXN-2018002,legit,,analyst_A,2026-07-22 11:56:40,medium
TXN-2010852,legit,,analyst_A,2026-07-22 12:07:59,medium
TXN-2001675,legit,,analyst_A,2026-07-22 12:16:28,medium
TXN-2013175,legit,,analyst_A,2026-07-22 12:34:23,high
TXN-2021177,legit,,analyst_B,2026-07-22 13:30:43,high
TXN-2016677,legit,,analyst_B,2026-07-22 14:32:57,medium
TXN-2007035,legit,,analyst_A,2026-07-22 14:42:23,medium
TXN-2020075,legit,,analyst_B,2026-07-22 16:58:54,high
TXN-2011458,legit,,analyst_A,2026-07-22 17:22:53,medium
TXN-2014762,legit,,analyst_A,2026-07-22 17:45:47,low
TXN-2000986,legit,,analyst_B,2026-07-22 18:20:53,high
TXN-2003857,legit,,analyst_A,2026-07-22 20:58:10,medium
TXN-2005780,legit,,analyst_B,2026-07-22 22:51:18,medium
TXN-2024606,legit,,analyst_A,2026-07-22 23:08:50,low
TXN-2021167,legit,,analyst_A,2026-07-23 00:07:26,high
TXN-2000307,legit,,analyst_B,2026-07-23 01:11:15,high
TXN-2008055,legit,,analyst_A,2026-07-23 01:59:02,high
TXN-2004493,legit,,analyst_B,2026-07-23 03:24:50,high
TXN-2022844,legit,,analyst_B,2026-07-23 06:41:33,medium
TXN-2008138,legit,,analyst_A,2026-07-23 08:22:25,high
TXN-2015939,legit,,analyst_A,2026-07-23 08:24:40,high
TXN-2008344,legit,,analyst_B,2026-07-23 10:23:22,medium
TXN-2023359,legit,,analyst_A,2026-07-23 10:48:42,low
TXN-2006181,legit,,analyst_A,2026-07-23 12:16:09,low
TXN-2003365,legit,,analyst_A,2026-07-23 16:16:37,high
TXN-2005254,legit,,analyst_A,2026-07-23 16:29:20,medium
TXN-2018979,legit,,analyst_A,2026-07-23 16:39:58,high
TXN-2013442,legit,,analyst_A,2026-07-23 19:18:28,medium
TXN-2013071,legit,,analyst_B,2026-07-23 20:03:23,high
TXN-2003368,legit,,analyst_B,2026-07-23 20:16:57,high
TXN-2011670,legit,,analyst_A,2026-07-23 21:37:17,medium
TXN-2018502,legit,,analyst_A,2026-07-23 22:27:26,high
TXN-2004370,legit,,analyst_B,2026-07-23 23:09:24,high
TXN-2013239,legit,,analyst_A,2026-07-23 23:14:23,high
TXN-2001172,legit,,analyst_B,2026-07-23 23:21:08,medium
TXN-2002184,legit,,analyst_A,2026-07-23 23:45:54,medium
TXN-2010153,legit,,analyst_A,2026-07-24 00:10:45,low
TXN-2017543,legit,,analyst_A,2026-07-24 00:36:07,low
TXN-2011176,legit,,analyst_B,2026-07-24 00:59:41,low
TXN-2020394,legit,,analyst_B,2026-07-24 01:18:11,medium
TXN-2015406,legit,,analyst_B,2026-07-24 01:56:47,low
TXN-2013469,legit,,analyst_B,2026-07-24 04:26:49,medium
TXN-2015363,legit,,analyst_A,2026-07-24 04:27:15,high
TXN-2004497,legit,,analyst_A,2026-07-24 07:36:00,medium
TXN-2003632,legit,,analyst_A,2026-07-24 08:54:39,high
TXN-2002859,legit,,analyst_A,2026-07-24 10:15:19,high
TXN-2018575,legit,,analyst_A,2026-07-24 10:40:19,high
TXN-2015651,legit,,analyst_A,2026-07-24 10:49:24,high
TXN-2020681,legit,,analyst_B,2026-07-24 10:58:48,high
TXN-2007960,legit,,analyst_A,2026-07-24 11:50:33,high
TXN-2006600,legit,,analyst_B,2026-07-24 13:31:56,high
TXN-2011678,legit,,analyst_B,2026-07-24 14:35:45,high
TXN-2011764,legit,,analyst_A,2026-07-24 14:40:22,medium
TXN-2008445,legit,,analyst_A,2026-07-24 16:55:59,high
TXN-2021863,legit,,analyst_B,2026-07-24 17:09:35,low
TXN-2006475,legit,,analyst_B,2026-07-24 17:15:22,high
TXN-2008685,legit,,analyst_A,2026-07-24 17:34:05,high
TXN-2019501,legit,,analyst_B,2026-07-24 18:45:44,low
TXN-2016315,legit,,analyst_B,2026-07-24 19:01:43,low
TXN-2011404,legit,,analyst_A,2026-07-24 19:28:29,medium
TXN-2015342,legit,,analyst_B,2026-07-24 19:48:44,high
TXN-2012155,legit,,analyst_A,2026-07-24 19:57:51,low
TXN-2020380,legit,,analyst_A,2026-07-24 20:12:56,high
TXN-2023506,legit,,analyst_A,2026-07-24 22:04:31,medium
TXN-2013627,legit,,analyst_A,2026-07-24 22:09:08,high
TXN-2000805,legit,,analyst_A,2026-07-24 22:22:56,medium
TXN-2019964,legit,,analyst_A,2026-07-24 23:30:17,high
TXN-2004435,legit,,analyst_A,2026-07-25 00:40:31,medium
TXN-2004320,legit,,analyst_A,2026-07-25 01:19:22,medium
TXN-2017889,legit,,analyst_B,2026-07-25 02:13:07,medium
TXN-2005911,legit,,analyst_A,2026-07-25 03:21:56,high
TXN-2022985,legit,,analyst_A,2026-07-25 03:52:30,medium
TXN-2011828,legit,,analyst_B,2026-07-25 04:37:40,low
TXN-2018260,legit,,analyst_A,2026-07-25 04:50:18,high
TXN-2000340,legit,,analyst_A,2026-07-25 05:45:09,low
TXN-2020737,legit,,analyst_B,2026-07-25 07:10:44,high
TXN-2016701,legit,,analyst_A,2026-07-25 07:21:14,low
TXN-2017390,legit,,analyst_B,2026-07-25 09:05:06,high
TXN-2007699,legit,,analyst_A,2026-07-25 09:30:59,high
TXN-2008746,fraud,stolen_credential,analyst_A,2026-07-25 10:07:32,high
TXN-2006945,legit,,analyst_A,2026-07-25 11:39:06,low
TXN-2016843,legit,,analyst_B,2026-07-25 12:38:12,medium
TXN-2014734,legit,,analyst_A,2026-07-25 14:45:12,medium
TXN-2009949,legit,,analyst_A,2026-07-25 14:54:46,medium
TXN-2009427,legit,,analyst_B,2026-07-25 14:54:58,medium
TXN-2019226,legit,,analyst_A,2026-07-25 15:30:49,medium
TXN-2011305,legit,,analyst_A,2026-07-25 16:01:50,medium
TXN-2017821,legit,,analyst_B,2026-07-25 16:07:52,high
TXN-2000216,legit,,analyst_B,2026-07-25 17:02:03,medium
TXN-2014395,legit,,analyst_A,2026-07-25 18:19:12,medium
TXN-2010080,legit,,analyst_B,2026-07-25 20:07:05,medium
TXN-2012608,legit,,analyst_B,2026-07-25 20:43:33,medium
TXN-2012021,legit,,analyst_B,2026-07-25 21:28:57,high
TXN-2018385,legit,,analyst_B,2026-07-25 22:18:08,high
TXN-2006707,legit,,analyst_A,2026-07-25 22:21:45,medium
TXN-2008495,legit,,analyst_B,2026-07-25 22:32:54,medium
TXN-2017399,legit,,analyst_A,2026-07-26 00:28:26,medium
TXN-2024106,legit,,analyst_B,2026-07-26 01:03:34,medium
TXN-2001461,legit,,analyst_B,2026-07-26 02:16:55,low
TXN-2011965,legit,,analyst_A,2026-07-26 03:06:54,low
TXN-2000805,legit,,analyst_B,2026-07-26 03:22:56,high
TXN-2012220,legit,,analyst_B,2026-07-26 04:26:09,high
TXN-2016809,legit,,analyst_A,2026-07-26 06:05:52,medium
TXN-2017128,legit,,analyst_A,2026-07-26 07:29:41,high
TXN-2024563,legit,,analyst_A,2026-07-26 07:56:39,low
TXN-2007147,legit,,analyst_B,2026-07-26 08:47:20,high
TXN-2024665,legit,,analyst_A,2026-07-26 09:13:57,low
TXN-2006895,legit,,analyst_B,2026-07-26 09:56:16,medium
TXN-2014582,legit,,analyst_A,2026-07-26 09:58:54,low
TXN-2021407,legit,,analyst_A,2026-07-26 10:32:43,high
TXN-2020359,legit,,analyst_A,2026-07-26 11:18:00,medium
TXN-2021546,legit,,analyst_B,2026-07-26 12:30:46,low
TXN-2015844,legit,,analyst_B,2026-07-26 13:20:31,high
TXN-2024025,legit,,analyst_A,2026-07-26 13:45:38,high
TXN-2009399,legit,,analyst_B,2026-07-26 14:51:42,medium
TXN-2007194,legit,,analyst_B,2026-07-26 17:02:22,medium
TXN-2024586,legit,,analyst_A,2026-07-26 17:21:37,medium
TXN-2021778,legit,,analyst_B,2026-07-26 17:29:58,low
TXN-2010954,legit,,analyst_A,2026-07-26 19:19:09,low
TXN-2022545,legit,,analyst_A,2026-07-26 19:54:06,medium
TXN-2014564,legit,,analyst_A,2026-07-26 23:46:53,medium
TXN-2019817,legit,,analyst_A,2026-07-27 00:53:33,medium
TXN-2022291,legit,,analyst_B,2026-07-27 02:15:53,high
TXN-2018072,legit,,analyst_A,2026-07-27 02:39:43,medium
TXN-2019072,legit,,analyst_B,2026-07-27 03:15:11,medium
TXN-2019540,legit,,analyst_B,2026-07-27 05:46:52,medium
TXN-2009422,legit,,analyst_A,2026-07-27 07:24:43,low
TXN-2022686,legit,,analyst_A,2026-07-27 07:37:19,medium
TXN-2007628,legit,,analyst_A,2026-07-27 08:07:56,medium
TXN-2023077,legit,,analyst_A,2026-07-27 09:22:56,high
TXN-2017326,legit,,analyst_A,2026-07-27 09:50:31,medium
TXN-2015650,legit,,analyst_A,2026-07-27 10:23:11,high
TXN-2010002,legit,,analyst_B,2026-07-27 10:23:57,medium
TXN-2012396,legit,,analyst_B,2026-07-27 10:37:04,high
TXN-2000636,legit,,analyst_A,2026-07-27 10:41:45,high
TXN-2001447,legit,,analyst_A,2026-07-27 11:22:52,high
TXN-2006577,legit,,analyst_B,2026-07-27 11:28:43,medium
TXN-2018685,legit,,analyst_A,2026-07-27 11:42:00,low
TXN-2023073,legit,,analyst_A,2026-07-27 12:00:47,high
TXN-2001594,legit,,analyst_A,2026-07-27 12:23:01,medium
TXN-2022722,legit,,analyst_A,2026-07-27 12:52:11,low
TXN-2018577,legit,,analyst_B,2026-07-27 13:00:52,high
TXN-2022064,legit,,analyst_B,2026-07-27 14:08:41,low
TXN-2023608,legit,,analyst_B,2026-07-27 16:19:17,medium
TXN-2021265,legit,,analyst_B,2026-07-27 18:43:19,high
TXN-2009064,legit,,analyst_B,2026-07-27 19:00:51,low
TXN-2004117,legit,,analyst_A,2026-07-27 19:34:18,medium
TXN-2002765,legit,,analyst_B,2026-07-27 20:07:26,high
TXN-2008162,legit,,analyst_A,2026-07-27 20:23:39,high
TXN-2019835,legit,,analyst_B,2026-07-27 20:32:52,low
TXN-2003671,legit,,analyst_A,2026-07-27 20:36:49,medium
TXN-2022157,legit,,analyst_B,2026-07-27 21:06:02,low
TXN-2007250,legit,,analyst_A,2026-07-27 21:19:02,high
TXN-2001834,legit,,analyst_A,2026-07-27 21:22:16,medium
TXN-2017017,legit,,analyst_A,2026-07-27 21:22:40,medium
TXN-2015031,legit,,analyst_A,2026-07-27 21:59:41,medium
TXN-2001381,legit,,analyst_A,2026-07-27 22:06:07,high
TXN-2008754,legit,,analyst_A,2026-07-27 22:47:33,high
TXN-2002298,legit,,analyst_A,2026-07-28 00:31:10,low
TXN-2018849,legit,,analyst_A,2026-07-28 00:32:15,medium
TXN-2017785,legit,,analyst_B,2026-07-28 03:04:06,low
TXN-2022013,legit,,analyst_A,2026-07-28 03:06:03,medium
TXN-2002090,legit,,analyst_A,2026-07-28 07:15:56,low
TXN-2022841,legit,,analyst_B,2026-07-28 08:14:08,low
TXN-2001622,legit,,analyst_B,2026-07-28 08:55:14,medium
TXN-2014495,legit,,analyst_A,2026-07-28 09:12:41,medium
TXN-2019205,legit,,analyst_B,2026-07-28 09:24:51,high
TXN-2021615,legit,,analyst_B,2026-07-28 09:33:39,high
TXN-2018514,legit,,analyst_A,2026-07-28 09:34:09,high
TXN-2010805,legit,,analyst_A,2026-07-28 09:55:29,medium
TXN-2020803,legit,,analyst_A,2026-07-28 10:32:20,medium
TXN-2002073,legit,,analyst_A,2026-07-28 11:29:10,high
TXN-2022873,legit,,analyst_B,2026-07-28 12:07:57,high
TXN-2005049,legit,,analyst_A,2026-07-28 12:55:32,high
TXN-2003500,legit,,analyst_A,2026-07-28 13:09:52,medium
TXN-2018340,legit,,analyst_B,2026-07-28 13:27:11,medium
TXN-2011693,legit,,analyst_B,2026-07-28 14:31:12,high
TXN-2018666,legit,,analyst_B,2026-07-28 15:29:12,high
TXN-2008185,legit,,analyst_A,2026-07-28 17:34:21,high
TXN-2000126,legit,,analyst_A,2026-07-28 18:01:11,medium
TXN-2015380,legit,,analyst_B,2026-07-28 19:36:53,low
TXN-2011754,legit,,analyst_B,2026-07-28 20:07:45,medium
TXN-2018711,legit,,analyst_A,2026-07-28 21:01:22,medium
TXN-2005800,legit,,analyst_A,2026-07-28 21:17:12,medium
TXN-2022682,legit,,analyst_A,2026-07-28 22:15:54,medium
TXN-2016495,legit,,analyst_B,2026-07-28 22:20:08,medium
TXN-2006516,legit,,analyst_B,2026-07-28 22:22:38,high
TXN-2018906,legit,,analyst_A,2026-07-28 22:49:25,high
TXN-2017548,legit,,analyst_B,2026-07-29 00:36:00,medium
TXN-2006190,legit,,analyst_A,2026-07-29 00:52:01,medium
TXN-2003460,legit,,analyst_A,2026-07-29 02:15:30,high
TXN-2002122,legit,,analyst_A,2026-07-29 05:02:06,high
TXN-2005377,legit,,analyst_A,2026-07-29 06:11:17,medium
TXN-2012584,legit,,analyst_B,2026-07-29 06:53:43,high
TXN-2005635,legit,,analyst_A,2026-07-29 06:58:15,medium
TXN-2006663,legit,,analyst_A,2026-07-29 07:20:43,medium
TXN-2020798,legit,,analyst_B,2026-07-29 08:54:08,medium
TXN-2010719,legit,,analyst_A,2026-07-29 09:03:30,medium
TXN-2008957,legit,,analyst_A,2026-07-29 09:05:37,low
TXN-2001308,legit,,analyst_A,2026-07-29 09:44:47,high
TXN-2011003,legit,,analyst_A,2026-07-29 11:34:13,medium
TXN-2017690,legit,,analyst_A,2026-07-29 12:16:05,medium
TXN-2015145,legit,,analyst_B,2026-07-29 12:20:16,high
TXN-2012519,legit,,analyst_B,2026-07-29 13:05:50,low
TXN-2009396,legit,,analyst_A,2026-07-29 13:42:00,high
TXN-2015896,legit,,analyst_A,2026-07-29 15:47:27,low
TXN-2009034,legit,,analyst_A,2026-07-29 16:36:32,high
TXN-2002841,legit,,analyst_B,2026-07-29 19:57:03,high
TXN-2020140,legit,,analyst_B,2026-07-29 20:42:26,medium
TXN-2018838,legit,,analyst_B,2026-07-29 23:18:09,high
TXN-2023508,legit,,analyst_A,2026-07-29 23:21:02,medium
TXN-2004985,legit,,analyst_B,2026-07-29 23:22:10,medium
TXN-2016170,legit,,analyst_B,2026-07-29 23:27:35,low
TXN-2024703,legit,,analyst_B,2026-07-29 23:45:00,high
TXN-2003361,legit,,analyst_A,2026-07-29 23:46:43,medium
TXN-2004686,legit,,analyst_B,2026-07-29 23:47:08,medium
TXN-2015186,legit,,analyst_B,2026-07-30 00:05:36,high
TXN-2002900,legit,,analyst_A,2026-07-30 02:08:45,medium
TXN-2009664,legit,,analyst_B,2026-07-30 02:36:03,medium
TXN-2003641,legit,,analyst_A,2026-07-30 02:41:04,high
TXN-2024007,legit,,analyst_A,2026-07-30 03:04:41,high
TXN-2021684,legit,,analyst_A,2026-07-30 05:02:22,low
TXN-2008624,legit,,analyst_B,2026-07-30 05:32:18,medium
TXN-2023922,legit,,analyst_B,2026-07-30 05:46:01,medium
TXN-2004400,legit,,analyst_A,2026-07-30 08:53:18,medium
TXN-2004767,legit,,analyst_A,2026-07-30 09:47:18,high
TXN-2015618,legit,,analyst_A,2026-07-30 09:51:52,high
TXN-2001184,legit,,analyst_B,2026-07-30 11:00:43,medium
TXN-2004905,legit,,analyst_B,2026-07-30 11:19:07,medium
TXN-2009783,legit,,analyst_B,2026-07-30 12:56:21,high
TXN-2000643,legit,,analyst_A,2026-07-30 13:31:44,low
TXN-2013364,legit,,analyst_A,2026-07-30 15:49:49,low
TXN-2005824,legit,,analyst_A,2026-07-30 16:07:36,high
TXN-2012856,legit,,analyst_B,2026-07-30 16:29:33,low
TXN-2011569,legit,,analyst_B,2026-07-30 17:17:55,medium
TXN-2000252,legit,,analyst_B,2026-07-30 18:31:10,high
TXN-2008338,legit,,analyst_B,2026-07-30 19:49:23,medium
TXN-2011569,legit,,analyst_A,2026-07-30 20:17:55,medium
TXN-2002992,legit,,analyst_B,2026-07-30 20:40:41,low
TXN-2017167,legit,,analyst_A,2026-07-30 21:31:10,medium
TXN-2007443,legit,,analyst_A,2026-07-30 21:51:05,high
TXN-2018717,legit,,analyst_B,2026-07-30 22:09:37,high
TXN-2007612,legit,,analyst_A,2026-07-30 22:17:29,medium
TXN-2000899,legit,,analyst_B,2026-07-30 22:56:32,low
TXN-2008090,legit,,analyst_B,2026-07-30 22:58:59,medium
TXN-2010171,legit,,analyst_A,2026-07-30 23:44:47,medium
TXN-2000684,legit,,analyst_A,2026-07-31 01:45:08,high
TXN-2011316,legit,,analyst_B,2026-07-31 03:25:50,high
TXN-2008719,legit,,analyst_A,2026-07-31 04:11:05,medium
TXN-2007562,legit,,analyst_A,2026-07-31 04:42:51,medium
TXN-2021689,legit,,analyst_B,2026-07-31 05:36:22,high
TXN-2003351,legit,,analyst_B,2026-07-31 07:22:13,high
TXN-2004131,legit,,analyst_A,2026-07-31 07:38:03,low
TXN-2017599,legit,,analyst_A,2026-07-31 10:21:41,high
TXN-2013984,legit,,analyst_A,2026-07-31 11:34:55,medium
TXN-2017578,legit,,analyst_B,2026-07-31 12:27:16,high
TXN-2024942,legit,,analyst_A,2026-07-31 12:44:03,medium
TXN-2018319,legit,,analyst_A,2026-07-31 13:09:06,high
TXN-2010314,legit,,analyst_B,2026-07-31 13:44:58,medium
TXN-2001766,legit,,analyst_A,2026-07-31 14:00:11,low
TXN-2014050,legit,,analyst_A,2026-07-31 14:17:25,medium
TXN-2002842,legit,,analyst_A,2026-07-31 15:18:22,high
TXN-2008173,legit,,analyst_B,2026-07-31 16:58:26,medium
TXN-2024118,legit,,analyst_A,2026-07-31 17:02:54,high
TXN-2021739,legit,,analyst_B,2026-07-31 17:12:22,medium
TXN-2011808,legit,,analyst_B,2026-07-31 17:42:34,high
TXN-2016720,legit,,analyst_A,2026-07-31 17:50:41,high
TXN-2023202,legit,,analyst_A,2026-07-31 18:19:12,medium
TXN-2007196,legit,,analyst_A,2026-07-31 19:18:50,high
TXN-2015734,legit,,analyst_A,2026-07-31 19:24:59,medium
TXN-2023432,legit,,analyst_A,2026-07-31 19:51:29,low
TXN-2001159,legit,,analyst_B,2026-07-31 20:04:37,medium
TXN-2021292,legit,,analyst_A,2026-07-31 21:04:04,high
TXN-2013132,legit,,analyst_B,2026-07-31 22:49:23,medium
TXN-2019449,legit,,analyst_B,2026-07-31 22:55:04,medium
TXN-2001619,legit,,analyst_B,2026-07-31 23:41:38,low
TXN-2015688,legit,,analyst_B,2026-08-01 00:25:09,low
TXN-2016327,legit,,analyst_B,2026-08-01 01:00:14,medium
TXN-2009466,legit,,analyst_A,2026-08-01 01:07:49,low
TXN-2015968,legit,,analyst_A,2026-08-01 01:35:57,high
TXN-2003728,legit,,analyst_A,2026-08-01 01:36:15,low
TXN-2009817,legit,,analyst_A,2026-08-01 01:37:56,low
TXN-2021241,legit,,analyst_A,2026-08-01 02:26:28,medium
TXN-2022928,legit,,analyst_B,2026-08-01 04:24:02,low
TXN-2000074,legit,,analyst_A,2026-08-01 05:23:14,high
TXN-2023769,legit,,analyst_A,2026-08-01 05:40:31,medium
TXN-2017219,legit,,analyst_B,2026-08-01 06:59:18,low
TXN-2002921,legit,,analyst_A,2026-08-01 07:07:55,high
TXN-2005181,legit,,analyst_B,2026-08-01 08:38:36,low
TXN-2023669,legit,,analyst_B,2026-08-01 09:13:06,low
TXN-2014899,legit,,analyst_B,2026-08-01 10:12:27,medium
TXN-2009984,legit,,analyst_A,2026-08-01 10:17:57,high
TXN-2000237,legit,,analyst_A,2026-08-01 10:43:58,low
TXN-2004298,legit,,analyst_A,2026-08-01 10:55:31,medium
TXN-2024280,legit,,analyst_A,2026-08-01 13:36:37,high
TXN-2019674,legit,,analyst_A,2026-08-01 14:13:20,medium
TXN-2011402,legit,,analyst_B,2026-08-01 14:13:41,medium
TXN-2011227,legit,,analyst_B,2026-08-01 14:50:34,medium
TXN-2013865,legit,,analyst_A,2026-08-01 16:08:36,high
TXN-2017322,legit,,analyst_A,2026-08-01 19:29:19,medium
TXN-2024025,fraud,social_engineering,analyst_B,2026-08-01 19:45:38,high
TXN-2011711,legit,,analyst_B,2026-08-01 20:12:48,medium
TXN-2009444,legit,,analyst_B,2026-08-01 20:19:37,high
TXN-2000658,legit,,analyst_A,2026-08-01 20:28:40,high
TXN-2017910,legit,,analyst_B,2026-08-01 21:33:30,medium
TXN-2001345,legit,,analyst_B,2026-08-01 22:35:12,medium
TXN-2022465,legit,,analyst_A,2026-08-01 22:35:36,high
TXN-2020121,legit,,analyst_A,2026-08-01 22:54:16,medium
TXN-2022798,legit,,analyst_A,2026-08-01 23:22:21,low
TXN-2008267,legit,,analyst_A,2026-08-01 23:30:23,medium
TXN-2003313,legit,,analyst_A,2026-08-02 00:50:50,high
TXN-2002264,legit,,analyst_B,2026-08-02 01:50:35,medium
TXN-2010880,legit,,analyst_B,2026-08-02 03:18:38,medium
TXN-2016824,legit,,analyst_A,2026-08-02 04:28:28,high
TXN-2009624,legit,,analyst_B,2026-08-02 04:48:16,low
TXN-2019151,legit,,analyst_B,2026-08-02 04:57:03,high
TXN-2006488,legit,,analyst_A,2026-08-02 04:58:01,high
TXN-2002977,legit,,analyst_B,2026-08-02 07:51:54,high
TXN-2020940,legit,,analyst_B,2026-08-02 09:14:38,medium
TXN-2017524,legit,,analyst_A,2026-08-02 09:36:38,medium
TXN-2019122,legit,,analyst_B,2026-08-02 09:44:03,low
TXN-2006451,legit,,analyst_A,2026-08-02 10:42:14,high
TXN-2001220,legit,,analyst_B,2026-08-02 11:58:53,low
TXN-2024815,legit,,analyst_A,2026-08-02 12:00:10,medium
TXN-2008432,legit,,analyst_A,2026-08-02 13:21:31,low
TXN-2006388,legit,,analyst_B,2026-08-02 13:52:26,high
TXN-2010971,legit,,analyst_A,2026-08-02 14:21:36,low
TXN-2005750,legit,,analyst_B,2026-08-02 14:26:18,high
TXN-2023908,legit,,analyst_B,2026-08-02 14:49:00,high
TXN-2012373,legit,,analyst_A,2026-08-02 14:59:45,high
TXN-2024525,legit,,analyst_A,2026-08-02 15:14:17,high
TXN-2002671,legit,,analyst_A,2026-08-02 15:25:46,high
TXN-2007147,legit,,analyst_A,2026-08-02 15:47:20,high
TXN-2022545,legit,,analyst_B,2026-08-02 16:54:06,high
TXN-2024589,legit,,analyst_A,2026-08-02 17:09:17,low
TXN-2020539,legit,,analyst_B,2026-08-02 17:45:41,medium
TXN-2016347,legit,,analyst_A,2026-08-02 18:55:49,high
TXN-2012219,legit,,analyst_B,2026-08-02 21:26:17,medium
TXN-2020310,legit,,analyst_A,2026-08-02 22:26:13,high
TXN-2019460,legit,,analyst_B,2026-08-02 23:36:25,high
TXN-2022622,legit,,analyst_B,2026-08-03 00:20:43,high
TXN-2010835,legit,,analyst_A,2026-08-03 01:46:57,high
TXN-2001537,legit,,analyst_B,2026-08-03 03:30:10,high
TXN-2003835,legit,,analyst_A,2026-08-03 03:49:32,low
TXN-2022763,legit,,analyst_B,2026-08-03 05:02:36,medium
TXN-2001753,legit,,analyst_A,2026-08-03 05:36:56,medium
TXN-2009730,legit,,analyst_A,2026-08-03 05:43:32,medium
TXN-2007250,legit,,analyst_B,2026-08-03 06:19:02,high
TXN-2005991,legit,,analyst_A,2026-08-03 07:20:58,high
TXN-2011800,legit,,analyst_A,2026-08-03 08:20:31,low
TXN-2010802,legit,,analyst_B,2026-08-03 09:07:58,medium
TXN-2020970,legit,,analyst_A,2026-08-03 09:20:37,high
TXN-2008554,legit,,analyst_B,2026-08-03 09:27:52,medium
TXN-2016532,legit,,analyst_A,2026-08-03 11:25:44,low
TXN-2008210,legit,,analyst_A,2026-08-03 12:04:15,medium
TXN-2002257,legit,,analyst_A,2026-08-03 12:06:44,medium
TXN-2004595,legit,,analyst_A,2026-08-03 12:43:45,low
TXN-2012657,legit,,analyst_A,2026-08-03 12:48:49,high
TXN-2011943,legit,,analyst_A,2026-08-03 14:45:20,high
TXN-2008758,legit,,analyst_B,2026-08-03 14:56:11,medium
TXN-2006803,legit,,analyst_A,2026-08-03 15:42:23,medium
TXN-2018943,legit,,analyst_A,2026-08-03 16:06:03,high
TXN-2011787,legit,,analyst_B,2026-08-03 18:27:22,high
TXN-2019030,legit,,analyst_A,2026-08-03 18:30:31,low
TXN-2007853,legit,,analyst_A,2026-08-03 18:34:15,low
TXN-2005889,legit,,analyst_B,2026-08-03 20:08:15,high
TXN-2004702,legit,,analyst_A,2026-08-03 20:15:29,medium
TXN-2021781,legit,,analyst_B,2026-08-03 21:00:07,low
TXN-2010042,legit,,analyst_B,2026-08-03 21:08:09,low
TXN-2012949,legit,,analyst_B,2026-08-03 21:17:35,high
TXN-2011064,legit,,analyst_A,2026-08-03 22:28:16,high
TXN-2011242,legit,,analyst_B,2026-08-03 22:56:47,high
TXN-2001393,legit,,analyst_B,2026-08-03 23:13:23,medium
TXN-2020951,legit,,analyst_B,2026-08-03 23:17:58,high
TXN-2003728,legit,,analyst_B,2026-08-03 23:36:15,high
TXN-2007803,legit,,analyst_A,2026-08-04 01:02:37,medium
TXN-2011356,legit,,analyst_B,2026-08-04 02:06:23,high
TXN-2024619,legit,,analyst_B,2026-08-04 02:49:58,low
TXN-2002409,legit,,analyst_B,2026-08-04 03:19:50,medium
TXN-2011836,legit,,analyst_A,2026-08-04 03:20:34,medium
TXN-2017724,legit,,analyst_B,2026-08-04 03:22:13,high
TXN-2006964,legit,,analyst_A,2026-08-04 04:12:01,medium
TXN-2014753,legit,,analyst_A,2026-08-04 05:00:28,low
TXN-2010034,legit,,analyst_A,2026-08-04 05:15:40,medium
TXN-2013344,legit,,analyst_B,2026-08-04 05:49:43,high
TXN-2008329,legit,,analyst_A,2026-08-04 05:59:57,low
TXN-2009457,legit,,analyst_B,2026-08-04 06:18:11,medium
TXN-2017678,legit,,analyst_A,2026-08-04 07:20:48,high
TXN-2006508,legit,,analyst_A,2026-08-04 07:37:02,high
TXN-2019736,legit,,analyst_B,2026-08-04 11:51:41,high
TXN-2018613,legit,,analyst_A,2026-08-04 12:53:21,medium
TXN-2022130,fraud,merchant_collusion,analyst_A,2026-08-04 14:32:35,medium
TXN-2013302,legit,,analyst_A,2026-08-04 14:37:43,medium
TXN-2006238,legit,,analyst_B,2026-08-04 14:52:46,low
TXN-2016836,legit,,analyst_B,2026-08-04 15:18:55,high
TXN-2016803,legit,,analyst_A,2026-08-04 15:34:53,high
TXN-2021743,legit,,analyst_B,2026-08-04 17:03:06,high
TXN-2013731,legit,,analyst_A,2026-08-04 17:06:52,medium
TXN-2024070,legit,,analyst_B,2026-08-04 17:18:46,high
TXN-2009419,legit,,analyst_B,2026-08-04 19:19:14,high
TXN-2014474,legit,,analyst_B,2026-08-04 19:48:47,high
TXN-2001935,legit,,analyst_A,2026-08-04 20:42:53,high
TXN-2002006,legit,,analyst_B,2026-08-04 21:27:40,high
TXN-2009233,legit,,analyst_A,2026-08-04 21:47:23,low
TXN-2002533,legit,,analyst_A,2026-08-04 22:03:35,low
TXN-2022353,legit,,analyst_A,2026-08-04 23:25:34,medium
TXN-2022103,legit,,analyst_B,2026-08-04 23:47:52,low
TXN-2003873,legit,,analyst_B,2026-08-05 00:10:35,medium
TXN-2002422,legit,,analyst_B,2026-08-05 00:40:24,high
TXN-2020343,legit,,analyst_B,2026-08-05 02:34:03,low
TXN-2024402,legit,,analyst_A,2026-08-05 05:26:25,high
TXN-2015433,legit,,analyst_A,2026-08-05 07:16:40,medium
TXN-2006389,legit,,analyst_B,2026-08-05 08:03:42,low
TXN-2023130,legit,,analyst_A,2026-08-05 08:15:52,medium
TXN-2022835,legit,,analyst_B,2026-08-05 08:38:35,high
TXN-2021463,legit,,analyst_A,2026-08-05 08:59:06,medium
TXN-2017029,legit,,analyst_A,2026-08-05 09:00:43,high
TXN-2006024,legit,,analyst_A,2026-08-05 10:37:52,medium
TXN-2023997,legit,,analyst_A,2026-08-05 13:42:27,high
TXN-2015601,legit,,analyst_B,2026-08-05 14:28:39,medium
TXN-2003652,legit,,analyst_A,2026-08-05 15:22:41,medium
TXN-2017644,legit,,analyst_B,2026-08-05 15:32:36,high
TXN-2022301,legit,,analyst_B,2026-08-05 15:35:49,medium
TXN-2004523,legit,,analyst_A,2026-08-05 15:49:54,medium
TXN-2024282,legit,,analyst_A,2026-08-05 17:40:27,high
TXN-2022980,legit,,analyst_A,2026-08-05 17:41:19,medium
TXN-2018776,legit,,analyst_B,2026-08-05 17:44:14,low
TXN-2001939,legit,,analyst_A,2026-08-05 18:10:04,high
TXN-2022854,legit,,analyst_A,2026-08-05 21:37:53,medium
TXN-2016257,legit,,analyst_A,2026-08-06 00:15:05,high
TXN-2019532,legit,,analyst_A,2026-08-06 03:12:47,medium
TXN-2007263,legit,,analyst_A,2026-08-06 04:21:12,medium
TXN-2010231,legit,,analyst_B,2026-08-06 08:35:10,medium
TXN-2011063,legit,,analyst_B,2026-08-06 08:35:23,low
TXN-2010671,legit,,analyst_A,2026-08-06 09:09:26,high
TXN-2019006,legit,,analyst_B,2026-08-06 10:03:05,high
TXN-2011274,legit,,analyst_A,2026-08-06 12:59:18,high
TXN-2011812,legit,,analyst_A,2026-08-06 13:36:03,high
TXN-2015362,legit,,analyst_A,2026-08-06 14:13:18,high
TXN-2022424,legit,,analyst_B,2026-08-06 15:02:26,high
TXN-2016910,legit,,analyst_B,2026-08-06 15:42:51,medium
TXN-2017410,legit,,analyst_A,2026-08-06 16:24:40,medium
TXN-2013458,legit,,analyst_A,2026-08-06 17:28:49,medium
TXN-2022395,legit,,analyst_A,2026-08-06 17:59:15,high
TXN-2022729,legit,,analyst_A,2026-08-06 18:50:42,medium
TXN-2014977,legit,,analyst_B,2026-08-06 19:34:14,high
TXN-2010677,legit,,analyst_B,2026-08-06 19:49:36,low
TXN-2000705,legit,,analyst_B,2026-08-06 20:24:38,medium
TXN-2008390,legit,,analyst_A,2026-08-06 21:06:19,medium
TXN-2021795,legit,,analyst_B,2026-08-06 22:21:15,high
TXN-2015031,fraud,sim_swap,analyst_B,2026-08-06 22:59:41,medium
TXN-2023660,legit,,analyst_B,2026-08-06 23:03:50,high
TXN-2020627,legit,,analyst_A,2026-08-07 00:31:46,high
TXN-2017986,legit,,analyst_B,2026-08-07 01:21:21,high
TXN-2017396,legit,,analyst_A,2026-08-07 01:37:48,high
TXN-2022178,legit,,analyst_A,2026-08-07 01:42:29,medium
TXN-2005990,legit,,analyst_B,2026-08-07 02:02:15,low
TXN-2022236,legit,,analyst_A,2026-08-07 02:55:48,medium
TXN-2014864,legit,,analyst_A,2026-08-07 03:33:33,high
TXN-2022436,legit,,analyst_A,2026-08-07 03:41:07,medium
TXN-2024445,legit,,analyst_A,2026-08-07 04:04:19,high
TXN-2000051,legit,,analyst_A,2026-08-07 04:14:20,high
TXN-2006690,legit,,analyst_B,2026-08-07 04:39:24,medium
TXN-2008144,legit,,analyst_A,2026-08-07 05:05:15,low
TXN-2021424,legit,,analyst_A,2026-08-07 05:38:10,low
TXN-2011236,legit,,analyst_B,2026-08-07 05:48:30,medium
TXN-2000105,legit,,analyst_A,2026-08-07 06:14:19,high
TXN-2024464,legit,,analyst_B,2026-08-07 06:23:09,medium
TXN-2024468,legit,,analyst_B,2026-08-07 06:53:18,low
TXN-2015843,legit,,analyst_A,2026-08-07 06:53:58,low
TXN-2006601,legit,,analyst_B,2026-08-07 07:43:25,medium
TXN-2019175,legit,,analyst_B,2026-08-07 07:57:04,medium
TXN-2008908,legit,,analyst_A,2026-08-07 08:41:41,low
TXN-2024562,legit,,analyst_B,2026-08-07 08:59:50,high
TXN-2016457,legit,,analyst_A,2026-08-07 09:32:01,high
TXN-2016177,legit,,analyst_B,2026-08-07 10:33:07,high
TXN-2006084,legit,,analyst_A,2026-08-07 15:29:19,low
TXN-2019456,legit,,analyst_B,2026-08-07 15:51:12,low
TXN-2001023,legit,,analyst_B,2026-08-07 18:03:02,medium
TXN-2021954,legit,,analyst_A,2026-08-07 19:08:47,medium
TXN-2006768,legit,,analyst_B,2026-08-07 20:08:06,medium
TXN-2009319,legit,,analyst_B,2026-08-07 20:29:33,high
TXN-2020364,legit,,analyst_A,2026-08-07 20:52:07,medium
TXN-2007533,legit,,analyst_A,2026-08-07 20:53:44,high
TXN-2023143,legit,,analyst_A,2026-08-07 21:21:58,medium
TXN-2001122,legit,,analyst_B,2026-08-07 21:29:59,high
TXN-2015697,legit,,analyst_B,2026-08-07 23:20:40,medium
TXN-2009548,legit,,analyst_B,2026-08-07 23:24:48,high
TXN-2011288,legit,,analyst_A,2026-08-08 01:29:00,high
TXN-2007841,legit,,analyst_B,2026-08-08 03:30:02,high
TXN-2017108,legit,,analyst_B,2026-08-08 04:31:37,medium
TXN-2007181,legit,,analyst_B,2026-08-08 04:34:09,high
TXN-2004037,legit,,analyst_B,2026-08-08 05:34:42,medium
TXN-2003841,legit,,analyst_B,2026-08-08 05:56:35,medium
TXN-2000593,legit,,analyst_B,2026-08-08 07:03:09,low
TXN-2016844,legit,,analyst_B,2026-08-08 07:17:03,high
TXN-2020951,legit,,analyst_A,2026-08-08 07:17:58,medium
TXN-2015645,legit,,analyst_A,2026-08-08 07:44:04,high
TXN-2014071,legit,,analyst_B,2026-08-08 08:39:25,high
TXN-2000287,legit,,analyst_B,2026-08-08 10:49:03,medium
TXN-2004100,legit,,analyst_A,2026-08-08 11:10:07,medium
TXN-2017352,legit,,analyst_B,2026-08-08 12:38:57,medium
TXN-2012559,legit,,analyst_A,2026-08-08 12:53:25,high
TXN-2005413,legit,,analyst_A,2026-08-08 15:02:32,high
TXN-2016750,legit,,analyst_A,2026-08-08 15:38:36,medium
TXN-2010234,legit,,analyst_B,2026-08-08 16:22:08,high
TXN-2012162,legit,,analyst_B,2026-08-08 16:40:05,medium
TXN-2014866,legit,,analyst_A,2026-08-08 17:02:29,medium
TXN-2019226,legit,,analyst_B,2026-08-08 17:30:49,medium
TXN-2012308,legit,,analyst_A,2026-08-08 17:38:57,medium
TXN-2009471,legit,,analyst_A,2026-08-08 18:21:22,high
TXN-2021482,legit,,analyst_B,2026-08-08 19:03:50,medium
TXN-2012635,legit,,analyst_A,2026-08-08 19:34:21,medium
TXN-2024182,legit,,analyst_A,2026-08-08 19:51:01,high
TXN-2020994,legit,,analyst_B,2026-08-08 21:00:16,high
TXN-2004021,legit,,analyst_A,2026-08-08 21:38:24,medium
TXN-2011743,legit,,analyst_B,2026-08-08 21:40:43,low
TXN-2012151,legit,,analyst_B,2026-08-08 22:36:33,high
TXN-2004822,legit,,analyst_A,2026-08-08 23:46:16,high
TXN-2000694,legit,,analyst_A,2026-08-09 01:02:33,low
TXN-2002325,legit,,analyst_B,2026-08-09 02:59:03,medium
TXN-2021028,legit,,analyst_A,2026-08-09 03:14:18,high
TXN-2002716,legit,,analyst_A,2026-08-09 04:54:24,high
TXN-2005858,legit,,analyst_A,2026-08-09 05:43:43,high
TXN-2022615,legit,,analyst_B,2026-08-09 07:08:53,low
TXN-2005188,legit,,analyst_A,2026-08-09 08:13:19,high
TXN-2009414,legit,,analyst_B,2026-08-09 09:41:42,medium
TXN-2003337,legit,,analyst_A,2026-08-09 10:07:04,high
TXN-2013901,legit,,analyst_B,2026-08-09 10:34:57,high
TXN-2000807,legit,,analyst_A,2026-08-09 11:18:09,medium
TXN-2024703,legit,,analyst_A,2026-08-09 11:45:00,medium
TXN-2006434,legit,,analyst_A,2026-08-09 13:43:33,medium
TXN-2012041,legit,,analyst_A,2026-08-09 14:54:04,high
TXN-2010367,legit,,analyst_A,2026-08-09 15:18:01,low
TXN-2022324,legit,,analyst_A,2026-08-09 16:50:21,low
TXN-2003269,legit,,analyst_A,2026-08-09 17:03:16,medium
TXN-2019938,legit,,analyst_A,2026-08-09 17:08:09,high
TXN-2017519,legit,,analyst_B,2026-08-09 17:42:28,medium
TXN-2015835,legit,,analyst_B,2026-08-09 18:08:42,high
TXN-2023011,legit,,analyst_A,2026-08-09 19:20:38,high
TXN-2015708,legit,,analyst_A,2026-08-09 20:13:18,medium
TXN-2008595,legit,,analyst_B,2026-08-09 20:54:36,high
TXN-2019999,legit,,analyst_A,2026-08-09 21:37:48,low
TXN-2001169,legit,,analyst_B,2026-08-09 21:44:07,medium
TXN-2003147,legit,,analyst_B,2026-08-09 22:10:54,high
TXN-2013645,legit,,analyst_B,2026-08-09 23:24:50,low
TXN-2022839,legit,,analyst_A,2026-08-10 02:00:02,high
TXN-2014469,legit,,analyst_B,2026-08-10 04:09:02,high
TXN-2023988,legit,,analyst_B,2026-08-10 04:59:57,medium
TXN-2015648,legit,,analyst_A,2026-08-10 05:13:23,low
TXN-2004308,legit,,analyst_A,2026-08-10 06:32:06,medium
TXN-2001239,legit,,analyst_B,2026-08-10 06:59:09,medium
TXN-2023175,legit,,analyst_A,2026-08-10 08:21:20,medium
TXN-2023433,legit,,analyst_B,2026-08-10 09:10:59,high
TXN-2019083,legit,,analyst_B,2026-08-10 09:28:27,high
TXN-2008451,legit,,analyst_B,2026-08-10 09:58:59,high
TXN-2006729,legit,,analyst_B,2026-08-10 11:03:04,medium
TXN-2014280,legit,,analyst_A,2026-08-10 11:09:32,medium
TXN-2008220,legit,,analyst_A,2026-08-10 12:07:52,high
TXN-2023778,legit,,analyst_A,2026-08-10 17:19:36,low
TXN-2013474,legit,,analyst_A,2026-08-10 18:36:32,medium
TXN-2019287,legit,,analyst_A,2026-08-10 18:55:17,low
TXN-2008914,legit,,analyst_B,2026-08-10 19:01:10,medium
TXN-2023879,legit,,analyst_A,2026-08-10 19:11:08,low
TXN-2020073,legit,,analyst_A,2026-08-10 20:31:19,medium
TXN-2021781,legit,,analyst_A,2026-08-10 21:00:07,high
TXN-2020730,legit,,analyst_B,2026-08-10 22:17:59,high
TXN-2009776,legit,,analyst_B,2026-08-10 22:27:43,medium
TXN-2000636,legit,,analyst_B,2026-08-10 22:41:45,medium
TXN-2012083,legit,,analyst_B,2026-08-10 22:45:54,low
TXN-2015842,legit,,analyst_A,2026-08-11 01:51:34,high
TXN-2013916,legit,,analyst_A,2026-08-11 02:15:34,medium
TXN-2018250,legit,,analyst_A,2026-08-11 03:10:24,high
TXN-2015825,legit,,analyst_B,2026-08-11 03:27:00,medium
TXN-2006916,legit,,analyst_A,2026-08-11 06:08:08,low
TXN-2017752,legit,,analyst_B,2026-08-11 06:24:12,high
TXN-2007118,legit,,analyst_B,2026-08-11 06:46:22,medium
TXN-2003285,legit,,analyst_A,2026-08-11 07:19:24,low
TXN-2009776,legit,,analyst_A,2026-08-11 10:27:43,high
TXN-2013079,legit,,analyst_A,2026-08-11 10:54:03,high
TXN-2008138,legit,,analyst_B,2026-08-11 11:22:25,high
TXN-2018061,legit,,analyst_B,2026-08-11 12:04:59,medium
TXN-2012648,legit,,analyst_A,2026-08-11 13:04:10,low
TXN-2018461,legit,,analyst_B,2026-08-11 13:46:55,medium
TXN-2010761,legit,,analyst_B,2026-08-11 14:36:16,medium
TXN-2002885,legit,,analyst_B,2026-08-11 16:10:45,medium
TXN-2014176,legit,,analyst_B,2026-08-11 16:19:56,low
TXN-2011125,legit,,analyst_A,2026-08-11 17:35:56,high
TXN-2001959,legit,,analyst_A,2026-08-11 18:17:36,high
TXN-2000184,legit,,analyst_B,2026-08-11 18:36:04,high
TXN-2020063,legit,,analyst_B,2026-08-11 19:19:22,high
TXN-2019861,legit,,analyst_A,2026-08-11 20:14:15,medium
TXN-2008161,legit,,analyst_B,2026-08-11 20:40:03,low
TXN-2014722,legit,,analyst_B,2026-08-11 21:21:53,high
TXN-2010117,legit,,analyst_A,2026-08-11 21:22:54,medium
TXN-2008562,legit,,analyst_B,2026-08-11 22:32:53,high
TXN-2002275,legit,,analyst_B,2026-08-12 03:42:11,medium
TXN-2013493,legit,,analyst_B,2026-08-12 04:46:46,medium
TXN-2001502,legit,,analyst_A,2026-08-12 06:52:11,high
TXN-2015240,legit,,analyst_B,2026-08-12 07:49:18,medium
TXN-2003634,legit,,analyst_A,2026-08-12 09:46:53,low
TXN-2003842,legit,,analyst_A,2026-08-12 11:42:56,high
TXN-2019830,legit,,analyst_B,2026-08-12 11:57:53,low
TXN-2002171,legit,,analyst_B,2026-08-12 12:22:51,low
TXN-2012007,legit,,analyst_A,2026-08-12 12:25:07,low
TXN-2003190,legit,,analyst_A,2026-08-12 14:07:01,low
TXN-2020227,legit,,analyst_B,2026-08-12 16:11:01,low
TXN-2016382,legit,,analyst_A,2026-08-12 18:25:55,low
TXN-2014867,legit,,analyst_B,2026-08-12 19:04:06,high
TXN-2006943,legit,,analyst_A,2026-08-12 21:15:35,medium
TXN-2003528,legit,,analyst_A,2026-08-12 21:20:39,medium
TXN-2022026,legit,,analyst_B,2026-08-12 21:21:06,high
TXN-2020584,legit,,analyst_B,2026-08-12 21:26:05,medium
TXN-2012006,legit,,analyst_A,2026-08-12 23:49:30,high
TXN-2015978,legit,,analyst_A,2026-08-13 00:44:54,medium
TXN-2009157,legit,,analyst_B,2026-08-13 01:14:43,high
TXN-2003913,legit,,analyst_B,2026-08-13 01:17:32,medium
TXN-2000169,legit,,analyst_B,2026-08-13 01:17:38,medium
TXN-2010775,legit,,analyst_B,2026-08-13 02:49:35,high
TXN-2004497,legit,,analyst_B,2026-08-13 04:36:00,high
TXN-2020652,legit,,analyst_B,2026-08-13 06:26:50,high
TXN-2010671,legit,,analyst_B,2026-08-13 07:09:26,low
TXN-2022046,legit,,analyst_B,2026-08-13 09:24:54,high
TXN-2002267,legit,,analyst_B,2026-08-13 09:59:28,low
TXN-2008892,legit,,analyst_B,2026-08-13 11:58:39,high
TXN-2017446,legit,,analyst_A,2026-08-13 14:42:16,low
TXN-2024155,legit,,analyst_A,2026-08-13 15:44:31,high
TXN-2004827,legit,,analyst_A,2026-08-13 16:36:22,low
TXN-2014818,legit,,analyst_B,2026-08-13 17:57:30,high
TXN-2002903,legit,,analyst_A,2026-08-13 18:50:04,medium
TXN-2023274,legit,,analyst_B,2026-08-13 21:17:49,high
TXN-2015586,legit,,analyst_A,2026-08-13 22:26:54,high
TXN-2011782,legit,,analyst_A,2026-08-14 00:47:42,high
TXN-2015520,legit,,analyst_A,2026-08-14 00:55:19,medium
TXN-2005850,legit,,analyst_A,2026-08-14 03:16:21,medium
TXN-2001953,legit,,analyst_A,2026-08-14 03:43:05,low
TXN-2013119,legit,,analyst_A,2026-08-14 09:15:10,medium
TXN-2021443,legit,,analyst_A,2026-08-14 11:25:12,low
TXN-2015148,legit,,analyst_B,2026-08-14 12:14:12,medium
TXN-2008480,legit,,analyst_B,2026-08-14 12:58:36,low
TXN-2001318,legit,,analyst_B,2026-08-14 13:53:04,medium
TXN-2012714,legit,,analyst_B,2026-08-14 14:09:42,high
TXN-2001031,legit,,analyst_A,2026-08-14 19:06:46,high
TXN-2002294,legit,,analyst_B,2026-08-14 20:28:53,low
TXN-2020060,legit,,analyst_A,2026-08-14 21:19:26,high
TXN-2020363,legit,,analyst_A,2026-08-14 22:06:37,medium
TXN-2007264,legit,,analyst_B,2026-08-14 22:16:59,high
TXN-2007036,legit,,analyst_B,2026-08-14 22:34:11,low
TXN-2007771,legit,,analyst_A,2026-08-14 23:08:09,medium
TXN-2011837,legit,,analyst_A,2026-08-14 23:39:21,high
TXN-2024289,legit,,analyst_B,2026-08-15 00:33:16,low
TXN-2023519,legit,,analyst_A,2026-08-15 01:34:38,medium
TXN-2024868,legit,,analyst_A,2026-08-15 02:07:44,medium
TXN-2015382,legit,,analyst_A,2026-08-15 02:15:57,high
TXN-2017013,legit,,analyst_B,2026-08-15 02:52:08,high
TXN-2003868,legit,,analyst_B,2026-08-15 03:51:01,medium
TXN-2008563,legit,,analyst_B,2026-08-15 10:07:36,low
TXN-2000231,legit,,analyst_B,2026-08-15 11:22:27,medium
TXN-2020497,legit,,analyst_A,2026-08-15 12:01:37,medium
TXN-2005329,legit,,analyst_A,2026-08-15 14:29:51,medium
TXN-2024723,legit,,analyst_A,2026-08-15 15:20:27,high
TXN-2018293,legit,,analyst_A,2026-08-15 17:28:35,high
TXN-2007361,legit,,analyst_A,2026-08-15 22:11:50,high
TXN-2024054,legit,,analyst_A,2026-08-15 23:31:07,medium
TXN-2005186,legit,,analyst_B,2026-08-15 23:53:50,medium
TXN-2018728,legit,,analyst_A,2026-08-16 00:37:11,high
TXN-2019432,legit,,analyst_A,2026-08-16 01:11:53,high
TXN-2000174,legit,,analyst_A,2026-08-16 04:15:52,low
TXN-2022068,legit,,analyst_A,2026-08-16 05:58:09,medium
TXN-2008165,legit,,analyst_B,2026-08-16 06:20:49,low
TXN-2023554,legit,,analyst_A,2026-08-16 06:42:47,medium
TXN-2017013,legit,,analyst_A,2026-08-16 06:52:08,high
TXN-2008673,legit,,analyst_B,2026-08-16 07:49:32,medium
TXN-2019141,legit,,analyst_A,2026-08-16 09:39:27,high
TXN-2013600,legit,,analyst_A,2026-08-16 10:36:37,high
TXN-2020599,legit,,analyst_A,2026-08-16 10:53:42,high
TXN-2016840,legit,,analyst_B,2026-08-16 11:32:23,high
TXN-2007746,legit,,analyst_A,2026-08-16 12:18:45,high
TXN-2021027,legit,,analyst_A,2026-08-16 13:11:03,medium
TXN-2016705,legit,,analyst_A,2026-08-16 14:19:23,medium
TXN-2010482,legit,,analyst_A,2026-08-16 15:19:20,low
TXN-2004920,legit,,analyst_A,2026-08-16 15:44:54,low
TXN-2009501,legit,,analyst_A,2026-08-16 16:22:10,low
TXN-2002016,legit,,analyst_B,2026-08-16 19:24:17,medium
TXN-2023915,legit,,analyst_B,2026-08-16 19:44:18,low
TXN-2013559,legit,,analyst_A,2026-08-16 20:28:32,high
TXN-2023153,legit,,analyst_A,2026-08-16 21:33:17,medium
TXN-2011719,legit,,analyst_B,2026-08-16 22:38:09,low
TXN-2007300,legit,,analyst_B,2026-08-16 23:22:04,medium
TXN-2002213,legit,,analyst_A,2026-08-17 00:47:47,medium
TXN-2001395,legit,,analyst_B,2026-08-17 01:18:40,high
TXN-2022155,legit,,analyst_A,2026-08-17 01:43:24,high
TXN-2021062,legit,,analyst_A,2026-08-17 02:33:28,high
TXN-2023615,legit,,analyst_B,2026-08-17 02:52:59,medium
TXN-2024475,legit,,analyst_A,2026-08-17 04:00:03,high
TXN-2013749,legit,,analyst_B,2026-08-17 04:15:40,low
TXN-2022953,legit,,analyst_A,2026-08-17 04:52:45,medium
TXN-2005060,legit,,analyst_B,2026-08-17 04:53:23,high
TXN-2014512,legit,,analyst_A,2026-08-17 06:03:17,low
TXN-2021379,legit,,analyst_B,2026-08-17 06:18:31,medium
TXN-2003808,legit,,analyst_B,2026-08-17 07:01:47,high
TXN-2017214,legit,,analyst_A,2026-08-17 07:16:46,medium
TXN-2020930,legit,,analyst_A,2026-08-17 08:29:20,high
TXN-2012186,legit,,analyst_A,2026-08-17 08:47:47,medium
TXN-2018657,legit,,analyst_A,2026-08-17 09:55:46,medium
TXN-2011191,legit,,analyst_A,2026-08-17 11:26:50,medium
TXN-2010978,legit,,analyst_B,2026-08-17 12:03:45,medium
TXN-2006645,legit,,analyst_A,2026-08-17 13:07:05,high
TXN-2006500,legit,,analyst_B,2026-08-17 13:18:41,low
TXN-2021689,legit,,analyst_A,2026-08-17 14:36:22,high
TXN-2018347,legit,,analyst_A,2026-08-17 15:20:54,high
TXN-2003857,legit,,analyst_B,2026-08-17 17:58:10,medium
TXN-2015919,legit,,analyst_A,2026-08-17 18:10:24,medium
TXN-2016581,legit,,analyst_A,2026-08-17 18:26:26,high
TXN-2008357,legit,,analyst_B,2026-08-17 18:28:19,high
TXN-2022442,legit,,analyst_A,2026-08-17 18:56:16,high
TXN-2002703,legit,,analyst_B,2026-08-17 19:03:43,medium
TXN-2021493,legit,,analyst_A,2026-08-17 22:21:10,medium
TXN-2017585,legit,,analyst_A,2026-08-17 22:27:48,medium
TXN-2023456,legit,,analyst_A,2026-08-17 22:31:27,high
TXN-2004077,legit,,analyst_A,2026-08-17 23:35:44,high
TXN-2005053,legit,,analyst_A,2026-08-18 00:03:24,low
TXN-2019519,legit,,analyst_B,2026-08-18 04:00:14,low
TXN-2022889,legit,,analyst_A,2026-08-18 04:38:01,medium
TXN-2002685,legit,,analyst_A,2026-08-18 06:25:57,medium
TXN-2008119,legit,,analyst_B,2026-08-18 07:47:26,medium
TXN-2016738,legit,,analyst_B,2026-08-18 08:07:42,high
TXN-2016874,legit,,analyst_A,2026-08-18 08:10:39,high
TXN-2020785,legit,,analyst_B,2026-08-18 08:16:08,medium
TXN-2000843,legit,,analyst_A,2026-08-18 09:05:40,medium
TXN-2012016,legit,,analyst_A,2026-08-18 09:11:22,medium
TXN-2017950,legit,,analyst_B,2026-08-18 14:36:02,medium
TXN-2000750,legit,,analyst_A,2026-08-18 14:49:01,medium
TXN-2011143,legit,,analyst_A,2026-08-18 15:17:04,low
TXN-2010806,legit,,analyst_B,2026-08-18 16:04:59,high
TXN-2008328,legit,,analyst_B,2026-08-18 18:27:57,high
TXN-2006660,legit,,analyst_A,2026-08-18 20:07:46,high
TXN-2012747,legit,,analyst_B,2026-08-18 20:09:04,low
TXN-2007382,legit,,analyst_B,2026-08-18 20:46:19,medium
TXN-2007305,legit,,analyst_B,2026-08-18 22:26:46,high
TXN-2012530,legit,,analyst_B,2026-08-18 23:12:12,medium
TXN-2013630,legit,,analyst_A,2026-08-18 23:27:33,high
TXN-2004028,legit,,analyst_A,2026-08-19 00:03:24,medium
TXN-2018619,legit,,analyst_B,2026-08-19 03:08:41,low
TXN-2012186,legit,,analyst_B,2026-08-19 04:47:47,medium
TXN-2016265,legit,,analyst_A,2026-08-19 09:54:38,high
TXN-2002213,legit,,analyst_B,2026-08-19 10:47:47,low
TXN-2012505,legit,,analyst_A,2026-08-19 11:54:00,medium
TXN-2023392,legit,,analyst_B,2026-08-19 12:15:29,medium
TXN-2013260,legit,,analyst_A,2026-08-19 15:47:35,high
TXN-2010008,legit,,analyst_A,2026-08-19 15:59:34,low
TXN-2013429,legit,,analyst_B,2026-08-19 17:59:56,low
TXN-2014731,legit,,analyst_A,2026-08-19 19:20:21,high
TXN-2010959,legit,,analyst_A,2026-08-19 20:57:04,medium
TXN-2017519,legit,,analyst_A,2026-08-19 22:42:28,medium
TXN-2017581,legit,,analyst_B,2026-08-20 00:13:27,low
TXN-2004007,legit,,analyst_A,2026-08-20 04:10:31,medium
TXN-2024762,legit,,analyst_A,2026-08-20 04:49:16,medium
TXN-2018534,legit,,analyst_A,2026-08-20 04:54:25,low
TXN-2010116,legit,,analyst_A,2026-08-20 05:49:20,high
TXN-2001299,legit,,analyst_A,2026-08-20 08:31:38,high
TXN-2010114,legit,,analyst_B,2026-08-20 09:10:50,medium
TXN-2001345,legit,,analyst_A,2026-08-20 10:35:12,low
TXN-2023768,legit,,analyst_A,2026-08-20 11:25:54,medium
TXN-2024351,legit,,analyst_A,2026-08-20 13:57:41,high
TXN-2016131,legit,,analyst_A,2026-08-20 16:54:11,low
TXN-2012414,legit,,analyst_A,2026-08-20 17:23:06,high
TXN-2004345,legit,,analyst_A,2026-08-20 18:37:55,high
TXN-2007234,legit,,analyst_A,2026-08-20 19:29:41,high
TXN-2021435,legit,,analyst_B,2026-08-20 19:33:10,low
TXN-2005383,legit,,analyst_A,2026-08-20 20:34:21,high
TXN-2016223,legit,,analyst_A,2026-08-20 21:34:10,high
TXN-2005932,legit,,analyst_A,2026-08-20 23:16:55,low
TXN-2018150,legit,,analyst_B,2026-08-21 00:35:00,high
TXN-2019799,legit,,analyst_A,2026-08-21 01:37:12,medium
TXN-2009345,legit,,analyst_A,2026-08-21 01:48:41,high
TXN-2004074,legit,,analyst_A,2026-08-21 06:25:47,high
TXN-2013984,legit,,analyst_B,2026-08-21 09:34:55,medium
TXN-2003106,legit,,analyst_B,2026-08-21 13:27:38,medium
TXN-2009996,legit,,analyst_B,2026-08-21 14:52:55,low
TXN-2014119,legit,,analyst_A,2026-08-21 14:58:23,medium
TXN-2008727,legit,,analyst_A,2026-08-21 15:23:49,medium
TXN-2024166,legit,,analyst_B,2026-08-21 15:37:06,medium
TXN-2003426,legit,,analyst_B,2026-08-21 19:30:28,medium
TXN-2011467,legit,,analyst_A,2026-08-21 19:53:44,medium
TXN-2022820,legit,,analyst_B,2026-08-21 20:05:39,low
TXN-2016600,legit,,analyst_A,2026-08-21 21:28:56,medium
TXN-2007411,legit,,analyst_A,2026-08-21 21:30:08,medium
TXN-2001002,legit,,analyst_A,2026-08-21 22:18:01,high
TXN-2001839,legit,,analyst_B,2026-08-21 22:33:41,high
TXN-2000242,legit,,analyst_B,2026-08-22 05:51:52,low
TXN-2003610,legit,,analyst_A,2026-08-22 09:09:31,high
TXN-2007806,legit,,analyst_B,2026-08-22 10:10:57,high
TXN-2008764,legit,,analyst_B,2026-08-22 12:55:25,high
TXN-2018069,legit,,analyst_B,2026-08-22 13:09:04,medium
TXN-2001923,legit,,analyst_B,2026-08-22 13:29:02,low
TXN-2019978,legit,,analyst_A,2026-08-22 14:23:46,low
TXN-2023422,legit,,analyst_B,2026-08-22 16:37:27,medium
TXN-2023687,legit,,analyst_A,2026-08-22 17:07:16,medium
TXN-2012883,legit,,analyst_A,2026-08-22 17:51:43,high
TXN-2003583,legit,,analyst_A,2026-08-22 19:44:59,medium
TXN-2024583,legit,,analyst_A,2026-08-22 20:44:04,high
TXN-2020083,legit,,analyst_A,2026-08-22 22:01:41,low
TXN-2019110,legit,,analyst_B,2026-08-22 22:31:37,medium
TXN-2007857,legit,,analyst_B,2026-08-22 23:04:29,high
TXN-2016831,legit,,analyst_A,2026-08-22 23:31:08,medium
TXN-2013459,legit,,analyst_A,2026-08-23 02:16:21,high
TXN-2000858,legit,,analyst_A,2026-08-23 02:33:11,high
TXN-2004278,legit,,analyst_A,2026-08-23 02:58:04,medium
TXN-2021246,legit,,analyst_A,2026-08-23 03:52:32,medium
TXN-2014737,legit,,analyst_A,2026-08-23 05:12:43,medium
TXN-2011736,legit,,analyst_B,2026-08-23 07:07:03,high
TXN-2001304,legit,,analyst_B,2026-08-23 08:19:19,high
TXN-2007045,legit,,analyst_A,2026-08-23 08:20:15,medium
TXN-2004371,legit,,analyst_A,2026-08-23 10:33:51,high
TXN-2023422,legit,,analyst_A,2026-08-23 12:37:27,medium
TXN-2015911,legit,,analyst_B,2026-08-23 13:19:39,high
TXN-2008033,legit,,analyst_B,2026-08-23 15:22:57,high
TXN-2010814,legit,,analyst_A,2026-08-23 17:01:56,high
TXN-2023151,legit,,analyst_A,2026-08-23 22:00:51,high
TXN-2011064,legit,,analyst_B,2026-08-24 02:28:16,medium
TXN-2010923,legit,,analyst_A,2026-08-24 02:37:07,high
TXN-2002116,legit,,analyst_A,2026-08-24 04:05:23,medium
TXN-2009683,legit,,analyst_B,2026-08-24 06:33:07,high
TXN-2011561,legit,,analyst_B,2026-08-24 09:11:14,high
TXN-2016702,legit,,analyst_A,2026-08-24 12:27:29,high
TXN-2001318,legit,,analyst_A,2026-08-24 15:53:04,high
TXN-2008927,legit,,analyst_B,2026-08-24 16:03:43,medium
TXN-2024833,legit,,analyst_B,2026-08-24 17:10:49,high
TXN-2006366,legit,,analyst_A,2026-08-24 17:20:57,high
TXN-2015954,legit,,analyst_A,2026-08-24 17:44:49,high
TXN-2020482,legit,,analyst_A,2026-08-24 18:18:20,high
TXN-2004034,legit,,analyst_B,2026-08-24 20:08:07,medium
TXN-2005692,legit,,analyst_A,2026-08-24 21:18:18,low
TXN-2006759,legit,,analyst_B,2026-08-25 01:12:51,medium
TXN-2023789,legit,,analyst_A,2026-08-25 01:33:25,high
TXN-2023566,legit,,analyst_B,2026-08-25 01:36:59,high
TXN-2005281,legit,,analyst_A,2026-08-25 06:20:52,low
TXN-2010450,legit,,analyst_A,2026-08-25 06:31:42,high
TXN-2010861,legit,,analyst_B,2026-08-25 06:35:34,high
TXN-2005234,legit,,analyst_A,2026-08-25 16:34:33,high
TXN-2000203,legit,,analyst_A,2026-08-25 18:24:52,high
TXN-2012458,legit,,analyst_B,2026-08-26 01:41:12,high
TXN-2019398,legit,,analyst_A,2026-08-26 02:10:15,low
TXN-2013678,legit,,analyst_A,2026-08-26 04:28:11,high
TXN-2017441,legit,,analyst_A,2026-08-26 06:31:42,medium
TXN-2024479,legit,,analyst_A,2026-08-26 06:36:08,medium
TXN-2007848,legit,,analyst_A,2026-08-26 07:08:58,low
TXN-2010814,legit,,analyst_B,2026-08-26 10:01:56,high
TXN-2003045,legit,,analyst_A,2026-08-26 11:41:58,medium
TXN-2001161,legit,,analyst_A,2026-08-26 11:46:19,high
TXN-2023429,legit,,analyst_A,2026-08-26 11:57:42,medium
TXN-2007611,legit,,analyst_A,2026-08-26 14:34:14,high
TXN-2015176,legit,,analyst_B,2026-08-26 16:31:05,medium
TXN-2007658,legit,,analyst_A,2026-08-26 17:38:39,medium
TXN-2019967,legit,,analyst_A,2026-08-26 18:00:41,low
TXN-2003329,legit,,analyst_A,2026-08-26 18:46:14,high
TXN-2010114,legit,,analyst_A,2026-08-26 23:10:50,high
TXN-2015411,legit,,analyst_A,2026-08-27 07:13:47,high
TXN-2007861,legit,,analyst_A,2026-08-27 07:37:59,high
TXN-2013564,fraud,sim_swap,analyst_B,2026-08-27 11:44:50,high
TXN-2010065,legit,,analyst_A,2026-08-27 17:54:48,low
TXN-2019094,legit,,analyst_B,2026-08-27 18:05:06,high
TXN-2013564,legit,,analyst_A,2026-08-27 18:44:50,medium
TXN-2000247,legit,,analyst_B,2026-08-27 19:26:00,medium
TXN-2000422,legit,,analyst_B,2026-08-28 01:08:01,high
TXN-2003575,legit,,analyst_A,2026-08-28 04:05:44,medium
TXN-2023687,legit,,analyst_B,2026-08-28 06:07:16,medium
TXN-2012312,legit,,analyst_B,2026-08-28 08:13:09,high
TXN-2003686,legit,,analyst_A,2026-08-28 09:47:40,low
TXN-2015409,legit,,analyst_A,2026-08-28 11:25:37,high
TXN-2014043,legit,,analyst_B,2026-08-28 12:51:13,high
TXN-2004566,legit,,analyst_B,2026-08-28 18:43:45,medium
TXN-2000113,legit,,analyst_B,2026-08-28 18:54:43,medium
TXN-2012477,legit,,analyst_B,2026-08-28 22:54:57,medium
TXN-2013418,legit,,analyst_A,2026-08-29 05:54:42,high
TXN-2006705,legit,,analyst_B,2026-08-29 06:38:28,high
TXN-2002708,legit,,analyst_A,2026-08-29 09:51:41,high
TXN-2018888,legit,,analyst_B,2026-08-29 11:17:56,high
TXN-2008831,legit,,analyst_B,2026-08-29 12:40:40,medium
TXN-2011612,legit,,analyst_A,2026-08-29 13:25:06,high
TXN-2002362,legit,,analyst_B,2026-08-29 13:57:06,high
TXN-2005927,legit,,analyst_A,2026-08-29 17:12:42,medium
TXN-2011222,legit,,analyst_A,2026-08-29 22:12:15,low
TXN-2015496,legit,,analyst_A,2026-08-29 23:53:54,high
TXN-2013407,legit,,analyst_B,2026-08-30 03:36:10,medium
TXN-2000668,legit,,analyst_A,2026-08-30 04:55:04,high
TXN-2002849,legit,,analyst_B,2026-08-30 14:16:24,low
TXN-2007816,legit,,analyst_B,2026-08-30 14:47:17,medium
TXN-2024541,fraud,merchant_collusion,analyst_A,2026-08-30 15:13:28,medium
TXN-2016027,legit,,analyst_B,2026-08-30 15:23:24,low
TXN-2003669,legit,,analyst_A,2026-08-30 19:00:42,high
TXN-2007642,legit,,analyst_A,2026-08-30 20:22:37,medium
TXN-2008553,legit,,analyst_A,2026-08-30 20:23:20,high
TXN-2024541,legit,,analyst_B,2026-08-30 21:13:28,low
TXN-2017938,legit,,analyst_B,2026-08-30 23:27:58,medium
TXN-2006570,legit,,analyst_A,2026-08-31 07:33:52,high
TXN-2001382,legit,,analyst_A,2026-08-31 08:38:08,high
TXN-2010403,legit,,analyst_A,2026-08-31 10:10:29,high
TXN-2012138,legit,,analyst_A,2026-08-31 13:51:23,high
TXN-2006636,legit,,analyst_A,2026-08-31 15:43:18,medium
TXN-2013352,legit,,analyst_B,2026-08-31 16:07:20,high
TXN-2018802,legit,,analyst_A,2026-08-31 16:09:06,high
TXN-2007876,legit,,analyst_A,2026-08-31 17:17:54,medium
TXN-2003351,legit,,analyst_A,2026-08-31 20:22:13,low
TXN-2015630,legit,,analyst_B,2026-09-01 08:10:10,medium
TXN-2013522,legit,,analyst_B,2026-09-01 09:43:01,high
TXN-2008123,legit,,analyst_A,2026-09-01 14:08:28,high
TXN-2007876,legit,,analyst_B,2026-09-01 15:17:54,high
TXN-2023765,legit,,analyst_A,2026-09-01 15:35:10,medium
TXN-2024367,legit,,analyst_A,2026-09-01 21:00:50,low
TXN-2024893,legit,,analyst_B,2026-09-02 13:38:09,high
TXN-2004702,legit,,analyst_B,2026-09-02 22:15:29,high
TXN-2013932,legit,,analyst_A,2026-09-03 04:41:33,medium
TXN-2000467,legit,,analyst_A,2026-09-03 13:52:16,medium
TXN-2018752,legit,,analyst_A,2026-09-03 20:20:09,low
TXN-2018717,legit,,analyst_A,2026-09-04 19:09:37,medium
TXN-2022182,legit,,analyst_A,2026-09-05 00:22:41,medium
TXN-2023011,legit,,analyst_B,2026-09-05 02:20:38,medium
TXN-2012007,legit,,analyst_B,2026-09-05 06:25:07,medium
TXN-2006344,legit,,analyst_A,2026-09-05 09:59:53,medium
TXN-2002016,legit,,analyst_A,2026-09-06 09:24:17,medium
TXN-2002197,legit,,analyst_A,2026-09-06 20:40:44,high
TXN-2021367,legit,,analyst_B,2026-09-07 06:48:47,high
